<lensdatabase version="1">
    <camera>
        <maker>Olympus Corporation</maker>
        <maker lang="en">Olympus</maker>
        <model>C8080WZ</model>
        <model lang="en">C-8080 Wide Zoom</model>
        <mount>olympus8080</mount>
        <cropfactor>3.933</cropfactor>
    </camera>
    <camera>
        <maker>Olympus Imaging Corp.</maker>
        <maker lang="en">Olympus</maker>
        <model>u-miniD,Stylus V</model>
        <model lang="en">µ-mini Digital</model>
        <mount>olympusStylusV</mount>
        <cropfactor>6.0</cropfactor>
    </camera>
    <camera>
        <maker>Olympus Imaging Corp.</maker>
        <maker lang="en">Olympus</maker>
        <model>u-miniD,Stylus V</model>
        <model lang="en">Stylus Verve Digital</model>
        <!-- The following line is necessary so that Lensfun regards this as an
             enry of its own. -->
        <variant>variant of the µ-mini Digital</variant>
        <mount>olympusStylusV</mount>
        <cropfactor>6.0</cropfactor>
    </camera>
    <camera>
        <maker>Olympus Imaging Corp.</maker>
        <maker lang="en">Olympus</maker>
        <model>C70Z,C7000Z</model>
        <model lang="en">C-70 Zoom, C-7000 Zoom</model>
        <mount>olympus7000</mount>
        <cropfactor>4.8</cropfactor>
    </camera>
    <camera>
        <maker>Olympus Optical Co.,Ltd</maker>
        <maker lang="en">Olympus</maker>
        <model>C4100Z,C4000Z</model>
        <model lang="en">C-4000 Zoom, C-4100 Zoom</model>
        <mount>olympus4000</mount>
        <cropfactor>4.92</cropfactor>
    </camera>
    <camera>
        <maker>Olympus Optical Co.,Ltd</maker>
        <maker lang="en">Olympus</maker>
        <model>X-2,C-50Z</model>
        <model lang="en">X-2</model>
        <mount>olympusC50</mount>
        <cropfactor>4.9</cropfactor>
    </camera>
    <camera>
        <maker>Olympus Optical Co.,Ltd</maker>
        <maker lang="en">Olympus</maker>
        <model>X-2,C-50Z</model>
        <model lang="en">C-50 Zoom</model>
        <!-- The following line is necessary so that Lensfun regards this as an
             enry of its own. -->
        <variant>variant of the X-2</variant>
        <mount>olympusC50</mount>
        <cropfactor>4.9</cropfactor>
    </camera>
    <camera>
        <maker>Olympus Optical Co.,Ltd</maker>
        <maker lang="en">Olympus</maker>
        <model>C750UZ</model>
        <model lang="en">C-750 Ultra Zoom</model>
        <mount>olympus750</mount>
        <cropfactor>6.03</cropfactor>
    </camera>
    <camera>
        <maker>Olympus Optical Co.,Ltd</maker>
        <maker lang="en">Olympus</maker>
        <model>C730UZ</model>
        <model lang="en">C-730 Ultra Zoom</model>
        <mount>olympus700</mount>
        <cropfactor>6.52</cropfactor>
    </camera>
    <camera>
        <maker>Olympus Optical Co.,Ltd</maker>
        <maker lang="en">Olympus</maker>
        <model>C700UZ</model>
        <model lang="en">C-700 Ultra Zoom</model>
        <mount>olympus700</mount>
        <cropfactor>6.52</cropfactor>
    </camera>
    <camera>
        <maker>Olympus Imaging Corp.</maker>
        <maker lang="en">Olympus</maker>
        <model>C7070WZ</model>
        <model lang="en">C-7070 Wide Zoom</model>
        <mount>olympus5060</mount>
        <cropfactor>4.930</cropfactor>
    </camera>
    <camera>
        <maker>Olympus Corporation</maker>
        <maker lang="en">Olympus</maker>
        <model>C5060WZ</model>
        <model lang="en">C-5060 Wide Zoom</model>
        <mount>olympus5060</mount>
        <cropfactor>4.930</cropfactor>
    </camera>
    <camera>
        <maker>Olympus Optical Co.,Ltd</maker>
        <maker lang="en">Olympus</maker>
        <model>C5050Z</model>
        <model lang="en">C-5050 Zoom</model>
        <mount>olympus2040</mount>
        <cropfactor>4.930</cropfactor>
    </camera>
    <camera>
        <maker>Olympus Optical Co.,Ltd</maker>
        <maker lang="en">Olympus</maker>
        <model>C4040Z</model>
        <model lang="en">C-4040 Zoom</model>
        <mount>olympus2040</mount>
        <cropfactor>4.930</cropfactor>
    </camera>
    <camera>
        <maker>Olympus Optical Co.,Ltd</maker>
        <maker lang="en">Olympus</maker>
        <model>C3040Z</model>
        <model lang="en">C-3040 Zoom</model>
        <mount>olympus2040</mount>
        <cropfactor>4.930</cropfactor>
    </camera>
    <camera>
        <maker>Olympus Optical Co.,Ltd</maker>
        <maker lang="en">Olympus</maker>
        <model>C2040Z</model>
        <model lang="en">C-2040 Zoom</model>
        <mount>olympus2040</mount>
        <cropfactor>4.930</cropfactor>
    </camera>
    <camera>
        <maker>Olympus Optical Co.,Ltd</maker>
        <maker lang="en">Olympus</maker>
        <model>C860L,D360L</model>
        <model lang="en">C-860L</model>
        <mount>olympusC860</mount>
        <cropfactor>6.563</cropfactor>
    </camera>
    <camera>
        <maker>Olympus Optical Co.,Ltd</maker>
        <maker lang="en">Olympus</maker>
        <model>C860L,D360L</model>
        <model lang="en">D-360L</model>
        <!-- The following line is necessary so that Lensfun regards this as an
             enry of its own. -->
        <variant>variant of the C-860L</variant>
        <mount>olympusC860</mount>
        <cropfactor>6.563</cropfactor>
    </camera>
    <camera>
        <maker>Olympus</maker>
        <model>mju-II</model>
        <model lang="en">µ-II</model>
        <mount>olympusEpic</mount>
        <cropfactor>1</cropfactor>
    </camera>
    <camera>
        <maker>Olympus</maker>
        <model>Stylus Epic</model>
        <mount>olympusEpic</mount>
        <cropfactor>1</cropfactor>
    </camera>
    <camera>
        <maker>Olympus Imaging Corp.</maker>
        <maker lang="en">Olympus</maker>
        <model>SP350</model>
        <model lang="en">SP-350</model>
        <mount>olympusSP350</mount>
        <cropfactor>4.8</cropfactor>
    </camera>
    <camera>
        <maker>Olympus Imaging Corp.</maker>
        <maker lang="en">Olympus</maker>
        <model>SP500UZ</model>
        <model lang="en">SP-500 Ultra Zoom</model>
        <mount>olympusSP500</mount>
        <cropfactor>6.0</cropfactor>
    </camera>
    <camera>
        <maker>Olympus Imaging Corp.</maker>
        <maker lang="en">Olympus</maker>
        <model>SP560UZ</model>
        <model lang="en">SP-560 Ultra Zoom</model>
        <mount>olympusSP560</mount>
        <cropfactor>5.8</cropfactor>
    </camera>
    <camera>
        <maker>Olympus Imaging Corp.</maker>
        <maker lang="en">Olympus</maker>
        <model>XZ-1</model>
        <mount>olympusxz1</mount>
        <cropfactor>4.68</cropfactor>
    </camera>
    <camera>
        <maker>Olympus Imaging Corp.</maker>
        <maker lang="en">Olympus</maker>
        <model>XZ-2</model>
        <mount>olympusxz1</mount>
        <cropfactor>4.68</cropfactor>
    </camera>
    <camera>
        <maker>Olympus Imaging Corp.</maker>
        <maker lang="en">Olympus</maker>
        <model>Stylus1</model>
        <model lang="en">Stylus 1</model>
        <mount>olympusStylus1</mount>
        <cropfactor>4.67</cropfactor>
    </camera>
    <camera>
        <!-- This is an alias of the previous entry.  The new firmware of the
             Stylus 1 even identifies the Stylus 1 as "Stylus 1,1s". -->
        <maker>Olympus Imaging Corp.</maker>
        <maker lang="en">Olympus</maker>
        <model>Stylus1,1s</model>
        <model lang="en">Stylus 1, 1s</model>
        <mount>olympusStylus1</mount>
        <cropfactor>4.67</cropfactor>
    </camera>
    <camera>
        <maker>Olympus Corporation</maker>
        <maker lang="en">Olympus</maker>
        <model>TG-1</model>
        <model lang="en">Stylus TG-1</model>
        <mount>olympusStylusTG4</mount>
        <cropfactor>5.56</cropfactor>
    </camera>
    <camera>
        <maker>Olympus Corporation</maker>
        <maker lang="en">Olympus</maker>
        <model>TG-2</model>
        <model lang="en">Stylus TG-2</model>
        <mount>olympusStylusTG4</mount>
        <cropfactor>5.56</cropfactor>
    </camera>
    <camera>
        <maker>Olympus Corporation</maker>
        <maker lang="en">Olympus</maker>
        <model>TG-3</model>
        <model lang="en">Stylus TG-3</model>
        <mount>olympusStylusTG4</mount>
        <cropfactor>5.56</cropfactor>
    </camera>
    <camera>
        <maker>Olympus Corporation</maker>
        <maker lang="en">Olympus</maker>
        <model>TG-4</model>
        <model lang="en">Stylus TG-4</model>
        <mount>olympusStylusTG4</mount>
        <cropfactor>5.56</cropfactor>
    </camera>
    <lens>
        <maker>Olympus</maker>
        <model>C8080WZ &amp; compatibles (Standard)</model>
        <model lang="en">fixed lens</model>
        <model lang="de">festes Objektiv</model>
        <mount>olympus8080</mount>
        <cropfactor>3.933</cropfactor>
        <aspect-ratio>4:3</aspect-ratio>
        <calibration>
            <distortion model="ptlens" focal="7.1" a="0.013182" b="-0.036019" c="0"/>
            <distortion model="ptlens" focal="8.4" a="0.007334" b="-0.017216" c="0"/>
            <distortion model="ptlens" focal="10.7" a="0.001287" b="0.004729" c="0"/>
            <distortion model="ptlens" focal="11.9" a="0.006157" b="-0.005368" c="0"/>
            <distortion model="ptlens" focal="15.8" a="0.001207" b="0.003221" c="0"/>
            <distortion model="ptlens" focal="20.6" a="0.003286" b="0.001466" c="0"/>
            <distortion model="ptlens" focal="27.1" a="0.004701" b="-0.005662" c="0"/>
            <distortion model="ptlens" focal="31.9" a="-0.00563" b="0.017601" c="0"/>
            <distortion model="ptlens" focal="35.6" a="0.013081" b="-0.014879" c="0"/>
        </calibration>
    </lens>
    <lens>
        <maker>Olympus</maker>
        <model>Stylus V &amp; compatibles (Standard)</model>
        <model lang="en">fixed lens</model>
        <model lang="de">festes Objektiv</model>
        <mount>olympusStylusV</mount>
        <cropfactor>6.0</cropfactor>
        <aspect-ratio>4:3</aspect-ratio>
        <calibration>
            <distortion model="poly3" focal="5.95" k1="-0.015907"/>
            <distortion model="poly3" focal="6.76" k1="-0.01018"/>
            <distortion model="poly3" focal="8.02" k1="-0.005811"/>
            <distortion model="poly3" focal="9.34" k1="-0.004323"/>
            <distortion model="poly3" focal="10.65" k1="-0.002622"/>
            <distortion model="poly3" focal="11.52" k1="-0.001258"/>
        </calibration>
    </lens>
    <lens>
        <maker>Olympus</maker>
        <model>C7000Z &amp; compatibles (Standard)</model>
        <model lang="en">fixed lens</model>
        <model lang="de">festes Objektiv</model>
        <mount>olympus7000</mount>
        <cropfactor>4.8</cropfactor>
        <aspect-ratio>4:3</aspect-ratio>
        <calibration>
            <distortion model="ptlens" focal="7.9" a="0.008728" b="-0.032692" c="0"/>
            <distortion model="ptlens" focal="10.4" a="0.004014" b="-0.012678" c="0"/>
            <distortion model="ptlens" focal="11.2" a="0.000366" b="-0.004663" c="0"/>
            <distortion model="ptlens" focal="12.1" a="0" b="-0.002819" c="0"/>
            <distortion model="ptlens" focal="14.3" a="0" b="-0.002892" c="0"/>
            <distortion model="ptlens" focal="17.1" a="0" b="-0.002579" c="0"/>
            <distortion model="ptlens" focal="18.7" a="0" b="-0.002406" c="0"/>
            <distortion model="ptlens" focal="22.3" a="0" b="-0.000464" c="0"/>
            <distortion model="ptlens" focal="31.3" a="0" b="0.005551" c="0"/>
            <distortion model="ptlens" focal="39.5" a="0" b="0.00644" c="0"/>
        </calibration>
    </lens>
    <lens>
        <maker>Olympus</maker>
        <model>C4000Z &amp; compatibles (Standard)</model>
        <model lang="en">fixed lens</model>
        <model lang="de">festes Objektiv</model>
        <mount>olympus4000</mount>
        <cropfactor>4.92</cropfactor>
        <aspect-ratio>4:3</aspect-ratio>
        <calibration>
            <distortion model="ptlens" focal="6.8" a="0.021642" b="-0.049919" c="0"/>
            <distortion model="ptlens" focal="7.3" a="0.019191" b="-0.041291" c="0"/>
            <distortion model="ptlens" focal="7.7" a="0.016704" b="-0.034647" c="0"/>
            <distortion model="ptlens" focal="8.5" a="0.007519" b="-0.013786" c="0"/>
            <distortion model="ptlens" focal="9.6" a="0.010265" b="-0.014702" c="0"/>
            <distortion model="ptlens" focal="11.5" a="0.008528" b="-0.008361" c="0"/>
            <distortion model="ptlens" focal="13.9" a="0.007456" b="-0.006165" c="0"/>
            <distortion model="ptlens" focal="14.8" a="0" b="0.006037" c="0"/>
            <distortion model="ptlens" focal="19.1" a="0" b="0.004666" c="0"/>
        </calibration>
    </lens>
    <lens>
        <maker>Olympus</maker>
        <model>C4000Z &amp; compatibles, with A-28 iS/L converter</model>
        <model lang="en">fixed lens, with A-28 iS/L converter</model>
        <model lang="de">festes Objektiv, mit A-28 iS/L-Konverter</model>
        <mount>olympus4000</mount>
        <cropfactor>4.92</cropfactor>
        <aspect-ratio>4:3</aspect-ratio>
        <calibration>
            <distortion model="ptlens" focal="6.8" a="0.033" b="-0.072996" c="0"/>
            <distortion model="ptlens" focal="8.5" a="0.018055" b="-0.035714" c="0"/>
            <distortion model="ptlens" focal="9.6" a="0.011346" b="-0.019011" c="0"/>
            <distortion model="ptlens" focal="10.7" a="0" b="0.005155" c="0"/>
            <distortion model="ptlens" focal="12" a="0" b="0.005255" c="0"/>
            <distortion model="ptlens" focal="13.1" a="0" b="0.005363" c="0"/>
            <distortion model="ptlens" focal="14.8" a="0" b="0.004901" c="0"/>
            <distortion model="ptlens" focal="19.9" a="0" b="0.004447" c="0"/>
        </calibration>
    </lens>
    <lens>
        <maker>Olympus</maker>
        <model>C-50Z &amp; compatibles (Standard)</model>
        <model lang="en">fixed lens</model>
        <model lang="de">festes Objektiv</model>
        <mount>olympusC50</mount>
        <cropfactor>4.9</cropfactor>
        <aspect-ratio>4:3</aspect-ratio>
        <calibration>
            <distortion model="poly3" focal="7.8" k1="-0.013352"/>
            <distortion model="poly3" focal="9.04" k1="-0.011264"/>
            <distortion model="poly3" focal="10.59" k1="-0.008279"/>
            <distortion model="poly3" focal="12.36" k1="-0.004946"/>
            <distortion model="poly3" focal="18.83" k1="-0.002577"/>
            <distortion model="poly3" focal="21.64" k1="-0.001835"/>
            <distortion model="poly3" focal="23.4" k1="-0.001201"/>
        </calibration>
    </lens>
    <lens>
        <maker>Olympus</maker>
        <model>C750UZ &amp; compatibles (Standard)</model>
        <model lang="en">fixed lens</model>
        <model lang="de">festes Objektiv</model>
        <mount>olympus750</mount>
        <cropfactor>6.03</cropfactor>
        <aspect-ratio>4:3</aspect-ratio>
        <calibration>
            <distortion model="ptlens" focal="6.3" a="0.014396" b="-0.03198" c="0"/>
            <distortion model="ptlens" focal="8.6" a="0.004455" b="-0.008915" c="0"/>
            <distortion model="ptlens" focal="10.4" a="0.000123" b="-0.001324" c="0"/>
            <distortion model="ptlens" focal="12.1" a="0" b="0" c="0"/>
            <distortion model="ptlens" focal="52.4" a="0" b="0" c="0"/>
            <distortion model="ptlens" focal="57.1" a="0" b="0.001557" c="0"/>
            <distortion model="ptlens" focal="63" a="0" b="0.004464" c="0"/>
        </calibration>
    </lens>
    <lens>
        <maker>Olympus</maker>
        <model>C700UZ &amp; compatibles (Standard)</model>
        <model lang="en">fixed lens</model>
        <model lang="de">festes Objektiv</model>
        <mount>olympus700</mount>
        <cropfactor>6.52</cropfactor>
        <aspect-ratio>4:3</aspect-ratio>
        <calibration>
            <distortion model="ptlens" focal="5.9" a="0.02035" b="-0.054079" c="0"/>
            <distortion model="ptlens" focal="6.9" a="0.014877" b="-0.033764" c="0"/>
            <distortion model="ptlens" focal="10" a="0.008152" b="-0.016493" c="0"/>
            <distortion model="ptlens" focal="13.7" a="0" b="-0.001382" c="0"/>
            <distortion model="ptlens" focal="17.3" a="0" b="-0.002491" c="0"/>
            <distortion model="ptlens" focal="23.7" a="0" b="-0.002448" c="0"/>
            <distortion model="ptlens" focal="32.4" a="0" b="-0.004102" c="0"/>
            <distortion model="ptlens" focal="58" a="0" b="-0" c="0"/>
        </calibration>
    </lens>
    <lens>
        <maker>Olympus</maker>
        <model>C2040Z &amp; compatibles (Standard)</model>
        <model lang="en">fixed lens</model>
        <model lang="de">festes Objektiv</model>
        <mount>olympus2040</mount>
        <cropfactor>4.930</cropfactor>
        <aspect-ratio>4:3</aspect-ratio>
        <calibration>
            <distortion model="ptlens" focal="7.1" a="0.018282" b="-0.052125" c="0"/>
            <distortion model="ptlens" focal="7.9" a="0.019487" b="-0.050797" c="0"/>
            <distortion model="ptlens" focal="8.2" a="0.012667" b="-0.033455" c="0"/>
            <distortion model="ptlens" focal="8.4" a="0.007855" b="-0.023699" c="0"/>
            <distortion model="ptlens" focal="8.7" a="0.012867" b="-0.032007" c="0"/>
            <distortion model="ptlens" focal="9.3" a="0.000566" b="-0.004599" c="0"/>
            <distortion model="ptlens" focal="11.9" a="0.007423" b="-0.014208" c="0"/>
            <distortion model="ptlens" focal="13.2" a="-0.002075" b="0.005545" c="0"/>
            <distortion model="ptlens" focal="15" a="-0.004884" b="0.014178" c="0"/>
            <distortion model="ptlens" focal="17.6" a="-0.013836" b="0.033711" c="0"/>
            <distortion model="ptlens" focal="21.3" a="0.000657" b="0.002024" c="0"/>
        </calibration>
    </lens>
    <lens>
        <maker>Olympus</maker>
        <model>C2040Z &amp; compatibles, with WCON-08B</model>
        <model lang="en">fixed lens, with WCON-08B</model>
        <model lang="de">festes Objektiv, mit WCON-08B</model>
        <mount>olympus2040</mount>
        <cropfactor>4.930</cropfactor>
        <aspect-ratio>4:3</aspect-ratio>
        <calibration>
            <distortion model="ptlens" focal="7.1" a="0.027465" b="-0.07362" c="0"/>
            <distortion model="ptlens" focal="7.9" a="0.012773" b="-0.036148" c="0"/>
            <distortion model="ptlens" focal="8.7" a="0.019964" b="-0.047659" c="0"/>
            <distortion model="ptlens" focal="9" a="0.010697" b="-0.028343" c="0"/>
            <distortion model="ptlens" focal="10.5" a="0.004591" b="-0.013381" c="0"/>
            <distortion model="ptlens" focal="11.9" a="0.01083" b="-0.021339" c="0"/>
            <distortion model="ptlens" focal="13.2" a="0.005054" b="-0.010225" c="0"/>
            <distortion model="ptlens" focal="14.5" a="0.001686" b="-0.001529" c="0"/>
            <distortion model="ptlens" focal="16.9" a="-0.002782" b="0.008112" c="0"/>
            <distortion model="ptlens" focal="17.6" a="0.000679" b="0.001663" c="0"/>
            <distortion model="ptlens" focal="21.3" a="0.004686" b="-0.008143" c="0"/>
        </calibration>
    </lens>
    <lens>
        <maker>Olympus</maker>
        <model>C5060WZ &amp; compatibles (Standard)</model>
        <model lang="en">fixed lens</model>
        <model lang="de">festes Objektiv</model>
        <mount>olympus5060</mount>
        <cropfactor>4.843</cropfactor>
        <aspect-ratio>4:3</aspect-ratio>
        <calibration>
            <distortion model="ptlens" focal="5.7" a="0" b="-0.004736" c="-0.025632"/>
            <distortion model="ptlens" focal="7.3" a="0" b="-0.001423" c="-0.032997"/>
            <distortion model="ptlens" focal="8.6" a="0" b="-0.043809" c="0.067939"/>
            <distortion model="ptlens" focal="10" a="0" b="-0.010586" c="0.000919"/>
            <distortion model="ptlens" focal="11.8" a="0" b="-0.007287" c="0.002822"/>
            <distortion model="ptlens" focal="12.8" a="0" b="-0.007539" c="-0.014107"/>
            <distortion model="ptlens" focal="13.4" a="0" b="-0.015426" c="0.0202"/>
            <distortion model="ptlens" focal="14.5" a="0" b="-0.011352" c="0.021863"/>
            <distortion model="ptlens" focal="15.8" a="0" b="-0.000188" c="-0.010549"/>
            <distortion model="ptlens" focal="18.9" a="0" b="-0.009209" c="0.013324"/>
            <distortion model="ptlens" focal="20.4" a="0" b="0" c="0"/>
            <distortion model="ptlens" focal="22.9" a="0" b="0" c="0"/>
        </calibration>
    </lens>
    <lens>
        <maker>Olympus</maker>
        <model>C860L &amp; compatibles (Standard)</model>
        <model lang="en">fixed lens</model>
        <model lang="de">festes Objektiv</model>
        <mount>olympusC860</mount>
        <cropfactor>6.563</cropfactor>
        <aspect-ratio>4:3</aspect-ratio>
        <calibration>
            <distortion model="ptlens" focal="5.5" a="0.01115" b="-0.029245" c="0"/>
        </calibration>
    </lens>
    <lens>
        <maker>Olympus</maker>
        <model>Stylus Epic &amp; compatibles (Standard)</model>
        <model lang="en">fixed lens</model>
        <model lang="de">festes Objektiv</model>
        <mount>olympusEpic</mount>
        <cropfactor>1</cropfactor>
        <aspect-ratio>3:2</aspect-ratio>
        <calibration>
            <distortion model="ptlens" focal="35" a="-0.01247" b="0.027098" c="0"/>
        </calibration>
    </lens>
    <lens>
        <maker>Olympus</maker>
        <model>XZ-1 &amp; compatibles (Standard)</model>
        <model lang="en">fixed lens</model>
        <model lang="de">festes Objektiv</model>
        <mount>olympusxz1</mount>
        <focal min="6" max="24"/>
        <aperture min="1.8" max="8"/>
        <cropfactor>4.68</cropfactor>
        <aspect-ratio>4:3</aspect-ratio>
        <calibration>
            <distortion model="ptlens" focal="6" a="0.01604" b="-0.05047" c="0"/>
            <distortion model="ptlens" focal="6.5" a="0.01062" b="-0.03568" c="0"/>
            <distortion model="ptlens" focal="6.9" a="0.01005" b="-0.032" c="0"/>
            <distortion model="ptlens" focal="7.4" a="0.0093" b="-0.02656" c="0"/>
            <distortion model="ptlens" focal="8.2" a="0.0054" b="-0.01759" c="0"/>
            <distortion model="ptlens" focal="9" a="0.0039" b="-0.01169" c="0"/>
            <distortion model="ptlens" focal="9.9" a="0.00681" b="-0.01404" c="0"/>
            <distortion model="ptlens" focal="10.8" a="0.00403" b="-0.00779" c="0"/>
            <distortion model="ptlens" focal="11.8" a="0.00045" b="-0.00198" c="0"/>
            <distortion model="ptlens" focal="12.9" a="-0.00279" b="0.00569" c="0"/>
            <distortion model="ptlens" focal="14.1" a="0.00656" b="-0.01053" c="0"/>
            <distortion model="ptlens" focal="15.3" a="0.00245" b="-0.00075" c="0"/>
            <distortion model="ptlens" focal="16.6" a="0.00104" b="0.00264" c="0"/>
            <distortion model="ptlens" focal="18.2" a="0.00146" b="0.00052" c="0"/>
            <distortion model="ptlens" focal="19.8" a="0.00166" b="0.00164" c="0"/>
            <distortion model="ptlens" focal="21.6" a="0.00064" b="0.00348" c="0"/>
            <distortion model="ptlens" focal="24" a="0.00074" b="0.0032" c="0"/>
            <vignetting model="pa" focal="6" aperture="1.8" distance="10" k1="-0.2032" k2="-0.2235" k3="-0.0230"/>
            <vignetting model="pa" focal="6" aperture="1.8" distance="1000" k1="-0.2032" k2="-0.2235" k3="-0.0230"/>
            <vignetting model="pa" focal="6" aperture="2.8" distance="10" k1="-0.1922" k2="-0.0942" k3="0.0504"/>
            <vignetting model="pa" focal="6" aperture="2.8" distance="1000" k1="-0.1922" k2="-0.0942" k3="0.0504"/>
            <vignetting model="pa" focal="6" aperture="4" distance="10" k1="-0.1690" k2="-0.1739" k3="0.1166"/>
            <vignetting model="pa" focal="6" aperture="4" distance="1000" k1="-0.1690" k2="-0.1739" k3="0.1166"/>
            <vignetting model="pa" focal="6" aperture="5" distance="10" k1="-0.1668" k2="-0.1787" k3="0.1202"/>
            <vignetting model="pa" focal="6" aperture="5" distance="1000" k1="-0.1668" k2="-0.1787" k3="0.1202"/>
            <vignetting model="pa" focal="6" aperture="8" distance="10" k1="-0.1688" k2="-0.1835" k3="0.1267"/>
            <vignetting model="pa" focal="6" aperture="8" distance="1000" k1="-0.1688" k2="-0.1835" k3="0.1267"/>
            <vignetting model="pa" focal="10.8" aperture="2.1" distance="10" k1="-0.1642" k2="-0.1555" k3="0.1147"/>
            <vignetting model="pa" focal="10.8" aperture="2.1" distance="1000" k1="-0.1642" k2="-0.1555" k3="0.1147"/>
            <vignetting model="pa" focal="10.8" aperture="3.2" distance="10" k1="-0.0990" k2="0.0311" k3="0.0035"/>
            <vignetting model="pa" focal="10.8" aperture="3.2" distance="1000" k1="-0.0990" k2="0.0311" k3="0.0035"/>
            <vignetting model="pa" focal="10.8" aperture="4" distance="10" k1="-0.1012" k2="0.0322" k3="0.0044"/>
            <vignetting model="pa" focal="10.8" aperture="4" distance="1000" k1="-0.1012" k2="0.0322" k3="0.0044"/>
            <vignetting model="pa" focal="10.8" aperture="5" distance="10" k1="-0.1109" k2="0.0508" k3="-0.0055"/>
            <vignetting model="pa" focal="10.8" aperture="5" distance="1000" k1="-0.1109" k2="0.0508" k3="-0.0055"/>
            <vignetting model="pa" focal="10.8" aperture="8" distance="10" k1="-0.1369" k2="0.1004" k3="-0.0314"/>
            <vignetting model="pa" focal="10.8" aperture="8" distance="1000" k1="-0.1369" k2="0.1004" k3="-0.0314"/>
            <vignetting model="pa" focal="15.3" aperture="2.3" distance="10" k1="-0.2326" k2="0.2678" k3="-0.3386"/>
            <vignetting model="pa" focal="15.3" aperture="2.3" distance="1000" k1="-0.2326" k2="0.2678" k3="-0.3386"/>
            <vignetting model="pa" focal="15.3" aperture="3.2" distance="10" k1="-0.0428" k2="-0.0007" k3="-0.0313"/>
            <vignetting model="pa" focal="15.3" aperture="3.2" distance="1000" k1="-0.0428" k2="-0.0007" k3="-0.0313"/>
            <vignetting model="pa" focal="15.3" aperture="4.5" distance="10" k1="-0.0063" k2="-0.1286" k3="0.0797"/>
            <vignetting model="pa" focal="15.3" aperture="4.5" distance="1000" k1="-0.0063" k2="-0.1286" k3="0.0797"/>
            <vignetting model="pa" focal="15.3" aperture="5.6" distance="10" k1="-0.0109" k2="-0.1175" k3="0.0728"/>
            <vignetting model="pa" focal="15.3" aperture="5.6" distance="1000" k1="-0.0109" k2="-0.1175" k3="0.0728"/>
            <vignetting model="pa" focal="15.3" aperture="8" distance="10" k1="-0.0366" k2="-0.0638" k3="0.0413"/>
            <vignetting model="pa" focal="15.3" aperture="8" distance="1000" k1="-0.0366" k2="-0.0638" k3="0.0413"/>
            <vignetting model="pa" focal="19.8" aperture="2.4" distance="10" k1="-0.1864" k2="0.1960" k3="-0.3680"/>
            <vignetting model="pa" focal="19.8" aperture="2.4" distance="1000" k1="-0.1864" k2="0.1960" k3="-0.3680"/>
            <vignetting model="pa" focal="19.8" aperture="3.5" distance="10" k1="-0.0276" k2="-0.0346" k3="-0.0155"/>
            <vignetting model="pa" focal="19.8" aperture="3.5" distance="1000" k1="-0.0276" k2="-0.0346" k3="-0.0155"/>
            <vignetting model="pa" focal="19.8" aperture="4.5" distance="10" k1="0.0093" k2="-0.1641" k3="0.0957"/>
            <vignetting model="pa" focal="19.8" aperture="4.5" distance="1000" k1="0.0093" k2="-0.1641" k3="0.0957"/>
            <vignetting model="pa" focal="19.8" aperture="5.6" distance="10" k1="0.0084" k2="-0.1652" k3="0.0975"/>
            <vignetting model="pa" focal="19.8" aperture="5.6" distance="1000" k1="0.0084" k2="-0.1652" k3="0.0975"/>
            <vignetting model="pa" focal="19.8" aperture="8" distance="10" k1="-0.0077" k2="-0.1306" k3="0.0764"/>
            <vignetting model="pa" focal="19.8" aperture="8" distance="1000" k1="-0.0077" k2="-0.1306" k3="0.0764"/>
            <vignetting model="pa" focal="24" aperture="2.5" distance="10" k1="-0.1756" k2="0.1217" k3="-0.2849"/>
            <vignetting model="pa" focal="24" aperture="2.5" distance="1000" k1="-0.1756" k2="0.1217" k3="-0.2849"/>
            <vignetting model="pa" focal="24" aperture="3.5" distance="10" k1="-0.0445" k2="-0.0020" k3="-0.0543"/>
            <vignetting model="pa" focal="24" aperture="3.5" distance="1000" k1="-0.0445" k2="-0.0020" k3="-0.0543"/>
            <vignetting model="pa" focal="24" aperture="4.5" distance="10" k1="0.0011" k2="-0.1738" k3="0.0997"/>
            <vignetting model="pa" focal="24" aperture="4.5" distance="1000" k1="0.0011" k2="-0.1738" k3="0.0997"/>
            <vignetting model="pa" focal="24" aperture="5.6" distance="10" k1="0.0083" k2="-0.1907" k3="0.1100"/>
            <vignetting model="pa" focal="24" aperture="5.6" distance="1000" k1="0.0083" k2="-0.1907" k3="0.1100"/>
            <vignetting model="pa" focal="24" aperture="8" distance="10" k1="0.0049" k2="-0.1887" k3="0.1121"/>
            <vignetting model="pa" focal="24" aperture="8" distance="1000" k1="0.0049" k2="-0.1887" k3="0.1121"/>
        </calibration>
    </lens>
    <lens>
        <maker>Olympus</maker>
        <model>Stylus 1 &amp; compatibles</model>
        <model lang="en">fixed lens</model>
        <model lang="de">festes Objektiv</model>
        <mount>olympusStylus1</mount>
        <cropfactor>4.67</cropfactor>
        <aspect-ratio>4:3</aspect-ratio>
        <calibration>
            <distortion model="ptlens" focal="6" a="-0.00245" b="-0.00755" c="-0.06886"/>
            <distortion model="ptlens" focal="7.4" a="0.02154" b="-0.07222" c="0.02781"/>
            <distortion model="ptlens" focal="9.8" a="0" b="-0.00026" c="0"/>
            <distortion model="ptlens" focal="12" a="0" b="0.00868" c="0"/>
            <distortion model="ptlens" focal="17.8" a="0" b="0.01546" c="0"/>
            <distortion model="ptlens" focal="35" a="0" b="0.01915" c="0"/>
            <distortion model="ptlens" focal="64.3" a="0" b="0.01865" c="0"/>
            <tca model="poly3" focal="6" br="-0.0000115" vr="1.0005629" bb="0.0000971" vb="0.9999294"/>
            <tca model="poly3" focal="7.4" br="-0.0000325" vr="1.0005431" bb="0.0000828" vb="0.9999069"/>
            <tca model="poly3" focal="9.8" br="-0.0000787" vr="1.0005433" bb="0.0000792" vb="0.9999241"/>
            <tca model="poly3" focal="12" br="-0.0001483" vr="1.0004799" bb="0.0000771" vb="0.9999224"/>
            <tca model="poly3" focal="14.5" br="-0.0001035" vr="1.0003665" bb="0.0000667" vb="0.9999654"/>
            <tca model="poly3" focal="17.8" br="-0.0001415" vr="1.0003736" bb="0.0000348" vb="1.0000034"/>
            <tca model="poly3" focal="19.6" br="-0.0000649" vr="1.0002254" bb="0.0000194" vb="1.0000348"/>
            <tca model="poly3" focal="35" br="0.0000169" vr="0.9998975" bb="-0.0000098" vb="1.0000255"/>
            <tca model="poly3" focal="51.4" br="0.0000277" vr="0.9998371" bb="-0.0000071" vb="1.0000043"/>
            <tca model="poly3" focal="64.3" br="0.0000729" vr="0.9996827" bb="0.0000264" vb="0.9998948"/>
        </calibration>
    </lens>
    <lens>
        <maker>Olympus</maker>
        <model>Olympus Stylus TG-4 &amp; compatibles</model>
        <model lang="en">fixed lens</model>
        <model lang="de">festes Objektiv</model>
        <mount>olympusStylusTG4</mount>
        <cropfactor>5.56</cropfactor>
        <aspect-ratio>4:3</aspect-ratio>
        <calibration>
            <!-- Taken with Olympus Stylus TG-4 -->
            <distortion model="poly3" focal="4.5" k1="-0.04661"/>
            <distortion model="poly3" focal="5.1" k1="-0.03028"/>
            <distortion model="poly3" focal="6.9" k1="-0.00581"/>
            <distortion model="poly3" focal="9" k1="0.00574"/>
            <distortion model="poly3" focal="18" k1="0.01525"/>
            <tca model="poly3" focal="4.5" br="-0.0000440" vr="1.0004022" bb="0.0000003" vb="1.0000025"/>
            <tca model="poly3" focal="5.1" br="0.0000436" vr="1.0002117" bb="-0.0000141" vb="1.0000376"/>
            <tca model="poly3" focal="6.9" br="-0.0000276" vr="1.0001322" bb="-0.0000199" vb="1.0000921"/>
            <tca model="poly3" focal="9" br="-0.0000200" vr="1.0000631" bb="-0.0000128" vb="1.0000870"/>
            <tca model="poly3" focal="18" br="-0.0000067" vr="0.9999876" bb="-0.0000838" vb="1.0000917"/>
        </calibration>
    </lens>
</lensdatabase>
