<lensdatabase version="1">
    <camera>
        <maker>Nikon</maker>
        <model>Coolpix P60</model>
        <mount>nikonP60</mount>
        <cropfactor>5.62</cropfactor>
    </camera>
    <camera>
        <maker>Nikon</maker>
        <model>E8800</model>
        <model lang="en">Coolpix 8800</model>
        <mount>nikon8800</mount>
        <cropfactor>3.933</cropfactor>
    </camera>
    <camera>
        <maker>Nikon</maker>
        <model>E8700</model>
        <model lang="en">Coolpix 8700</model>
        <mount>nikon5700</mount>
        <cropfactor>3.933</cropfactor>
    </camera>
    <camera>
        <maker>Nikon</maker>
        <model>E5700</model>
        <model lang="en">Coolpix 5700</model>
        <mount>nikon5700</mount>
        <cropfactor>3.933</cropfactor>
    </camera>
    <camera>
        <maker>Nikon</maker>
        <model>E7900</model>
        <model lang="en">Coolpix 7900</model>
        <mount>nikon7900</mount>
        <cropfactor>4.86</cropfactor>
    </camera>
    <camera>
        <maker>Nikon</maker>
        <model>E7600</model>
        <model lang="en">Coolpix 7600</model>
        <mount>nikon7900</mount>
        <cropfactor>4.86</cropfactor>
    </camera>
    <camera>
        <maker>Nikon</maker>
        <model>E5900</model>
        <model lang="en">Coolpix 5900</model>
        <mount>nikon7900</mount>
        <cropfactor>4.86</cropfactor>
    </camera>
    <camera>
        <maker>Nikon</maker>
        <model>E5200</model>
        <model lang="en">Coolpix 5200</model>
        <mount>nikon7900</mount>
        <cropfactor>4.86</cropfactor>
    </camera>
    <camera>
        <maker>Nikon</maker>
        <model>E4200</model>
        <model lang="en">Coolpix 4200</model>
        <mount>nikon7900</mount>
        <cropfactor>4.86</cropfactor>
    </camera>
    <camera>
        <maker>Nikon</maker>
        <model>E5400</model>
        <model lang="en">Coolpix 5400</model>
        <mount>nikon5400</mount>
        <cropfactor>4.843</cropfactor>
    </camera>
    <camera>
        <maker>Nikon</maker>
        <model>E5000</model>
        <model lang="en">Coolpix 5000</model>
        <mount>nikon5000</mount>
        <cropfactor>3.933</cropfactor>
    </camera>
    <camera>
        <maker>Nikon</maker>
        <model>E4800</model>
        <model lang="en">Coolpix 4800</model>
        <mount>nikon4800</mount>
        <cropfactor>6</cropfactor>
    </camera>
    <camera>
        <maker>Nikon</maker>
        <model>E4500</model>
        <model lang="en">Coolpix 4500</model>
        <mount>nikon4500</mount>
        <cropfactor>4.843</cropfactor>
    </camera>
    <camera>
        <maker>Nikon</maker>
        <model>E995</model>
        <model lang="en">Coolpix 995</model>
        <mount>nikon995</mount>
        <cropfactor>4.843</cropfactor>
    </camera>
    <camera>
        <maker>Nikon</maker>
        <model>E990</model>
        <model lang="en">Coolpix 990</model>
        <mount>nikon990</mount>
        <cropfactor>4.843</cropfactor>
    </camera>
    <camera>
        <maker>Nikon</maker>
        <model>E950</model>
        <model lang="en">Coolpix 950</model>
        <mount>nikon950</mount>
        <cropfactor>5.408</cropfactor>
    </camera>
    <camera>
        <maker>Nikon</maker>
        <model>Coolpix P330</model>
        <mount>nikonP330</mount>
        <cropfactor>4.706</cropfactor>
    </camera>
    <camera>
        <maker>Nikon</maker>
        <model>Coolpix S3300</model>
        <mount>nikonS3300</mount>
        <cropfactor>5.65</cropfactor>
    </camera>
    <camera>
        <maker>Nikon</maker>
        <model>Coolpix P6000</model>
        <mount>nikonP6000</mount>
        <cropfactor>4.6</cropfactor>
    </camera>
    <camera>
        <maker>Nikon</maker>
        <model>E8400</model>
        <model lang="en">Coolpix 8400</model>
        <mount>nikon8400</mount>
        <cropfactor>3.933</cropfactor>
    </camera>
    <camera>
        <maker>Nikon</maker>
        <model>Coolpix P7000</model>
        <mount>nikonP7000</mount>
        <cropfactor>4.69</cropfactor>
    </camera>
    <camera>
        <maker>Nikon</maker>
        <model>Coolpix P7800</model>
        <mount>nikonP7800</mount>
        <cropfactor>4.67</cropfactor>
    </camera>
    <camera>
        <maker>Nikon Corporation</maker>
        <maker lang="en">Nikon</maker>
        <model>Coolpix A</model>
        <mount>nikonA</mount>
        <cropfactor>1.523</cropfactor>
    </camera>
    <lens>
        <maker>Nikon</maker>
        <model>E8800 &amp; compatibles (Standard)</model>
        <model lang="en">fixed lens</model>
        <model lang="de">festes Objektiv</model>
        <mount>nikon8800</mount>
        <cropfactor>3.933</cropfactor>
        <aspect-ratio>4:3</aspect-ratio>
        <calibration>
            <distortion model="ptlens" focal="8.9" a="0.013454" b="-0.041694" c="0"/>
            <distortion model="ptlens" focal="9.5" a="0.013174" b="-0.037229" c="0"/>
            <distortion model="ptlens" focal="11" a="0.011875" b="-0.027921" c="0"/>
            <distortion model="ptlens" focal="13.8" a="0.011533" b="-0.021238" c="0"/>
            <distortion model="ptlens" focal="19.8" a="0.005936" b="-0.007387" c="0"/>
            <distortion model="ptlens" focal="29.3" a="0.004248" b="-0.004453" c="0"/>
            <distortion model="ptlens" focal="40" a="0" b="0.004755" c="0"/>
            <distortion model="ptlens" focal="49" a="0" b="0.003129" c="0"/>
            <distortion model="ptlens" focal="89" a="0" b="0.002974" c="0"/>
        </calibration>
    </lens>
    <lens>
        <maker>Nikon</maker>
        <model>E8800 &amp; compatibles, with WM-E80</model>
        <model lang="en">fixed lens, with WM-E80</model>
        <model lang="de">festes Objektiv, mit WM-E80</model>
        <mount>nikon8800</mount>
        <cropfactor>3.933</cropfactor>
        <aspect-ratio>4:3</aspect-ratio>
        <calibration>
            <distortion model="ptlens" focal="8.9" a="0.015468" b="-0.07614" c="0"/>
            <distortion model="ptlens" focal="11" a="0.009214" b="-0.051437" c="0"/>
            <distortion model="ptlens" focal="12.7" a="0.007165" b="-0.041386" c="0"/>
            <distortion model="ptlens" focal="15" a="0.004854" b="-0.032212" c="0"/>
            <distortion model="ptlens" focal="21.8" a="0.003889" b="-0.022494" c="0"/>
            <distortion model="ptlens" focal="26.5" a="-0.001886" b="-0.00899" c="0"/>
            <distortion model="ptlens" focal="35.9" a="-0.0024" b="-0.006042" c="0"/>
        </calibration>
    </lens>
    <lens>
        <maker>Nikon</maker>
        <model>E8400 &amp; compatibles (Standard)</model>
        <model lang="en">fixed lens</model>
        <model lang="de">festes Objektiv</model>
        <mount>nikon8400</mount>
        <cropfactor>3.933</cropfactor>
        <aspect-ratio>4:3</aspect-ratio>
        <calibration>
            <distortion model="poly3" focal="6.1" k1="-0.014928"/>
            <distortion model="poly3" focal="7" k1="-0.011637"/>
            <distortion model="poly3" focal="8.1" k1="-0.009313"/>
            <distortion model="poly3" focal="10" k1="-0.006115"/>
            <distortion model="poly3" focal="12.3" k1="-0.004044"/>
            <distortion model="poly3" focal="15.2" k1="-0.001226"/>
            <distortion model="poly3" focal="21.6" k1="0"/>
        </calibration>
    </lens>
    <lens>
        <maker>Nikon</maker>
        <model>E8400 &amp; compatibles, with WC-E75</model>
        <model lang="en">fixed lens, with WC-E75</model>
        <model lang="de">festes Objektiv, mit WC-E75</model>
        <mount>nikon8400</mount>
        <cropfactor>3.933</cropfactor>
        <aspect-ratio>4:3</aspect-ratio>
        <calibration>
            <distortion model="ptlens" focal="6.1" a="0.0165" b="-0.057649" c="0"/>
            <distortion model="ptlens" focal="7.5" a="0.009749" b="-0.039706" c="0"/>
            <distortion model="ptlens" focal="9.3" a="0" b="-0.014859" c="0"/>
            <distortion model="ptlens" focal="11.5" a="0" b="-0.011079" c="0"/>
            <distortion model="ptlens" focal="14.2" a="0" b="-0.007817" c="0"/>
            <distortion model="ptlens" focal="17.5" a="0" b="-0.005923" c="0"/>
            <distortion model="ptlens" focal="21.6" a="0" b="-0.003667" c="0"/>
        </calibration>
    </lens>
    <lens>
        <maker>Nikon</maker>
        <model>E5700 &amp; compatibles (Standard)</model>
        <model lang="en">fixed lens</model>
        <model lang="de">festes Objektiv</model>
        <mount>nikon5700</mount>
        <cropfactor>3.933</cropfactor>
        <aspect-ratio>4:3</aspect-ratio>
        <calibration>
            <distortion model="ptlens" focal="8.9" a="0.014425" b="-0.044782" c="0"/>
            <distortion model="ptlens" focal="9" a="0.01501" b="-0.045355" c="0"/>
            <distortion model="ptlens" focal="9.5" a="0.012659" b="-0.038385" c="0"/>
            <distortion model="ptlens" focal="10.7" a="0.014239" b="-0.038035" c="0"/>
            <distortion model="ptlens" focal="12.7" a="0.007615" b="-0.020282" c="0"/>
            <distortion model="ptlens" focal="14.7" a="0.004843" b="-0.012421" c="0"/>
            <distortion model="ptlens" focal="15.7" a="0.008849" b="-0.018943" c="0"/>
            <distortion model="ptlens" focal="17.8" a="0.002011" b="-0.004148" c="0"/>
            <distortion model="ptlens" focal="19.9" a="0.002308" b="-0.003845" c="0"/>
            <distortion model="ptlens" focal="22.3" a="0.003059" b="-0.0054" c="0"/>
            <distortion model="ptlens" focal="23.7" a="0.006541" b="-0.012168" c="0"/>
            <distortion model="ptlens" focal="31.9" a="0.004286" b="-0.006875" c="0"/>
            <distortion model="ptlens" focal="37.7" a="0.004035" b="-0.005926" c="0"/>
            <distortion model="ptlens" focal="44.7" a="0.00459" b="-0.007871" c="0"/>
            <distortion model="ptlens" focal="52.4" a="0.000773" b="-0.00099" c="0"/>
            <distortion model="ptlens" focal="61.5" a="0.001251" b="-0.002049" c="0"/>
            <distortion model="ptlens" focal="71.2" a="0.004259" b="-0.007821" c="0"/>
        </calibration>
    </lens>
    <lens>
        <maker>Nikon</maker>
        <model>E5700 &amp; compatibles, with TC-E15ED (full tele)</model>
        <model lang="en">fixed lens, with TC-E15ED (full tele)</model>
        <model lang="de">festes Objektiv, mit TC-E15ED (längste Brennw.)</model>
        <mount>nikon5700</mount>
        <cropfactor>3.933</cropfactor>
        <aspect-ratio>4:3</aspect-ratio>
        <calibration>
            <distortion model="ptlens" focal="71.2" a="-0.000659" b="0.004458" c="0"/>
        </calibration>
    </lens>
    <lens>
        <maker>Nikon</maker>
        <model>E5700 &amp; compatibles, with WC-E80 (full wide)</model>
        <model lang="en">fixed lens, with WC-E80 (full wide)</model>
        <model lang="de">festes Objektiv, mit WC-E80 (kürzeste Brennw.)</model>
        <mount>nikon5700</mount>
        <cropfactor>3.933</cropfactor>
        <aspect-ratio>4:3</aspect-ratio>
        <calibration>
            <distortion model="ptlens" focal="8.9" a="0.016692" b="-0.060767" c="0"/>
        </calibration>
    </lens>
    <lens>
        <maker>Nikon</maker>
        <model>E7900 &amp; compatibles (Standard)</model>
        <model lang="en">fixed lens</model>
        <model lang="de">festes Objektiv</model>
        <mount>nikon7900</mount>
        <cropfactor>4.86</cropfactor>
        <aspect-ratio>4:3</aspect-ratio>
        <calibration>
            <distortion model="ptlens" focal="7.8" a="0.006962" b="-0.036546" c="0"/>
            <distortion model="ptlens" focal="10.6" a="0" b="-0.009971" c="0"/>
            <distortion model="ptlens" focal="12.7" a="0" b="-0.005826" c="0"/>
            <distortion model="ptlens" focal="14.9" a="0" b="-0.002714" c="0"/>
            <distortion model="ptlens" focal="17" a="0" b="-0.002326" c="0"/>
            <distortion model="ptlens" focal="21.3" a="0" b="-0.001355" c="0"/>
            <distortion model="ptlens" focal="23.4" a="0" b="-0.000554" c="0"/>
        </calibration>
    </lens>
    <lens>
        <maker>Nikon</maker>
        <model>E5400 &amp; compatibles (Standard)</model>
        <model lang="en">fixed lens</model>
        <model lang="de">festes Objektiv</model>
        <mount>nikon5400</mount>
        <cropfactor>4.843</cropfactor>
        <aspect-ratio>4:3</aspect-ratio>
        <calibration>
            <distortion model="ptlens" focal="5.8" a="0" b="0.009612" c="-0.058281"/>
            <distortion model="ptlens" focal="6.5" a="0" b="0.017795" c="-0.060086"/>
            <distortion model="ptlens" focal="7.2" a="0" b="0.016182" c="-0.04319"/>
            <distortion model="ptlens" focal="8" a="0" b="0.017362" c="-0.038087"/>
            <distortion model="ptlens" focal="9.5" a="0" b="0.027021" c="-0.054907"/>
            <distortion model="ptlens" focal="11.1" a="0" b="0.013847" c="-0.023501"/>
            <distortion model="ptlens" focal="12.6" a="0" b="0.009377" c="-0.009348"/>
            <distortion model="ptlens" focal="14.5" a="0" b="0.011435" c="-0.007858"/>
            <distortion model="ptlens" focal="16.7" a="0" b="0.014832" c="-0.017945"/>
            <distortion model="ptlens" focal="18.8" a="0" b="0.010791" c="0"/>
            <distortion model="ptlens" focal="21.1" a="0" b="0.010574" c="0"/>
            <distortion model="ptlens" focal="24" a="0" b="0.009755" c="0"/>
        </calibration>
    </lens>
    <lens>
        <maker>Nikon</maker>
        <model>E5400 &amp; compatibles, with WC-E80</model>
        <model lang="en">fixed lens, with WC-E80</model>
        <model lang="de">festes Objektiv, mit WC-E80</model>
        <mount>nikon5400</mount>
        <cropfactor>4.843</cropfactor>
        <aspect-ratio>4:3</aspect-ratio>
        <calibration>
            <distortion model="ptlens" focal="5.8" a="0.02609" b="-0.086283" c="0"/>
            <distortion model="ptlens" focal="6.5" a="0.016185" b="-0.057085" c="0"/>
            <distortion model="ptlens" focal="7.2" a="0.012528" b="-0.043316" c="0"/>
            <distortion model="ptlens" focal="9.5" a="0.006344" b="-0.019451" c="0"/>
            <distortion model="ptlens" focal="11.8" a="0" b="-0.003078" c="0"/>
            <distortion model="ptlens" focal="14.5" a="0" b="0.001104" c="0"/>
            <distortion model="ptlens" focal="17.8" a="0" b="0.004936" c="0"/>
            <distortion model="ptlens" focal="24" a="0" b="0.00557" c="0"/>
        </calibration>
    </lens>
    <lens>
        <maker>Nikon</maker>
        <model>E5000 &amp; compatibles (Standard)</model>
        <model lang="en">fixed lens</model>
        <model lang="de">festes Objektiv</model>
        <mount>nikon5000</mount>
        <cropfactor>3.933</cropfactor>
        <aspect-ratio>4:3</aspect-ratio>
        <calibration>
            <distortion model="ptlens" focal="7.1" a="-0.009406" b="0.022592" c="-0.044771"/>
            <distortion model="ptlens" focal="7.7" a="0.007336" b="-0.031746" c="0.010831"/>
            <distortion model="ptlens" focal="9" a="-0.003338" b="0.004105" c="-0.020631"/>
            <distortion model="ptlens" focal="9.7" a="0.005392" b="-0.021679" c="0.006308"/>
            <distortion model="ptlens" focal="11.4" a="-0.001128" b="-0.001987" c="-0.005919"/>
            <distortion model="ptlens" focal="12.4" a="-0.003078" b="0.002279" c="-0.005827"/>
            <distortion model="ptlens" focal="14.9" a="9.5e-05" b="-0.005124" c="0.002716"/>
            <distortion model="ptlens" focal="17.5" a="0.000795" b="-0.008614" c="0.009284"/>
            <distortion model="ptlens" focal="18.8" a="0.000796" b="-0.008619" c="0.009289"/>
            <distortion model="ptlens" focal="21.4" a="-0.000745" b="0.001506" c="-0.005233"/>
        </calibration>
    </lens>
    <lens>
        <maker>Nikon</maker>
        <model>E5000 &amp; compatibles, with WC-E68 (full wide)</model>
        <model lang="en">fixed lens, with WC-E68 (full wide)</model>
        <model lang="de">festes Objektiv, mit WC-E68 (kürzeste Brennw.)</model>
        <mount>nikon5000</mount>
        <cropfactor>3.933</cropfactor>
        <aspect-ratio>4:3</aspect-ratio>
        <calibration>
            <distortion model="ptlens" focal="7.1" a="0.026854" b="-0.077694" c="0"/>
        </calibration>
    </lens>
    <lens>
        <maker>Nikon</maker>
        <model>E4800 &amp; compatibles (Standard)</model>
        <model lang="en">fixed lens</model>
        <model lang="de">festes Objektiv</model>
        <mount>nikon4800</mount>
        <cropfactor>6</cropfactor>
        <aspect-ratio>4:3</aspect-ratio>
        <calibration>
            <distortion model="ptlens" focal="6" a="0.010112" b="-0.033866" c="0"/>
            <distortion model="ptlens" focal="9.6" a="0.009772" b="-0.009384" c="0"/>
            <distortion model="ptlens" focal="14.2" a="0" b="0.019748" c="0"/>
            <distortion model="ptlens" focal="20.4" a="0" b="0.021197" c="0"/>
            <distortion model="ptlens" focal="32.4" a="0" b="0.019923" c="0"/>
            <distortion model="ptlens" focal="38.8" a="0" b="0.013267" c="0"/>
            <distortion model="ptlens" focal="50" a="0" b="0.012609" c="0"/>
        </calibration>
    </lens>
    <lens>
        <maker>Nikon</maker>
        <model>E995 &amp; compatibles (Standard)</model>
        <model lang="en">fixed lens</model>
        <model lang="de">festes Objektiv</model>
        <mount>nikon995</mount>
        <cropfactor>4.843</cropfactor>
        <aspect-ratio>4:3</aspect-ratio>
        <calibration>
            <distortion model="poly3" focal="8.2" k1="-0.019966"/>
            <distortion model="poly3" focal="10.1" k1="-0.010931"/>
            <distortion model="poly3" focal="13.6" k1="-0.002049"/>
            <distortion model="poly3" focal="18.4" k1="0.003845"/>
            <distortion model="poly3" focal="23.4" k1="0.006884"/>
            <distortion model="poly3" focal="28.3" k1="0.008666"/>
            <distortion model="poly3" focal="31" k1="0.009298"/>
        </calibration>
    </lens>
    <lens>
        <maker>Nikon</maker>
        <model>E995 &amp; compatibles, with WC-E63</model>
        <model lang="en">fixed lens, with WC-E63</model>
        <model lang="de">festes Objektiv, mit WC-E63</model>
        <mount>nikon995</mount>
        <cropfactor>4.843</cropfactor>
        <aspect-ratio>4:3</aspect-ratio>
        <calibration>
            <distortion model="ptlens" focal="8.2" a="0.017724" b="-0.0578" c="0"/>
            <distortion model="ptlens" focal="8.8" a="0.012045" b="-0.044107" c="0"/>
            <distortion model="ptlens" focal="9.1" a="0.00985" b="-0.040541" c="0"/>
            <distortion model="ptlens" focal="9.6" a="0.006511" b="-0.030909" c="0"/>
            <distortion model="ptlens" focal="9.8" a="0.007913" b="-0.03391" c="0"/>
            <distortion model="ptlens" focal="10.3" a="0.003447" b="-0.023187" c="0"/>
            <distortion model="ptlens" focal="11.2" a="0.004496" b="-0.02263" c="0"/>
            <distortion model="ptlens" focal="11.7" a="0.002755" b="-0.017101" c="0"/>
            <distortion model="ptlens" focal="12.9" a="0.002498" b="-0.014059" c="0"/>
            <distortion model="ptlens" focal="13.6" a="0.000766" b="-0.009079" c="0"/>
            <distortion model="ptlens" focal="15" a="0.000591" b="-0.005949" c="0"/>
            <distortion model="ptlens" focal="16.9" a="-0.000905" b="0.000825" c="0"/>
        </calibration>
    </lens>
    <lens>
        <maker>Nikon</maker>
        <model>E995 &amp; compatibles, with WC-E24</model>
        <model lang="en">fixed lens, with WC-E24</model>
        <model lang="de">festes Objektiv, mit WC-E24</model>
        <mount>nikon995</mount>
        <cropfactor>4.843</cropfactor>
        <aspect-ratio>4:3</aspect-ratio>
        <calibration>
            <distortion model="poly3" focal="8.2" k1="-0.0377"/>
            <distortion model="poly3" focal="9" k1="-0.0307"/>
            <distortion model="poly3" focal="10" k1="-0.026"/>
            <distortion model="poly3" focal="11" k1="-0.0216"/>
            <distortion model="poly3" focal="12" k1="-0.0174"/>
            <distortion model="poly3" focal="13" k1="-0.014"/>
            <distortion model="poly3" focal="14" k1="-0.0105"/>
            <distortion model="poly3" focal="15" k1="-0.0079"/>
            <distortion model="poly3" focal="16" k1="-0.0053"/>
            <distortion model="poly3" focal="17" k1="-0.00309"/>
            <distortion model="poly3" focal="18" k1="-0.0012"/>
            <distortion model="poly3" focal="19" k1="1.5e-05"/>
            <distortion model="poly3" focal="20" k1="0.0018"/>
            <distortion model="poly3" focal="21" k1="0.0028"/>
            <distortion model="poly3" focal="22" k1="0.0038"/>
            <distortion model="poly3" focal="23" k1="0.0044"/>
            <distortion model="poly3" focal="24" k1="0.0053"/>
            <distortion model="poly3" focal="25" k1="0.00548"/>
            <distortion model="poly3" focal="26" k1="0.006"/>
            <distortion model="poly3" focal="27" k1="0.0064"/>
            <distortion model="poly3" focal="28" k1="0.0067"/>
            <distortion model="poly3" focal="29" k1="0.0069"/>
            <distortion model="poly3" focal="30" k1="0.0073"/>
            <distortion model="poly3" focal="31" k1="0.0078"/>
            <distortion model="poly3" focal="32" k1="0.0081"/>
        </calibration>
    </lens>
    <lens>
        <maker>Nikon</maker>
        <model>E995 &amp; compatibles, with TC-E2</model>
        <model lang="en">fixed lens, with TC-E2</model>
        <model lang="de">festes Objektiv, mit TC-E2</model>
        <mount>nikon995</mount>
        <cropfactor>4.843</cropfactor>
        <aspect-ratio>4:3</aspect-ratio>
        <calibration>
            <distortion model="poly3" focal="14" k1="0.0055"/>
            <distortion model="poly3" focal="15" k1="0.0061"/>
            <distortion model="poly3" focal="16" k1="0.0067"/>
            <distortion model="poly3" focal="17" k1="0.0073"/>
            <distortion model="poly3" focal="18" k1="0.0078"/>
            <distortion model="poly3" focal="19" k1="0.0084"/>
            <distortion model="poly3" focal="20" k1="0.0088"/>
            <distortion model="poly3" focal="21" k1="0.0093"/>
            <distortion model="poly3" focal="22" k1="0.0098"/>
            <distortion model="poly3" focal="23" k1="0.0102"/>
            <distortion model="poly3" focal="24" k1="0.0106"/>
            <distortion model="poly3" focal="25" k1="0.011"/>
            <distortion model="poly3" focal="26" k1="0.0112"/>
            <distortion model="poly3" focal="27" k1="0.0115"/>
            <distortion model="poly3" focal="28" k1="0.0116"/>
            <distortion model="poly3" focal="29" k1="0.0118"/>
            <distortion model="poly3" focal="30" k1="0.0118"/>
            <distortion model="poly3" focal="31" k1="0.0118"/>
        </calibration>
    </lens>
    <lens>
        <maker>Nikon</maker>
        <model>E990 &amp; compatibles (Standard)</model>
        <model lang="en">fixed lens</model>
        <model lang="de">festes Objektiv</model>
        <mount>nikon990</mount>
        <cropfactor>4.843</cropfactor>
        <aspect-ratio>4:3</aspect-ratio>
        <calibration>
            <distortion model="ptlens" focal="8.2" a="0.009323" b="-0.036014" c="0"/>
            <distortion model="ptlens" focal="8.8" a="0.006981" b="-0.028396" c="0"/>
            <distortion model="ptlens" focal="9.9" a="0.007066" b="-0.023481" c="0"/>
            <distortion model="ptlens" focal="10.7" a="0.004841" b="-0.017212" c="0"/>
            <distortion model="ptlens" focal="11.6" a="-0.000649" b="-0.003458" c="0"/>
            <distortion model="ptlens" focal="12.7" a="0.002233" b="-0.005998" c="0"/>
            <distortion model="ptlens" focal="13.5" a="0.002265" b="-0.004391" c="0"/>
            <distortion model="ptlens" focal="14.6" a="0.004307" b="-0.006345" c="0"/>
            <distortion model="ptlens" focal="15.5" a="0.003109" b="-0.003799" c="0"/>
            <distortion model="ptlens" focal="16.3" a="0.001762" b="0.001325" c="0"/>
            <distortion model="ptlens" focal="17.4" a="0.002518" b="-0.000226" c="0"/>
            <distortion model="ptlens" focal="18.2" a="0.001309" b="0.004015" c="0"/>
            <distortion model="ptlens" focal="19.1" a="0.000967" b="0.005566" c="0"/>
            <distortion model="ptlens" focal="20.2" a="0.001772" b="0.004291" c="0"/>
            <distortion model="ptlens" focal="21" a="0.000183" b="0.007835" c="0"/>
            <distortion model="ptlens" focal="21.6" a="0.002632" b="0.004132" c="0"/>
            <distortion model="ptlens" focal="22.2" a="0.000101" b="0.009482" c="0"/>
            <distortion model="ptlens" focal="22.8" a="-0.001457" b="0.012402" c="0"/>
            <distortion model="ptlens" focal="23.4" a="1.9e-05" b="0.009522" c="0"/>
        </calibration>
    </lens>
    <lens>
        <maker>Nikon</maker>
        <model>E990 &amp; compatibles, with WC-E63</model>
        <model lang="en">fixed lens, with WC-E63</model>
        <model lang="de">festes Objektiv, mit WC-E63</model>
        <mount>nikon990</mount>
        <cropfactor>4.843</cropfactor>
        <aspect-ratio>4:3</aspect-ratio>
        <calibration>
            <distortion model="ptlens" focal="8.2" a="0.027148" b="-0.073181" c="0"/>
        </calibration>
    </lens>
    <lens>
        <maker>Nikon</maker>
        <model>E950 &amp; compatibles (Standard)</model>
        <model lang="en">fixed lens</model>
        <model lang="de">festes Objektiv</model>
        <mount>nikon950</mount>
        <cropfactor>5.408</cropfactor>
        <aspect-ratio>4:3</aspect-ratio>
        <calibration>
            <distortion model="poly3" focal="7" k1="-0.017"/>
            <distortion model="poly3" focal="8" k1="-0.013"/>
            <distortion model="poly3" focal="9" k1="-0.0095"/>
            <distortion model="poly3" focal="10" k1="-0.006"/>
            <distortion model="poly3" focal="11" k1="-0.003"/>
            <distortion model="poly3" focal="12" k1="0"/>
            <distortion model="poly3" focal="13" k1="0.002"/>
            <distortion model="poly3" focal="14" k1="0.0045"/>
            <distortion model="poly3" focal="15" k1="0.0065"/>
            <distortion model="poly3" focal="16" k1="0.008"/>
            <distortion model="poly3" focal="17" k1="0.009"/>
            <distortion model="poly3" focal="18" k1="0.0102"/>
            <distortion model="poly3" focal="19" k1="0.011"/>
            <distortion model="poly3" focal="20" k1="0.0114"/>
            <distortion model="poly3" focal="21" k1="0.0116"/>
        </calibration>
    </lens>
    <lens>
        <maker>Nikon</maker>
        <model>Coolpix P60 &amp; compatibles (Standard)</model>
        <model lang="en">fixed lens</model>
        <model lang="de">festes Objektiv</model>
        <mount>nikonP60</mount>
        <cropfactor>5.62</cropfactor>
        <aspect-ratio>4:3</aspect-ratio>
        <calibration>
            <distortion model="ptlens" focal="6.4" a="0.01144" b="-0.05486" c="0.02864"/>
            <distortion model="ptlens" focal="7.5" a="0.01046" b="-0.03608" c="0.01364"/>
            <distortion model="ptlens" focal="8.8" a="0.01059" b="-0.03248" c="0.01726"/>
            <distortion model="ptlens" focal="10.4" a="0.01115" b="-0.02963" c="0.01704"/>
            <distortion model="ptlens" focal="12.2" a="-0.00319" b="0.01344" c="-0.01893"/>
            <distortion model="ptlens" focal="16.8" a="-0.00414" b="0.01633" c="-0.01256"/>
            <distortion model="ptlens" focal="23.2" a="0.00325" b="0.00014" c="-0.00351"/>
            <distortion model="ptlens" focal="32" a="0.01901" b="-0.04013" c="0.02487"/>
            <!-- TCA and vignetting doesn't matter for this camera. -->
        </calibration>
    </lens>
    <lens>
        <maker>Nikon</maker>
        <model>Coolpix P330 &amp; compatibles (Standard)</model>
        <model lang="en">fixed lens</model>
        <model lang="de">festes Objektiv</model>
        <mount>nikonP330</mount>
        <cropfactor>4.706</cropfactor>
        <aspect-ratio>4:3</aspect-ratio>
        <calibration>
            <distortion model="ptlens" focal="5.1" a="0.0176" b="-0.07831" c="-0.03885"/>
            <distortion model="ptlens" focal="6" a="0.01418" b="-0.06625" c="-0.02427"/>
            <distortion model="ptlens" focal="7.5" a="0.00127" b="-0.01984" c="-0.02692"/>
            <distortion model="ptlens" focal="10.7" a="-0.00235" b="0.00566" c="-0.03388"/>
            <distortion model="ptlens" focal="18.2" b="-0.00243"/>
            <distortion model="ptlens" focal="22.4" b="-0.00077"/>
            <distortion model="ptlens" focal="25.5" b="0.00023"/>
            <tca model="poly3" focal="5.1" br="0.0005094" vr="0.9997604" bb="-0.0007459" vb="1.0013662"/>
            <tca model="poly3" focal="6" br="0.0003130" vr="0.9998362" bb="-0.0006603" vb="1.0013404"/>
            <tca model="poly3" focal="7.5" br="0.0001122" vr="0.9999132" bb="-0.0004930" vb="1.0013154"/>
            <tca model="poly3" focal="10.7" br="0.0000194" vr="0.9999687" bb="-0.0003203" vb="1.0011665"/>
            <tca model="poly3" focal="18.2" br="-0.0000083" vr="1.0001021" bb="-0.0000163" vb="1.0004001"/>
            <tca model="poly3" focal="22.4" br="-0.0000270" vr="1.0001445" bb="-0.0000302" vb="1.0002259"/>
            <tca model="poly3" focal="25.5" br="0.0000262" vr="1.0000900" bb="-0.0000026" vb="1.0001305"/>
        </calibration>
    </lens>
    <lens>
        <maker>Nikon</maker>
        <model>Coolpix S3300 &amp; compatibles</model>
        <model lang="en">fixed lens</model>
        <model lang="de">festes Objektiv</model>
        <mount>nikonS3300</mount>
        <cropfactor>5.65</cropfactor>
        <aspect-ratio>4:3</aspect-ratio>
        <calibration>
            <!-- Bogus calibration entries, just to document that the
                 camera-correction does a perfect job. -->
            <distortion model="poly3" focal="4.6"/>
            <distortion model="poly3" focal="27.6"/>
            <tca model="poly3" focal="4.6"/>
            <tca model="poly3" focal="27.6"/>
        </calibration>
    </lens>
    <lens>
        <maker>Nikon</maker>
        <model>Coolpix P7000 &amp; compatibles</model>
        <model lang="en">fixed lens</model>
        <model lang="de">festes Objektiv</model>
        <mount>nikonP7000</mount>
        <cropfactor>4.69</cropfactor>
        <aspect-ratio>4:3</aspect-ratio>
        <calibration>
            <distortion model="ptlens" focal="6" a="0.01246" b="-0.02848" c="-0.02244"/>
            <distortion model="ptlens" focal="8.8" a="0.01448" b="-0.03373" c="0.0304"/>
            <distortion model="ptlens" focal="16.3" a="0" b="0.01025" c="0"/>
            <distortion model="ptlens" focal="42.6" a="0" b="0.00694" c="0"/>
        </calibration>
    </lens>
    <lens>
        <maker>Nikon</maker>
        <model>Coolpix A &amp; compatibles</model>
        <model lang="en">fixed lens</model>
        <model lang="de">festes Objektiv</model>
        <mount>nikonA</mount>
        <cropfactor>1.523</cropfactor>
        <aspect-ratio>3:2</aspect-ratio>
        <calibration>
            <distortion model="ptlens" focal="18.5" a="0.00611" b="-0.01026" c="-0.01844"/>
            <tca model="poly3" focal="18.5" vr="1.0000922" vb="1.0000229"/>
        </calibration>
    </lens>
    <lens>
        <maker>Nikon</maker>
        <model>Coolpix P7800 &amp; compatibles</model>
        <model lang="en">fixed lens</model>
        <model lang="de">festes Objektiv</model>
        <mount>nikonP7800</mount>
        <cropfactor>4.67</cropfactor>
        <aspect-ratio>4:3</aspect-ratio>
        <calibration>
            <!-- Taken with Nikon Coolpix P7800 -->
            <distortion model="ptlens" focal="6" a="-0.00644" b="-0.01027" c="0.01753"/>
            <distortion model="ptlens" focal="7" a="-0.00228" b="-0.01209" c="0.03087"/>
            <distortion model="ptlens" focal="8.2" a="-0.00585" b="0.00803" c="0.01475"/>
            <distortion model="ptlens" focal="9.9" a="-0.00442" b="0.01551" c="-0.00154"/>
            <distortion model="ptlens" focal="12.5" a="0.01527" b="-0.06092" c="0.09903"/>
            <distortion model="ptlens" focal="15.9" a="-0.00529" b="0.00731" c="0.02763"/>
            <distortion model="ptlens" focal="19.7" a="0.00713" b="-0.02789" c="0.05207"/>
            <distortion model="ptlens" focal="25" a="-0.00902" b="0.0241" c="-0.00347"/>
            <distortion model="ptlens" focal="32.6" a="-0.00725" b="0.01842" c="-0.00119"/>
            <distortion model="ptlens" focal="42.8" a="-0.00937" b="0.02926" c="-0.00796"/>
            <tca model="poly3" focal="6" vr="1.0001746" vb="1.0002787"/>
            <tca model="poly3" focal="7" vr="1.0001291" vb="1.0002796"/>
            <tca model="poly3" focal="8.2" vr="1.0001035" vb="1.0002686"/>
            <tca model="poly3" focal="9.9" vr="1.0001177" vb="1.0002300"/>
            <tca model="poly3" focal="12.5" vr="1.0001136" vb="1.0001188"/>
            <tca model="poly3" focal="15.9" vr="1.0001461" vb="1.0000067"/>
            <tca model="poly3" focal="19.7" vr="1.0001575" vb="0.9998596"/>
            <tca model="poly3" focal="25" vr="1.0001193" vb="0.9996409"/>
            <tca model="poly3" focal="32.6" vr="1.0000405" vb="0.9994710"/>
            <tca model="poly3" focal="42.8" vr="0.9997493" vb="0.9998575"/>
        </calibration>
    </lens>
</lensdatabase>
