<lensdatabase version="1">
    <camera>
        <maker>Sony</maker>
        <model>DSC-R1</model>
        <mount>sonyR1</mount>
        <cropfactor>1.68</cropfactor>
    </camera>
    <camera>
        <maker>Sony</maker>
        <model>DSC-H1</model>
        <mount>sonyH1</mount>
        <cropfactor>6.0</cropfactor>
    </camera>
    <camera>
        <maker>Sony</maker>
        <model>DSC-F828</model>
        <mount>sony828</mount>
        <cropfactor>3.933</cropfactor>
    </camera>
    <camera>
        <maker>Sony</maker>
        <model>Cybershot</model>
        <model lang="en">Cyber-shot</model>
        <variant>DSC-F717</variant>
        <mount>sony707</mount>
        <cropfactor>3.933</cropfactor>
    </camera>
    <camera>
        <maker>Sony</maker>
        <model>Cybershot</model>
        <model lang="en">Cyber-shot</model>
        <variant>DSC-F707</variant>
        <mount>sony707</mount>
        <cropfactor>3.933</cropfactor>
    </camera>
    <camera>
        <maker>Sony</maker>
        <model>DSC-P200</model>
        <mount>sonyW1</mount>
        <cropfactor>4.8</cropfactor>
    </camera>
    <camera>
        <maker>Sony</maker>
        <model>DSC-P150</model>
        <mount>sonyW1</mount>
        <cropfactor>4.8</cropfactor>
    </camera>
    <camera>
        <maker>Sony</maker>
        <model>DSC-P100</model>
        <mount>sonyW1</mount>
        <cropfactor>4.8</cropfactor>
    </camera>
    <camera>
        <maker>Sony</maker>
        <model>DSC-P93</model>
        <mount>sonyW1</mount>
        <cropfactor>4.8</cropfactor>
    </camera>
    <camera>
        <maker>Sony</maker>
        <model>DSC-W12</model>
        <mount>sonyW1</mount>
        <cropfactor>4.8</cropfactor>
    </camera>
    <camera>
        <maker>Sony</maker>
        <model>DSC-W7</model>
        <mount>sonyW1</mount>
        <cropfactor>4.8</cropfactor>
    </camera>
    <camera>
        <maker>Sony</maker>
        <model>DSC-W15</model>
        <mount>sonyW1</mount>
        <cropfactor>4.8</cropfactor>
    </camera>
    <camera>
        <maker>Sony</maker>
        <model>DSC-W5</model>
        <mount>sonyW1</mount>
        <cropfactor>4.8</cropfactor>
    </camera>
    <camera>
        <maker>Sony</maker>
        <model>DSC-W1</model>
        <mount>sonyW1</mount>
        <cropfactor>4.8</cropfactor>
    </camera>
    <camera>
        <maker>Sony</maker>
        <model>DSC-V3</model>
        <mount>sonyV1</mount>
        <cropfactor>4.843</cropfactor>
    </camera>
    <camera>
        <maker>Sony</maker>
        <model>DSC-V1</model>
        <mount>sonyV1</mount>
        <cropfactor>4.843</cropfactor>
    </camera>
    <camera>
        <maker>Sony</maker>
        <model>DSC-T1</model>
        <mount>sonyT1</mount>
        <cropfactor>5.650</cropfactor>
    </camera>
    <camera>
        <maker>Sony</maker>
        <model>Cybershot</model>
        <model lang="en">Cyber-shot</model>
        <variant>DSC-S85</variant>
        <mount>sonyS85</mount>
        <cropfactor>4.843</cropfactor>
    </camera>
    <camera>
        <maker>Sony</maker>
        <model>Cybershot</model>
        <model lang="en">Cyber-shot</model>
        <variant>DSC-S75</variant>
        <mount>sonyS85</mount>
        <cropfactor>4.843</cropfactor>
    </camera>
    <camera>
        <maker>Sony</maker>
        <model>DSC-S90</model>
        <mount>sonyS60</mount>
        <cropfactor>6.5</cropfactor>
    </camera>
    <camera>
        <maker>Sony</maker>
        <model>DSC-ST80</model>
        <mount>sonyS60</mount>
        <cropfactor>6.5</cropfactor>
    </camera>
    <camera>
        <maker>Sony</maker>
        <model>DSC-S80</model>
        <mount>sonyS60</mount>
        <cropfactor>6.5</cropfactor>
    </camera>
    <camera>
        <maker>Sony</maker>
        <model>DSC-S60</model>
        <mount>sonyS60</mount>
        <cropfactor>6.5</cropfactor>
    </camera>
    <camera>
        <maker>Sony</maker>
        <model>DSC-P73</model>
        <mount>sonyS60</mount>
        <cropfactor>6.5</cropfactor>
    </camera>
    <camera>
        <maker>Sony</maker>
        <model>DSC-RX100</model>
        <model lang="en">RX100</model>
        <mount>sonyRX100</mount>
        <cropfactor>2.73</cropfactor>
    </camera>
    <camera>
        <maker>Sony</maker>
        <model>DSC-RX100M2</model>
        <model lang="en">RX100 II</model>
        <mount>sonyRX100II</mount>
        <cropfactor>2.73</cropfactor>
    </camera>
    <camera>
        <maker>Sony</maker>
        <model>DSC-RX100M3</model>
        <model lang="en">RX100 III</model>
        <mount>sonyRX100III</mount>
        <cropfactor>2.73</cropfactor>
    </camera>
    <camera>
        <maker>Sony</maker>
        <model>DSC-RX100M4</model>
        <model lang="en">RX100 IV</model>
        <mount>sonyRX100III</mount>
        <cropfactor>2.73</cropfactor>
    </camera>
    <camera>
        <maker>Sony</maker>
        <model>DSC-RX100M5</model>
        <model lang="en">RX100 V</model>
        <mount>sonyRX100III</mount>
        <cropfactor>2.73</cropfactor>
    </camera>
    <camera>
        <maker>Sony</maker>
        <model>DSC-HX300</model>
        <mount>sonyHX300</mount>
        <cropfactor>5.58</cropfactor>
    </camera>
    <camera>
        <maker>Sony</maker>
        <model>DSC-HX20V</model>
        <mount>sonyHX20V</mount>
        <cropfactor>5.62</cropfactor>
    </camera>
    <camera>
        <maker>Sony</maker>
        <model>Xperia Z3</model>
        <mount>sonyXperiaZ3</mount>
        <cropfactor>7.87</cropfactor>
    </camera>
    <camera>
        <maker>Sony</maker>
        <model>DSC-RX10</model>
        <model lang="en">RX10</model>
        <mount>sonyRX10</mount>
        <cropfactor>2.73</cropfactor>
    </camera>
    <camera>
        <maker>Sony</maker>
        <model>DSC-RX10M2</model>
        <model lang="en">RX10 II</model>
        <mount>sonyRX10II</mount>
        <cropfactor>2.73</cropfactor>
    </camera>
    <camera>
        <maker>Sony</maker>
        <model>DSC-RX10M3</model>
        <model lang="en">RX10 III</model>
        <mount>sonyRX10III</mount>
        <cropfactor>2.73</cropfactor>
    </camera>
    <camera>
        <!-- Added on the assumption that this is the same lens as RX10 III -->
        <maker>Sony</maker>
        <model>DSC-RX10M4</model>
        <model lang="en">RX10 IV</model>
        <mount>sonyRX10III</mount>
        <cropfactor>2.73</cropfactor>
    </camera>
    <camera>
        <maker>Sony</maker>
        <model>DSC-RX1RM2</model>
        <model lang="en">RX1 R II</model>
        <mount>sonyRX1</mount>
        <cropfactor>1</cropfactor>
    </camera>
    <lens>
        <maker>Carl Zeiss</maker>
        <model>DSC-R1 &amp; compatibles (Standard)</model>
        <model lang="en">fixed lens</model>
        <model lang="de">festes Objektiv</model>
        <mount>sonyR1</mount>
        <cropfactor>1.68</cropfactor>
        <aspect-ratio>3:2</aspect-ratio>
        <calibration>
            <distortion model="ptlens" focal="14.3" a="0.016048" b="-0.04251" c="0"/>
            <distortion model="ptlens" focal="14.8" a="0.013923" b="-0.036204" c="0"/>
            <distortion model="ptlens" focal="16" a="0.007736" b="-0.019699" c="0"/>
            <distortion model="ptlens" focal="17.8" a="0.006109" b="-0.012654" c="0"/>
            <distortion model="ptlens" focal="19.7" a="0.00779" b="-0.01452" c="0"/>
            <distortion model="ptlens" focal="22.2" a="0.006436" b="-0.009769" c="0"/>
            <distortion model="ptlens" focal="26.2" a="0" b="0.00356" c="0"/>
            <distortion model="ptlens" focal="28.7" a="0" b="0.003947" c="0"/>
            <distortion model="ptlens" focal="32.3" a="0" b="0.003852" c="0"/>
            <distortion model="ptlens" focal="35.4" a="0" b="0.003556" c="0"/>
            <distortion model="ptlens" focal="39.5" a="0" b="0.003135" c="0"/>
            <distortion model="ptlens" focal="49.8" a="0" b="0.002513" c="0"/>
            <distortion model="ptlens" focal="65.7" a="0" b="0.00051" c="0"/>
            <distortion model="ptlens" focal="71.5" a="0" b="0" c="0"/>
        </calibration>
    </lens>
    <lens>
        <maker>Carl Zeiss</maker>
        <model>DSC-H1 &amp; compatibles (Standard)</model>
        <model lang="en">fixed lens</model>
        <model lang="de">festes Objektiv</model>
        <mount>sonyH1</mount>
        <cropfactor>6.0</cropfactor>
        <aspect-ratio>4:3</aspect-ratio>
        <calibration>
            <distortion model="ptlens" focal="6" a="0.021497" b="-0.054037" c="0"/>
            <distortion model="ptlens" focal="6.4" a="0.020384" b="-0.046414" c="0"/>
            <distortion model="ptlens" focal="6.7" a="0.015021" b="-0.03528" c="0"/>
            <distortion model="ptlens" focal="7.1" a="0.012633" b="-0.028516" c="0"/>
            <distortion model="ptlens" focal="7.8" a="0.012854" b="-0.025864" c="0"/>
            <distortion model="ptlens" focal="8.9" a="0.006579" b="-0.010167" c="0"/>
            <distortion model="ptlens" focal="9.8" a="0.008125" b="-0.013508" c="0"/>
            <distortion model="ptlens" focal="14.2" a="0.004555" b="-0.006496" c="0"/>
            <distortion model="ptlens" focal="17.5" a="0" b="0" c="0"/>
            <distortion model="ptlens" focal="45.2" a="0" b="0" c="0"/>
            <distortion model="ptlens" focal="72" a="0" b="0.001577" c="0"/>
        </calibration>
    </lens>
    <lens>
        <maker>Carl Zeiss</maker>
        <model>DSC-H1 &amp; compatibles, with VCL-DH0758 0.7x converter</model>
        <model lang="en">fixed lens, with VCL-DH0758 0.7× converter</model>
        <model lang="de">festes Objektiv, mit VCL-DH0758 0.7×-Konverter</model>
        <mount>sonyH1</mount>
        <cropfactor>6.0</cropfactor>
        <aspect-ratio>4:3</aspect-ratio>
        <calibration>
            <distortion model="ptlens" focal="6" a="0.026726" b="-0.080352" c="0"/>
            <distortion model="ptlens" focal="6.6" a="0.022257" b="-0.062663" c="0"/>
            <distortion model="ptlens" focal="7.5" a="0.017517" b="-0.047928" c="0"/>
            <distortion model="ptlens" focal="8.4" a="0.013993" b="-0.036261" c="0"/>
            <distortion model="ptlens" focal="9.6" a="0.009595" b="-0.025744" c="0"/>
            <distortion model="ptlens" focal="10.9" a="0.005448" b="-0.015924" c="0"/>
            <distortion model="ptlens" focal="13.8" a="0" b="-0.004096" c="0"/>
            <distortion model="ptlens" focal="19.8" a="0" b="-0.003755" c="0"/>
            <distortion model="ptlens" focal="28.4" a="0" b="-0.004627" c="0"/>
            <distortion model="ptlens" focal="48" a="0" b="0" c="0"/>
            <distortion model="ptlens" focal="72" a="0" b="0" c="0"/>
        </calibration>
    </lens>
    <lens>
        <maker>Carl Zeiss</maker>
        <model>DSC-H1 &amp; compatibles, with VCL-DH1758 1.7x converter</model>
        <model lang="en">fixed lens, with VCL-DH1758 1.7× converter</model>
        <model lang="de">festes Objektiv, mit VCL-DH1758 1.7×-Konverter</model>
        <mount>sonyH1</mount>
        <cropfactor>6.0</cropfactor>
        <aspect-ratio>4:3</aspect-ratio>
        <calibration>
            <distortion model="poly3" focal="22.5" k1="-0.00573"/>
            <distortion model="poly3" focal="25.7" k1="-0.005648"/>
            <distortion model="poly3" focal="32.1" k1="-0.004426"/>
            <distortion model="poly3" focal="47.1" k1="-0.00185"/>
            <distortion model="poly3" focal="61.7" k1="0"/>
            <distortion model="poly3" focal="68.3" k1="0"/>
            <distortion model="poly3" focal="72" k1="0.001196"/>
        </calibration>
    </lens>
    <lens>
        <maker>Carl Zeiss</maker>
        <model>DSC-F828 &amp; compatibles (Standard)</model>
        <model lang="en">fixed lens</model>
        <model lang="de">festes Objektiv</model>
        <mount>sony828</mount>
        <cropfactor>3.933</cropfactor>
        <aspect-ratio>4:3</aspect-ratio>
        <calibration>
            <distortion model="ptlens" focal="7.1" a="0.018095" b="-0.048162" c="0"/>
            <distortion model="ptlens" focal="8.1" a="0.014132" b="-0.032924" c="0"/>
            <distortion model="ptlens" focal="8.7" a="-0.00066" b="-0.002438" c="0"/>
            <distortion model="ptlens" focal="10.6" a="-0.004167" b="0.008802" c="0"/>
            <distortion model="ptlens" focal="12.2" a="0.001366" b="-0.001343" c="0"/>
            <distortion model="ptlens" focal="14.3" a="0.000869" b="0.000672" c="0"/>
            <distortion model="ptlens" focal="17.5" a="-0.01026" b="0.019351" c="0"/>
            <distortion model="ptlens" focal="20.5" a="0.002486" b="-0.001685" c="0"/>
            <distortion model="ptlens" focal="25.5" a="0.016746" b="-0.028622" c="0"/>
            <distortion model="ptlens" focal="29.3" a="-0.008873" b="0.019679" c="0"/>
            <distortion model="ptlens" focal="33.4" a="-0.00044" b="0.003954" c="0"/>
            <distortion model="ptlens" focal="40.7" a="0.010042" b="-0.013474" c="0"/>
            <distortion model="ptlens" focal="51" a="-0.005786" b="0.018882" c="0"/>
        </calibration>
    </lens>
    <lens>
        <maker>Carl Zeiss</maker>
        <model>DSC-F828 &amp; compatibles, at 2 feet lens-to-subject</model>
        <model lang="en">fixed lens, at 2 feet lens-to-subject</model>
        <model lang="de">festes Objektiv, bei 60 cm Fokusabstand</model>
        <mount>sony828</mount>
        <cropfactor>3.933</cropfactor>
        <aspect-ratio>4:3</aspect-ratio>
        <calibration>
            <distortion model="ptlens" focal="7.1" a="0.031747" b="-0.075086" c="0"/>
            <distortion model="ptlens" focal="8" a="0.015399" b="-0.03809" c="0"/>
            <distortion model="ptlens" focal="8.7" a="0.014101" b="-0.032049" c="0"/>
            <distortion model="ptlens" focal="10.4" a="0.004335" b="-0.010924" c="0"/>
            <distortion model="ptlens" focal="12.2" a="0.001721" b="-0.004613" c="0"/>
            <distortion model="ptlens" focal="14.9" a="-0.000396" b="-0.000724" c="0"/>
            <distortion model="ptlens" focal="17.1" a="-0.006932" b="0.009088" c="0"/>
            <distortion model="ptlens" focal="20.5" a="-0.000158" b="-0.001579" c="0"/>
            <distortion model="ptlens" focal="24.2" a="-0.000815" b="-0.00117" c="0"/>
            <distortion model="ptlens" focal="28.7" a="-0.002467" b="0.0025" c="0"/>
            <distortion model="ptlens" focal="32.8" a="-0.000607" b="-0.001426" c="0"/>
            <distortion model="ptlens" focal="40.1" a="-0.002333" b="0.002419" c="0"/>
            <distortion model="ptlens" focal="51" a="-0.003365" b="0.002377" c="0"/>
        </calibration>
    </lens>
    <lens>
        <maker>Carl Zeiss</maker>
        <model>DSC-F707 &amp; compatibles (Standard)</model>
        <model lang="en">fixed lens</model>
        <model lang="de">festes Objektiv</model>
        <mount>sony707</mount>
        <cropfactor>3.933</cropfactor>
        <aspect-ratio>4:3</aspect-ratio>
        <calibration>
            <distortion model="ptlens" focal="9.7" a="0.013439" b="-0.038147" c="0"/>
            <distortion model="ptlens" focal="11.7" a="0.00984" b="-0.02115" c="0"/>
            <distortion model="ptlens" focal="12.7" a="0.009803" b="-0.01733" c="0"/>
            <distortion model="ptlens" focal="16" a="0.007957" b="-0.008839" c="0"/>
            <distortion model="ptlens" focal="19.5" a="0.004565" b="-0.000807" c="0"/>
            <distortion model="ptlens" focal="24.4" a="0" b="0.00903" c="0"/>
            <distortion model="ptlens" focal="28.1" a="0" b="0.009803" c="0"/>
            <distortion model="ptlens" focal="31.9" a="0" b="0.009723" c="0"/>
            <distortion model="ptlens" focal="36.1" a="0" b="0.00974" c="0"/>
            <distortion model="ptlens" focal="41.4" a="0" b="0.010245" c="0"/>
            <distortion model="ptlens" focal="48.5" a="0" b="0.012038" c="0"/>
        </calibration>
    </lens>
    <lens>
        <maker>Carl Zeiss</maker>
        <model>DSC-F707 &amp; compatibles, macro at 1 inch lens-to-subject</model>
        <model lang="en">fixed lens, macro at 1 inch lens-to-subject</model>
        <model lang="de">festes Objektiv, Makro bei 1 Zoll Fokusabstand</model>
        <mount>sony707</mount>
        <cropfactor>3.933</cropfactor>
        <aspect-ratio>4:3</aspect-ratio>
        <calibration>
            <distortion model="ptlens" focal="9.7" a="0.006106" b="-0.039021" c="0"/>
            <distortion model="ptlens" focal="10.9" a="0.001231" b="-0.028795" c="0"/>
            <distortion model="ptlens" focal="11" a="0.001246" b="-0.027783" c="0"/>
            <distortion model="ptlens" focal="11.9" a="-0.003364" b="-0.017023" c="0"/>
            <distortion model="ptlens" focal="12.7" a="-0.0067" b="-0.007913" c="0"/>
        </calibration>
    </lens>
    <lens>
        <maker>Carl Zeiss</maker>
        <model>DSC-F707 &amp; compatibles, macro at 2 inches lens-to-subject</model>
        <model lang="en">fixed lens, macro at 2 inches lens-to-subject</model>
        <model lang="de">festes Objektiv, Makro bei 2 Zoll Fokusabstand</model>
        <mount>sony707</mount>
        <cropfactor>3.933</cropfactor>
        <aspect-ratio>4:3</aspect-ratio>
        <calibration>
            <distortion model="ptlens" focal="9.7" a="0.006526" b="-0.03487" c="0"/>
            <distortion model="ptlens" focal="10.9" a="-0.002841" b="-0.015131" c="0"/>
            <distortion model="ptlens" focal="12.2" a="0.00522" b="-0.028071" c="0"/>
            <distortion model="ptlens" focal="13.4" a="0.00207" b="-0.019368" c="0"/>
            <distortion model="ptlens" focal="14.6" a="0.000187" b="-0.014489" c="0"/>
            <distortion model="ptlens" focal="15.5" a="-0.001112" b="-0.01061" c="0"/>
        </calibration>
    </lens>
    <lens>
        <maker>Carl Zeiss</maker>
        <model>DSC-F707 &amp; compatibles, macro at 4 inches lens-to-subject</model>
        <model lang="en">fixed lens, macro at 4 inches lens-to-subject</model>
        <model lang="de">festes Objektiv, Makro bei 4 Zoll Fokusabstand</model>
        <mount>sony707</mount>
        <cropfactor>3.933</cropfactor>
        <aspect-ratio>4:3</aspect-ratio>
        <calibration>
            <distortion model="ptlens" focal="9.7" a="0.011414" b="-0.041732" c="0"/>
            <distortion model="ptlens" focal="10.2" a="0.011525" b="-0.041182" c="0"/>
            <distortion model="ptlens" focal="11.4" a="0.005654" b="-0.02482" c="0"/>
            <distortion model="ptlens" focal="12" a="0.007988" b="-0.028628" c="0"/>
            <distortion model="ptlens" focal="12.4" a="0.007251" b="-0.026438" c="0"/>
            <distortion model="ptlens" focal="13.7" a="0.005559" b="-0.021097" c="0"/>
            <distortion model="ptlens" focal="16.2" a="0.000227" b="-0.007708" c="0"/>
            <distortion model="ptlens" focal="18.3" a="0.005302" b="-0.015272" c="0"/>
            <distortion model="ptlens" focal="19.8" a="0.000277" b="-0.004201" c="0"/>
        </calibration>
    </lens>
    <lens>
        <maker>Carl Zeiss</maker>
        <model>DSC-F707 &amp; compatibles, macro at 6 inches lens-to-subject</model>
        <model lang="en">fixed lens, macro at 6 inches lens-to-subject</model>
        <model lang="de">festes Objektiv, Makro bei 6 Zoll Fokusabstand</model>
        <mount>sony707</mount>
        <cropfactor>3.933</cropfactor>
        <aspect-ratio>4:3</aspect-ratio>
        <calibration>
            <distortion model="ptlens" focal="9.7" a="0.010005" b="-0.036568" c="0"/>
            <distortion model="ptlens" focal="11.6" a="0.007818" b="-0.025626" c="0"/>
            <distortion model="ptlens" focal="13.4" a="0.008336" b="-0.023635" c="0"/>
            <distortion model="ptlens" focal="16.2" a="0.003258" b="-0.010335" c="0"/>
            <distortion model="ptlens" focal="18.5" a="0.002886" b="-0.007316" c="0"/>
            <distortion model="ptlens" focal="21.7" a="-0.000938" b="0.000754" c="0"/>
        </calibration>
    </lens>
    <lens>
        <maker>Carl Zeiss</maker>
        <model>DSC-F707 &amp; compatibles, macro at 8 inches lens-to-subject</model>
        <model lang="en">fixed lens, macro at 8 inches lens-to-subject</model>
        <model lang="de">festes Objektiv, Makro bei 8 Zoll Fokusabstand</model>
        <mount>sony707</mount>
        <cropfactor>3.933</cropfactor>
        <aspect-ratio>4:3</aspect-ratio>
        <calibration>
            <distortion model="ptlens" focal="9.7" a="0.008828" b="-0.033454" c="0"/>
            <distortion model="ptlens" focal="10" a="0.009809" b="-0.034654" c="0"/>
            <distortion model="ptlens" focal="12.3" a="0.00792" b="-0.023487" c="0"/>
            <distortion model="ptlens" focal="14" a="0.008493" b="-0.022144" c="0"/>
            <distortion model="ptlens" focal="15.7" a="0.007818" b="-0.018959" c="0"/>
            <distortion model="ptlens" focal="17.6" a="0.007518" b="-0.01686" c="0"/>
            <distortion model="ptlens" focal="20" a="0.007483" b="-0.01459" c="0"/>
            <distortion model="ptlens" focal="21.7" a="0.00499" b="-0.009241" c="0"/>
            <distortion model="ptlens" focal="23.5" a="0.008569" b="-0.01449" c="0"/>
        </calibration>
    </lens>
    <lens>
        <maker>Carl Zeiss</maker>
        <model>DSC-F707 &amp; compatibles, macro at 12 inches lens-to-subject</model>
        <model lang="en">fixed lens, macro at 12 inches lens-to-subject</model>
        <model lang="de">festes Objektiv, Makro bei 12 Zoll Fokusabstand</model>
        <mount>sony707</mount>
        <cropfactor>3.933</cropfactor>
        <aspect-ratio>4:3</aspect-ratio>
        <calibration>
            <distortion model="ptlens" focal="9.7" a="0.005441" b="-0.026284" c="0"/>
            <distortion model="ptlens" focal="11.8" a="0.002698" b="-0.013035" c="0"/>
            <distortion model="ptlens" focal="13.7" a="0.002173" b="-0.007676" c="0"/>
            <distortion model="ptlens" focal="16" a="0.001309" b="-0.003671" c="0"/>
            <distortion model="ptlens" focal="20.3" a="-0.00041" b="0.001674" c="0"/>
            <distortion model="ptlens" focal="23.2" a="-0.000971" b="0.004488" c="0"/>
            <distortion model="ptlens" focal="26.2" a="0.001346" b="0.001204" c="0"/>
        </calibration>
    </lens>
    <lens>
        <maker>Carl Zeiss</maker>
        <model>DSC-F707 &amp; compatibles, macro at 16 inches lens-to-subject</model>
        <model lang="en">fixed lens, macro at 16 inches lens-to-subject</model>
        <model lang="de">festes Objektiv, Makro bei 16 Zoll Fokusabstand</model>
        <mount>sony707</mount>
        <cropfactor>3.933</cropfactor>
        <aspect-ratio>4:3</aspect-ratio>
        <calibration>
            <distortion model="ptlens" focal="9.7" a="0.003516" b="-0.019643" c="0"/>
            <distortion model="ptlens" focal="10" a="0.006212" b="-0.024486" c="0"/>
            <distortion model="ptlens" focal="11.8" a="0.005146" b="-0.014241" c="0"/>
            <distortion model="ptlens" focal="14.4" a="-0.001178" b="0.002261" c="0"/>
            <distortion model="ptlens" focal="17.2" a="-0.004022" b="0.010283" c="0"/>
            <distortion model="ptlens" focal="19.8" a="-0.006228" b="0.0155" c="0"/>
            <distortion model="ptlens" focal="22.2" a="-0.006146" b="0.016116" c="0"/>
            <distortion model="ptlens" focal="25.1" a="-0.005856" b="0.016421" c="0"/>
        </calibration>
    </lens>
    <lens>
        <maker>Carl Zeiss</maker>
        <model>DSC-F707 &amp; compatibles, macro at 20 inches lens-to-subject</model>
        <model lang="en">fixed lens, macro at 20 inches lens-to-subject</model>
        <model lang="de">festes Objektiv, Makro bei 20 Zoll Fokusabstand</model>
        <mount>sony707</mount>
        <cropfactor>3.933</cropfactor>
        <aspect-ratio>4:3</aspect-ratio>
        <calibration>
            <distortion model="ptlens" focal="9.7" a="0.007797" b="-0.028559" c="0"/>
            <distortion model="ptlens" focal="11.3" a="0.005268" b="-0.015619" c="0"/>
            <distortion model="ptlens" focal="13.2" a="0.00529" b="-0.010754" c="0"/>
            <distortion model="ptlens" focal="15.7" a="0.000909" b="0.000249" c="0"/>
            <distortion model="ptlens" focal="19" a="-0.001878" b="0.007994" c="0"/>
            <distortion model="ptlens" focal="23.8" a="-0.005316" b="0.015693" c="0"/>
            <distortion model="ptlens" focal="27.3" a="-0.002718" b="0.011242" c="0"/>
            <distortion model="ptlens" focal="31" a="-0.005955" b="0.017757" c="0"/>
        </calibration>
    </lens>
    <lens>
        <maker>Carl Zeiss</maker>
        <model>DSC-F707 &amp; compatibles, macro at 24 inches lens-to-subject</model>
        <model lang="en">fixed lens, macro at 24 inches lens-to-subject</model>
        <model lang="de">festes Objektiv, Makro bei 24 Zoll Fokusabstand</model>
        <mount>sony707</mount>
        <cropfactor>3.933</cropfactor>
        <aspect-ratio>4:3</aspect-ratio>
        <calibration>
            <distortion model="ptlens" focal="9.7" a="0.010658" b="-0.033833" c="0"/>
            <distortion model="ptlens" focal="11.7" a="0.005202" b="-0.013888" c="0"/>
            <distortion model="ptlens" focal="13.8" a="-4.8e-05" b="0.000712" c="0"/>
            <distortion model="ptlens" focal="16.8" a="0.000439" b="0.002163" c="0"/>
            <distortion model="ptlens" focal="20.8" a="-0.003775" b="0.012109" c="0"/>
            <distortion model="ptlens" focal="26.9" a="-0.004368" b="0.014947" c="0"/>
            <distortion model="ptlens" focal="30.1" a="-0.007381" b="0.021336" c="0"/>
            <distortion model="ptlens" focal="32.3" a="0.001832" b="0.004546" c="0"/>
        </calibration>
    </lens>
    <lens>
        <maker>Carl Zeiss</maker>
        <model>DSC-F707 &amp; compatibles, macro at 32 inches lens-to-subject</model>
        <model lang="en">fixed lens, macro at 32 inches lens-to-subject</model>
        <model lang="de">festes Objektiv, Makro bei 32 Zoll Fokusabstand</model>
        <mount>sony707</mount>
        <cropfactor>3.933</cropfactor>
        <aspect-ratio>4:3</aspect-ratio>
        <calibration>
            <distortion model="ptlens" focal="9.7" a="0.011238" b="-0.03276" c="0"/>
            <distortion model="ptlens" focal="11.7" a="0.010299" b="-0.022773" c="0"/>
            <distortion model="ptlens" focal="12.9" a="0.006434" b="-0.011551" c="0"/>
            <distortion model="ptlens" focal="16" a="0.00257" b="-0.000701" c="0"/>
            <distortion model="ptlens" focal="20.8" a="-0.000547" b="0.007442" c="0"/>
            <distortion model="ptlens" focal="25.8" a="-0.002161" b="0.011043" c="0"/>
            <distortion model="ptlens" focal="32.8" a="-0.003287" b="0.014812" c="0"/>
            <distortion model="ptlens" focal="41.9" a="-0.004935" b="0.018777" c="0"/>
            <distortion model="ptlens" focal="48.5" a="0.004262" b="0.000662" c="0"/>
        </calibration>
    </lens>
    <lens>
        <maker>Carl Zeiss</maker>
        <model>DSC-F707 &amp; compatibles, with VCL-HGD0758 wide angle</model>
        <model lang="en">fixed lens, with VCL-HGD0758 wide angle</model>
        <model lang="de">festes Objektiv, mit VCL-HGD0758 Weitwinkel</model>
        <mount>sony707</mount>
        <cropfactor>3.933</cropfactor>
        <aspect-ratio>4:3</aspect-ratio>
        <calibration>
            <distortion model="ptlens" focal="9.7" a="0.016774" b="-0.047703" c="0"/>
            <distortion model="ptlens" focal="11" a="0.009581" b="-0.02965" c="0"/>
            <distortion model="ptlens" focal="12" a="0.008705" b="-0.025049" c="0"/>
            <distortion model="ptlens" focal="13.4" a="0.004145" b="-0.011484" c="0"/>
            <distortion model="ptlens" focal="15.5" a="0.0037" b="-0.008603" c="0"/>
            <distortion model="ptlens" focal="17.6" a="0.003904" b="-0.007234" c="0"/>
            <distortion model="ptlens" focal="20.8" a="-0.002051" b="0.005661" c="0"/>
            <distortion model="ptlens" focal="24.1" a="-0.001926" b="0.007451" c="0"/>
            <distortion model="ptlens" focal="28.5" a="0.004636" b="-0.003879" c="0"/>
            <distortion model="ptlens" focal="33.3" a="0.002188" b="0.002064" c="0"/>
            <distortion model="ptlens" focal="38.7" a="0.004276" b="-0.001513" c="0"/>
            <distortion model="ptlens" focal="48.5" a="0.0019" b="0.005193" c="0"/>
        </calibration>
    </lens>
    <lens>
        <maker>Carl Zeiss</maker>
        <model>DSC-F707 &amp; compatibles, with Sakar 1858W</model>
        <model lang="en">fixed lens, with Sakar 1858W</model>
        <model lang="de">festes Objektiv, mit Sakar 1858W</model>
        <mount>sony707</mount>
        <cropfactor>3.933</cropfactor>
        <aspect-ratio>4:3</aspect-ratio>
        <calibration>
            <distortion model="ptlens" focal="9.7" a="-0.002331" b="0.001991" c="-0.087683"/>
            <distortion model="ptlens" focal="11.2" a="0.007839" b="-0.04002" c="0"/>
            <distortion model="ptlens" focal="15.5" a="0.003505" b="-0.0146" c="0"/>
            <distortion model="ptlens" focal="20.8" a="0" b="0" c="0"/>
            <distortion model="ptlens" focal="30.1" a="0" b="0.003841" c="0"/>
            <distortion model="ptlens" focal="48.5" a="0" b="0.008175" c="0"/>
        </calibration>
    </lens>
    <lens>
        <maker>Carl Zeiss</maker>
        <model>DSC-W1 &amp; compatibles (Standard)</model>
        <model lang="en">fixed lens</model>
        <model lang="de">festes Objektiv</model>
        <mount>sonyW1</mount>
        <cropfactor>4.8</cropfactor>
        <aspect-ratio>4:3</aspect-ratio>
        <calibration>
            <distortion model="ptlens" focal="7.9" a="-0.008279" b="0.002007" c="0"/>
            <distortion model="ptlens" focal="9.2" a="-0.007809" b="0.005" c="0"/>
            <distortion model="ptlens" focal="10.7" a="-0.007003" b="0.007151" c="0"/>
            <distortion model="ptlens" focal="12.1" a="-0.009672" b="0.0148" c="0"/>
            <distortion model="ptlens" focal="13.7" a="-0.007984" b="0.013" c="0"/>
            <distortion model="ptlens" focal="16.7" a="-0.006571" b="0.011638" c="0"/>
            <distortion model="ptlens" focal="18.7" a="-0.007423" b="0.014476" c="0"/>
            <distortion model="ptlens" focal="23.7" a="-0.00342" b="0.006814" c="0"/>
        </calibration>
    </lens>
    <lens>
        <maker>Carl Zeiss</maker>
        <model>DSC-V1 &amp; compatibles (Standard)</model>
        <model lang="en">fixed lens</model>
        <model lang="de">festes Objektiv</model>
        <mount>sonyV1</mount>
        <cropfactor>4.843</cropfactor>
        <aspect-ratio>4:3</aspect-ratio>
        <calibration>
            <distortion model="ptlens" focal="7" a="0.020149" b="-0.051282" c="0"/>
            <distortion model="ptlens" focal="8.4" a="0.009589" b="-0.02989" c="0"/>
            <distortion model="ptlens" focal="9.9" a="0.005758" b="-0.01638" c="0"/>
            <distortion model="ptlens" focal="11.8" a="0.004149" b="-0.008145" c="0"/>
            <distortion model="ptlens" focal="13.9" a="0.003385" b="-0.003763" c="0"/>
            <distortion model="ptlens" focal="16.5" a="0" b="0.004756" c="0"/>
            <distortion model="ptlens" focal="19.7" a="0" b="0.005925" c="0"/>
            <distortion model="ptlens" focal="23.4" a="0" b="0.006385" c="0"/>
            <distortion model="ptlens" focal="28" a="0" b="0.00446" c="0"/>
        </calibration>
    </lens>
    <lens>
        <maker>Carl Zeiss</maker>
        <model>DSC-V1 &amp; compatibles, with VCL-DEH07V converter</model>
        <model lang="en">fixed lens, with VCL-DEH07V converter</model>
        <model lang="de">festes Objektiv, mit VCL-DEH07V-Konverter</model>
        <mount>sonyV1</mount>
        <cropfactor>4.843</cropfactor>
        <aspect-ratio>4:3</aspect-ratio>
        <calibration>
            <distortion model="ptlens" focal="7" a="0.045731" b="-0.098626" c="0"/>
        </calibration>
    </lens>
    <lens>
        <maker>Carl Zeiss</maker>
        <model>DSC-V1 &amp; compatibles, with VCL-DEH17V converter</model>
        <model lang="en">fixed lens, with VCL-DEH17V converter</model>
        <model lang="de">festes Objektiv, mit VCL-DEH17V-Konverter</model>
        <mount>sonyV1</mount>
        <cropfactor>4.843</cropfactor>
        <aspect-ratio>4:3</aspect-ratio>
        <calibration>
            <distortion model="poly3" focal="28" k1="0.009101"/>
        </calibration>
    </lens>
    <lens>
        <maker>Carl Zeiss</maker>
        <model>DSC-T1 &amp; compatibles (Standard)</model>
        <model lang="en">fixed lens</model>
        <model lang="de">festes Objektiv</model>
        <mount>sonyT1</mount>
        <cropfactor>5.650</cropfactor>
        <aspect-ratio>4:3</aspect-ratio>
        <calibration>
            <distortion model="ptlens" focal="6.7" a="0" b="-0.014873" c="0"/>
            <distortion model="ptlens" focal="7.7" a="0" b="-0.006302" c="0"/>
            <distortion model="ptlens" focal="9.1" a="0" b="0.008439" c="-0.020907"/>
            <distortion model="ptlens" focal="10.8" a="0" b="0.017351" c="-0.032506"/>
            <distortion model="ptlens" focal="13" a="0" b="0.017565" c="-0.023987"/>
            <distortion model="ptlens" focal="15.4" a="0" b="0.015416" c="-0.016469"/>
            <distortion model="ptlens" focal="17.8" a="0" b="0.019638" c="-0.022392"/>
            <distortion model="ptlens" focal="20.1" a="0" b="0.020712" c="-0.027228"/>
        </calibration>
    </lens>
    <lens>
        <maker>Carl Zeiss</maker>
        <model>DSC-S85 &amp; compatibles (Standard)</model>
        <model lang="en">fixed lens</model>
        <model lang="de">festes Objektiv</model>
        <mount>sonyS85</mount>
        <cropfactor>4.843</cropfactor>
        <aspect-ratio>4:3</aspect-ratio>
        <calibration>
            <distortion model="ptlens" focal="7" a="0.014946" b="-0.03766" c="0"/>
        </calibration>
    </lens>
    <lens>
        <maker>Carl Zeiss</maker>
        <model>DSC-S85 &amp; compatibles, with VCL-MHG07a converter</model>
        <model lang="en">fixed lens, with VCL-MHG07a converter</model>
        <model lang="de">festes Objektiv, mit VCL-MHG07a-Konverter</model>
        <mount>sonyS85</mount>
        <cropfactor>4.843</cropfactor>
        <aspect-ratio>4:3</aspect-ratio>
        <calibration>
            <distortion model="ptlens" focal="7" a="0.03951" b="-0.094976" c="0"/>
        </calibration>
    </lens>
    <lens>
        <maker>Carl Zeiss</maker>
        <model>DSC-S60 &amp; compatibles (Standard)</model>
        <model lang="en">fixed lens</model>
        <model lang="de">festes Objektiv</model>
        <mount>sonyS60</mount>
        <cropfactor>6.5</cropfactor>
        <aspect-ratio>4:3</aspect-ratio>
        <calibration>
            <distortion model="ptlens" focal="6" a="0.003091" b="-0.022634" c="0"/>
            <distortion model="ptlens" focal="6.8" a="0" b="-0.011585" c="0"/>
            <distortion model="ptlens" focal="7.8" a="0" b="-0.008459" c="0"/>
            <distortion model="ptlens" focal="8.9" a="0" b="-0.006522" c="0"/>
            <distortion model="ptlens" focal="10.3" a="0" b="-0.004379" c="0"/>
            <distortion model="ptlens" focal="11.6" a="0" b="-0.005021" c="0"/>
            <distortion model="ptlens" focal="13.6" a="0" b="-0.0056" c="0"/>
            <distortion model="ptlens" focal="15.6" a="0" b="-0.004708" c="0"/>
            <distortion model="ptlens" focal="18" a="0" b="-0.004799" c="0"/>
        </calibration>
    </lens>
    <lens>
        <maker>Sony</maker>
        <model>DSC-RX100 &amp; compatibles (Standard)</model>
        <model lang="en">fixed lens</model>
        <model lang="de">festes Objektiv</model>
        <mount>sonyRX100</mount>
        <focal min="10.4" max="37.1"/>
        <cropfactor>2.73</cropfactor>
        <aspect-ratio>3:2</aspect-ratio>
        <calibration>
            <distortion model="ptlens" focal="10.4" a="0.01545" b="-0.08481" c="0.01241"/>
            <distortion model="ptlens" focal="10.5" a="0.01626" b="-0.08787" c="0.01927"/>
            <distortion model="ptlens" focal="11" a="0.01399" b="-0.08007" c="0.01782"/>
            <distortion model="ptlens" focal="11.9" a="0.00893" b="-0.06134" c="0.01024"/>
            <distortion model="ptlens" focal="12.3" a="0.00845" b="-0.06008" c="0.01686"/>
            <distortion model="ptlens" focal="12.6" a="0.00961" b="-0.06359" c="0.02584"/>
            <distortion model="ptlens" focal="13.6" a="0.00609" b="-0.05032" c="0.01908"/>
            <distortion model="ptlens" focal="14.2" a="0.00302" b="-0.03672" c="0.01188"/>
            <distortion model="ptlens" focal="14.6" a="0.00352" b="-0.03932" c="0.01669"/>
            <distortion model="ptlens" focal="15.3" a="0.00209" b="-0.03384" c="0.01502"/>
            <distortion model="ptlens" focal="16.4" a="0.00077" b="-0.02669" c="0.01369"/>
            <distortion model="ptlens" focal="17.2" a="0.00265" b="-0.03145" c="0.02022"/>
            <distortion model="ptlens" focal="17.4" a="-0.00228" b="-0.01227" c="0.00127"/>
            <distortion model="ptlens" focal="18.7" a="-0.00131" b="-0.01567" c="0.0091"/>
            <distortion model="ptlens" focal="20" a="-0.00192" b="-0.00977" c="0.00312"/>
            <distortion model="ptlens" focal="20.4" a="-0.00107" b="-0.01519" c="0.01405"/>
            <distortion model="ptlens" focal="21.3" a="-0.00504" b="-0.00065" c="0.00061"/>
            <distortion model="ptlens" focal="22.5" a="-0.00238" b="-0.00734" c="0.00716"/>
            <distortion model="ptlens" focal="22.7" a="-0.00235" b="-0.00695" c="0.00775"/>
            <distortion model="ptlens" focal="24.1" a="-0.00183" b="-0.00986" c="0.01416"/>
            <distortion model="ptlens" focal="25.3" a="-0.0031" b="-0.00379" c="0.00842"/>
            <distortion model="ptlens" focal="27.2" a="-0.00188" b="-0.00871" c="0.0151"/>
            <distortion model="ptlens" focal="28.5" a="-0.00256" b="-0.00394" c="0.00904"/>
            <distortion model="ptlens" focal="28.8" a="-0.00092" b="-0.01079" c="0.01804"/>
            <distortion model="ptlens" focal="30.5" a="-0.00415" b="0.00132" c="0.00385"/>
            <distortion model="ptlens" focal="31.5" a="-0.00456" b="0.00351" c="0.00105"/>
            <distortion model="ptlens" focal="33.9" a="-0.00265" b="-0.00167" c="0.00464"/>
            <distortion model="ptlens" focal="34.9" a="-0.00212" b="-0.00435" c="0.00905"/>
            <distortion model="ptlens" focal="36.6" a="-0.00247" b="-0.00236" c="0.00582"/>
            <distortion model="ptlens" focal="37" a="-0.00349" b="0.00154" c="0.00098"/>
            <distortion model="ptlens" focal="37.1" a="-0.00271" b="-0.00118" c="0.00412"/>
            <tca model="poly3" focal="10.4" br="0.0002342" vr="1.0001550" bb="-0.0001554" vb="1.0004942"/>
            <tca model="poly3" focal="10.5" br="0.0002463" vr="1.0001198" bb="-0.0001306" vb="1.0004317"/>
            <tca model="poly3" focal="11" br="0.0002368" vr="1.0001749" bb="-0.0001164" vb="1.0003703"/>
            <tca model="poly3" focal="11.9" br="0.0002203" vr="1.0002392" bb="-0.0001186" vb="1.0003039"/>
            <tca model="poly3" focal="12.3" br="0.0002004" vr="1.0002655" bb="-0.0001209" vb="1.0002965"/>
            <tca model="poly3" focal="12.6" br="0.0001974" vr="1.0002404" bb="-0.0000958" vb="1.0002659"/>
            <tca model="poly3" focal="13.6" br="0.0001659" vr="1.0002605" bb="-0.0000997" vb="1.0002604"/>
            <tca model="poly3" focal="14.2" br="0.0001257" vr="1.0002471" bb="-0.0000798" vb="1.0002490"/>
            <tca model="poly3" focal="14.6" br="0.0001403" vr="1.0002301" bb="-0.0000759" vb="1.0002271"/>
            <tca model="poly3" focal="15.3" br="0.0001234" vr="1.0002022" bb="-0.0000695" vb="1.0002019"/>
            <tca model="poly3" focal="16.4" br="0.0000620" vr="1.0002378" bb="-0.0000676" vb="1.0001978"/>
            <tca model="poly3" focal="17.2" br="0.0000527" vr="1.0002461" bb="-0.0000601" vb="1.0001940"/>
            <tca model="poly3" focal="17.4" br="0.0000358" vr="1.0002497" bb="-0.0000560" vb="1.0001913"/>
            <tca model="poly3" focal="18.7" br="0.0000253" vr="1.0002263" bb="-0.0000490" vb="1.0001715"/>
            <tca model="poly3" focal="20" br="0.0000199" vr="1.0002162" bb="-0.0000511" vb="1.0001707"/>
            <tca model="poly3" focal="20.4" br="0.0000414" vr="1.0001780" bb="-0.0000436" vb="1.0001611"/>
            <tca model="poly3" focal="21.3" br="0.0000417" vr="1.0001842" bb="-0.0000376" vb="1.0001561"/>
            <tca model="poly3" focal="22.5" br="0.0000040" vr="1.0001884" bb="-0.0000404" vb="1.0001393"/>
            <tca model="poly3" focal="22.7" br="-0.0000082" vr="1.0002098" bb="-0.0000274" vb="1.0001262"/>
            <tca model="poly3" focal="24.1" br="0.0000091" vr="1.0002030" bb="-0.0000354" vb="1.0001363"/>
            <tca model="poly3" focal="25.3" br="0.0000076" vr="1.0001528" bb="-0.0000459" vb="1.0001618"/>
            <tca model="poly3" focal="27.2" br="-0.0000282" vr="1.0002109" bb="-0.0000426" vb="1.0001308"/>
            <tca model="poly3" focal="28.5" br="-0.0000386" vr="1.0001745" bb="-0.0000564" vb="1.0001661"/>
            <tca model="poly3" focal="28.8" br="-0.0000182" vr="1.0001582" bb="-0.0000477" vb="1.0001482"/>
            <tca model="poly3" focal="30.5" br="-0.0000354" vr="1.0001600" bb="-0.0000419" vb="1.0001247"/>
            <tca model="poly3" focal="31.5" br="-0.0000311" vr="1.0001766" bb="-0.0000439" vb="1.0001142"/>
            <tca model="poly3" focal="33.9" br="-0.0000328" vr="1.0001196" bb="-0.0000508" vb="1.0001311"/>
            <tca model="poly3" focal="34.9" br="-0.0000372" vr="1.0001175" bb="-0.0000599" vb="1.0001487"/>
            <tca model="poly3" focal="36.6" br="-0.0000291" vr="1.0001111" bb="-0.0000474" vb="1.0001054"/>
            <tca model="poly3" focal="37" br="-0.0000219" vr="1.0001117" bb="-0.0000363" vb="1.0000888"/>
            <tca model="poly3" focal="37.1" br="-0.0000370" vr="1.0001328" bb="-0.0000389" vb="1.0000566"/>
            <vignetting model="pa" focal="10.4" aperture="1.8" distance="10" k1="-0.8321" k2="1.2846" k3="-1.0229"/>
            <vignetting model="pa" focal="10.4" aperture="1.8" distance="1000" k1="-0.8321" k2="1.2846" k3="-1.0229"/>
            <vignetting model="pa" focal="10.4" aperture="2" distance="10" k1="-0.7935" k2="1.0734" k3="-0.8346"/>
            <vignetting model="pa" focal="10.4" aperture="2" distance="1000" k1="-0.7935" k2="1.0734" k3="-0.8346"/>
            <vignetting model="pa" focal="10.4" aperture="2.2" distance="10" k1="-0.6079" k2="0.5105" k3="-0.4177"/>
            <vignetting model="pa" focal="10.4" aperture="2.2" distance="1000" k1="-0.6079" k2="0.5105" k3="-0.4177"/>
            <vignetting model="pa" focal="10.4" aperture="2.5" distance="10" k1="-0.5136" k2="0.2018" k3="-0.1792"/>
            <vignetting model="pa" focal="10.4" aperture="2.5" distance="1000" k1="-0.5136" k2="0.2018" k3="-0.1792"/>
            <vignetting model="pa" focal="10.4" aperture="2.8" distance="10" k1="-0.5153" k2="0.1626" k3="-0.1250"/>
            <vignetting model="pa" focal="10.4" aperture="2.8" distance="1000" k1="-0.5153" k2="0.1626" k3="-0.1250"/>
            <vignetting model="pa" focal="10.4" aperture="3.2" distance="10" k1="-0.4034" k2="-0.0160" k3="-0.0352"/>
            <vignetting model="pa" focal="10.4" aperture="3.2" distance="1000" k1="-0.4034" k2="-0.0160" k3="-0.0352"/>
            <vignetting model="pa" focal="10.4" aperture="3.5" distance="10" k1="-0.3601" k2="-0.0278" k3="-0.0512"/>
            <vignetting model="pa" focal="10.4" aperture="3.5" distance="1000" k1="-0.3601" k2="-0.0278" k3="-0.0512"/>
            <vignetting model="pa" focal="10.4" aperture="4" distance="10" k1="-0.3654" k2="0.0623" k3="-0.1222"/>
            <vignetting model="pa" focal="10.4" aperture="4" distance="1000" k1="-0.3654" k2="0.0623" k3="-0.1222"/>
            <vignetting model="pa" focal="10.4" aperture="4.5" distance="10" k1="-0.4127" k2="0.2516" k3="-0.2743"/>
            <vignetting model="pa" focal="10.4" aperture="4.5" distance="1000" k1="-0.4127" k2="0.2516" k3="-0.2743"/>
            <vignetting model="pa" focal="10.4" aperture="5" distance="10" k1="-0.4689" k2="0.4299" k3="-0.4132"/>
            <vignetting model="pa" focal="10.4" aperture="5" distance="1000" k1="-0.4689" k2="0.4299" k3="-0.4132"/>
            <vignetting model="pa" focal="10.4" aperture="5.6" distance="10" k1="-0.5018" k2="0.4860" k3="-0.4574"/>
            <vignetting model="pa" focal="10.4" aperture="5.6" distance="1000" k1="-0.5018" k2="0.4860" k3="-0.4574"/>
            <vignetting model="pa" focal="10.4" aperture="6.3" distance="10" k1="-0.5447" k2="0.6030" k3="-0.5152"/>
            <vignetting model="pa" focal="10.4" aperture="6.3" distance="1000" k1="-0.5447" k2="0.6030" k3="-0.5152"/>
            <vignetting model="pa" focal="10.4" aperture="7.1" distance="10" k1="-0.5713" k2="0.6539" k3="-0.5207"/>
            <vignetting model="pa" focal="10.4" aperture="7.1" distance="1000" k1="-0.5713" k2="0.6539" k3="-0.5207"/>
            <vignetting model="pa" focal="10.4" aperture="8" distance="10" k1="-0.5756" k2="0.6362" k3="-0.4830"/>
            <vignetting model="pa" focal="10.4" aperture="8" distance="1000" k1="-0.5756" k2="0.6362" k3="-0.4830"/>
            <vignetting model="pa" focal="10.4" aperture="9" distance="10" k1="-0.5599" k2="0.5717" k3="-0.4048"/>
            <vignetting model="pa" focal="10.4" aperture="9" distance="1000" k1="-0.5599" k2="0.5717" k3="-0.4048"/>
            <vignetting model="pa" focal="10.4" aperture="10" distance="10" k1="-0.5351" k2="0.4943" k3="-0.3245"/>
            <vignetting model="pa" focal="10.4" aperture="10" distance="1000" k1="-0.5351" k2="0.4943" k3="-0.3245"/>
            <vignetting model="pa" focal="10.4" aperture="11" distance="10" k1="-0.5176" k2="0.4157" k3="-0.2460"/>
            <vignetting model="pa" focal="10.4" aperture="11" distance="1000" k1="-0.5176" k2="0.4157" k3="-0.2460"/>
            <vignetting model="pa" focal="13.2" aperture="2.8" distance="10" k1="-0.0310" k2="-0.7872" k3="0.4306"/>
            <vignetting model="pa" focal="13.2" aperture="2.8" distance="1000" k1="-0.0310" k2="-0.7872" k3="0.4306"/>
            <vignetting model="pa" focal="13.2" aperture="3.2" distance="10" k1="0.0310" k2="-0.7967" k3="0.3779"/>
            <vignetting model="pa" focal="13.2" aperture="3.2" distance="1000" k1="0.0310" k2="-0.7967" k3="0.3779"/>
            <vignetting model="pa" focal="13.2" aperture="3.5" distance="10" k1="0.0038" k2="-0.6216" k3="0.2292"/>
            <vignetting model="pa" focal="13.2" aperture="3.5" distance="1000" k1="0.0038" k2="-0.6216" k3="0.2292"/>
            <vignetting model="pa" focal="13.2" aperture="4" distance="10" k1="-0.0883" k2="-0.3065" k3="0.0060"/>
            <vignetting model="pa" focal="13.2" aperture="4" distance="1000" k1="-0.0883" k2="-0.3065" k3="0.0060"/>
            <vignetting model="pa" focal="13.2" aperture="4.5" distance="10" k1="-0.2164" k2="0.0574" k3="-0.2291"/>
            <vignetting model="pa" focal="13.2" aperture="4.5" distance="1000" k1="-0.2164" k2="0.0574" k3="-0.2291"/>
            <vignetting model="pa" focal="13.2" aperture="5" distance="10" k1="-0.3330" k2="0.3290" k3="-0.3773"/>
            <vignetting model="pa" focal="13.2" aperture="5" distance="1000" k1="-0.3330" k2="0.3290" k3="-0.3773"/>
            <vignetting model="pa" focal="13.2" aperture="5.6" distance="10" k1="-0.4549" k2="0.5749" k3="-0.4953"/>
            <vignetting model="pa" focal="13.2" aperture="5.6" distance="1000" k1="-0.4549" k2="0.5749" k3="-0.4953"/>
            <vignetting model="pa" focal="13.2" aperture="6.3" distance="10" k1="-0.4988" k2="0.7224" k3="-0.6053"/>
            <vignetting model="pa" focal="13.2" aperture="6.3" distance="1000" k1="-0.4988" k2="0.7224" k3="-0.6053"/>
            <vignetting model="pa" focal="13.2" aperture="7.1" distance="10" k1="-0.5221" k2="0.7892" k3="-0.6525"/>
            <vignetting model="pa" focal="13.2" aperture="7.1" distance="1000" k1="-0.5221" k2="0.7892" k3="-0.6525"/>
            <vignetting model="pa" focal="13.2" aperture="8" distance="10" k1="-0.5166" k2="0.7629" k3="-0.6316"/>
            <vignetting model="pa" focal="13.2" aperture="8" distance="1000" k1="-0.5166" k2="0.7629" k3="-0.6316"/>
            <vignetting model="pa" focal="13.2" aperture="9" distance="10" k1="-0.5437" k2="0.8567" k3="-0.6878"/>
            <vignetting model="pa" focal="13.2" aperture="9" distance="1000" k1="-0.5437" k2="0.8567" k3="-0.6878"/>
            <vignetting model="pa" focal="13.2" aperture="10" distance="10" k1="-0.5508" k2="0.8897" k3="-0.7080"/>
            <vignetting model="pa" focal="13.2" aperture="10" distance="1000" k1="-0.5508" k2="0.8897" k3="-0.7080"/>
            <vignetting model="pa" focal="13.2" aperture="11" distance="10" k1="-0.5499" k2="0.8958" k3="-0.7088"/>
            <vignetting model="pa" focal="13.2" aperture="11" distance="1000" k1="-0.5499" k2="0.8958" k3="-0.7088"/>
            <vignetting model="pa" focal="18.7" aperture="3.2" distance="10" k1="-0.1132" k2="-0.7446" k3="0.4854"/>
            <vignetting model="pa" focal="18.7" aperture="3.2" distance="1000" k1="-0.1132" k2="-0.7446" k3="0.4854"/>
            <vignetting model="pa" focal="18.7" aperture="3.5" distance="10" k1="0.0762" k2="-0.9229" k3="0.5035"/>
            <vignetting model="pa" focal="18.7" aperture="3.5" distance="1000" k1="0.0762" k2="-0.9229" k3="0.5035"/>
            <vignetting model="pa" focal="18.7" aperture="4" distance="10" k1="0.1330" k2="-0.7857" k3="0.3368"/>
            <vignetting model="pa" focal="18.7" aperture="4" distance="1000" k1="0.1330" k2="-0.7857" k3="0.3368"/>
            <vignetting model="pa" focal="18.7" aperture="4.5" distance="10" k1="0.0416" k2="-0.3692" k3="0.0257"/>
            <vignetting model="pa" focal="18.7" aperture="4.5" distance="1000" k1="0.0416" k2="-0.3692" k3="0.0257"/>
            <vignetting model="pa" focal="18.7" aperture="5" distance="10" k1="-0.1035" k2="0.0359" k3="-0.2311"/>
            <vignetting model="pa" focal="18.7" aperture="5" distance="1000" k1="-0.1035" k2="0.0359" k3="-0.2311"/>
            <vignetting model="pa" focal="18.7" aperture="5.6" distance="10" k1="-0.2575" k2="0.4093" k3="-0.4403"/>
            <vignetting model="pa" focal="18.7" aperture="5.6" distance="1000" k1="-0.2575" k2="0.4093" k3="-0.4403"/>
            <vignetting model="pa" focal="18.7" aperture="6.3" distance="10" k1="-0.3764" k2="0.6211" k3="-0.5246"/>
            <vignetting model="pa" focal="18.7" aperture="6.3" distance="1000" k1="-0.3764" k2="0.6211" k3="-0.5246"/>
            <vignetting model="pa" focal="18.7" aperture="7.1" distance="10" k1="-0.4680" k2="0.7105" k3="-0.5110"/>
            <vignetting model="pa" focal="18.7" aperture="7.1" distance="1000" k1="-0.4680" k2="0.7105" k3="-0.5110"/>
            <vignetting model="pa" focal="18.7" aperture="8" distance="10" k1="-0.4570" k2="0.6469" k3="-0.4371"/>
            <vignetting model="pa" focal="18.7" aperture="8" distance="1000" k1="-0.4570" k2="0.6469" k3="-0.4371"/>
            <vignetting model="pa" focal="18.7" aperture="9" distance="10" k1="-0.4226" k2="0.5152" k3="-0.3220"/>
            <vignetting model="pa" focal="18.7" aperture="9" distance="1000" k1="-0.4226" k2="0.5152" k3="-0.3220"/>
            <vignetting model="pa" focal="18.7" aperture="10" distance="10" k1="-0.3843" k2="0.3712" k3="-0.2056"/>
            <vignetting model="pa" focal="18.7" aperture="10" distance="1000" k1="-0.3843" k2="0.3712" k3="-0.2056"/>
            <vignetting model="pa" focal="18.7" aperture="11" distance="10" k1="-0.3679" k2="0.3022" k3="-0.1444"/>
            <vignetting model="pa" focal="18.7" aperture="11" distance="1000" k1="-0.3679" k2="0.3022" k3="-0.1444"/>
            <vignetting model="pa" focal="26.3" aperture="4" distance="10" k1="-0.2102" k2="-0.4690" k3="0.3420"/>
            <vignetting model="pa" focal="26.3" aperture="4" distance="1000" k1="-0.2102" k2="-0.4690" k3="0.3420"/>
            <vignetting model="pa" focal="26.3" aperture="4.5" distance="10" k1="-0.0958" k2="-0.4577" k3="0.2539"/>
            <vignetting model="pa" focal="26.3" aperture="4.5" distance="1000" k1="-0.0958" k2="-0.4577" k3="0.2539"/>
            <vignetting model="pa" focal="26.3" aperture="5" distance="10" k1="-0.1269" k2="-0.1655" k3="0.0260"/>
            <vignetting model="pa" focal="26.3" aperture="5" distance="1000" k1="-0.1269" k2="-0.1655" k3="0.0260"/>
            <vignetting model="pa" focal="26.3" aperture="5.6" distance="10" k1="-0.1967" k2="0.1392" k3="-0.1716"/>
            <vignetting model="pa" focal="26.3" aperture="5.6" distance="1000" k1="-0.1967" k2="0.1392" k3="-0.1716"/>
            <vignetting model="pa" focal="26.3" aperture="6.3" distance="10" k1="-0.2359" k2="0.2713" k3="-0.2241"/>
            <vignetting model="pa" focal="26.3" aperture="6.3" distance="1000" k1="-0.2359" k2="0.2713" k3="-0.2241"/>
            <vignetting model="pa" focal="26.3" aperture="7.1" distance="10" k1="-0.2635" k2="0.2668" k3="-0.1614"/>
            <vignetting model="pa" focal="26.3" aperture="7.1" distance="1000" k1="-0.2635" k2="0.2668" k3="-0.1614"/>
            <vignetting model="pa" focal="26.3" aperture="8" distance="10" k1="-0.2829" k2="0.2315" k3="-0.0937"/>
            <vignetting model="pa" focal="26.3" aperture="8" distance="1000" k1="-0.2829" k2="0.2315" k3="-0.0937"/>
            <vignetting model="pa" focal="26.3" aperture="9" distance="10" k1="-0.3206" k2="0.2610" k3="-0.0871"/>
            <vignetting model="pa" focal="26.3" aperture="9" distance="1000" k1="-0.3206" k2="0.2610" k3="-0.0871"/>
            <vignetting model="pa" focal="26.3" aperture="10" distance="10" k1="-0.3170" k2="0.2624" k3="-0.0900"/>
            <vignetting model="pa" focal="26.3" aperture="10" distance="1000" k1="-0.3170" k2="0.2624" k3="-0.0900"/>
            <vignetting model="pa" focal="26.3" aperture="11" distance="10" k1="-0.3158" k2="0.2663" k3="-0.0933"/>
            <vignetting model="pa" focal="26.3" aperture="11" distance="1000" k1="-0.3158" k2="0.2663" k3="-0.0933"/>
            <vignetting model="pa" focal="37.1" aperture="4.9" distance="10" k1="-0.2176" k2="-0.4194" k3="0.2535"/>
            <vignetting model="pa" focal="37.1" aperture="4.9" distance="1000" k1="-0.2176" k2="-0.4194" k3="0.2535"/>
            <vignetting model="pa" focal="37.1" aperture="5.6" distance="10" k1="-0.1964" k2="-0.2475" k3="0.0897"/>
            <vignetting model="pa" focal="37.1" aperture="5.6" distance="1000" k1="-0.1964" k2="-0.2475" k3="0.0897"/>
            <vignetting model="pa" focal="37.1" aperture="6.3" distance="10" k1="-0.2301" k2="-0.0700" k3="-0.0247"/>
            <vignetting model="pa" focal="37.1" aperture="6.3" distance="1000" k1="-0.2301" k2="-0.0700" k3="-0.0247"/>
            <vignetting model="pa" focal="37.1" aperture="7.1" distance="10" k1="-0.2246" k2="-0.0741" k3="-0.0026"/>
            <vignetting model="pa" focal="37.1" aperture="7.1" distance="1000" k1="-0.2246" k2="-0.0741" k3="-0.0026"/>
            <vignetting model="pa" focal="37.1" aperture="8" distance="10" k1="-0.2047" k2="-0.1257" k3="0.0412"/>
            <vignetting model="pa" focal="37.1" aperture="8" distance="1000" k1="-0.2047" k2="-0.1257" k3="0.0412"/>
            <vignetting model="pa" focal="37.1" aperture="9" distance="10" k1="-0.1949" k2="-0.1368" k3="0.0459"/>
            <vignetting model="pa" focal="37.1" aperture="9" distance="1000" k1="-0.1949" k2="-0.1368" k3="0.0459"/>
            <vignetting model="pa" focal="37.1" aperture="10" distance="10" k1="-0.1864" k2="-0.1499" k3="0.0543"/>
            <vignetting model="pa" focal="37.1" aperture="10" distance="1000" k1="-0.1864" k2="-0.1499" k3="0.0543"/>
            <vignetting model="pa" focal="37.1" aperture="11" distance="10" k1="-0.1810" k2="-0.1572" k3="0.0584"/>
            <vignetting model="pa" focal="37.1" aperture="11" distance="1000" k1="-0.1810" k2="-0.1572" k3="0.0584"/>
        </calibration>
    </lens>
    <lens>
        <maker>Sony</maker>
        <model>DSC-RX100 II &amp; compatibles</model>
        <model lang="en">fixed lens</model>
        <model lang="de">festes Objektiv</model>
        <mount>sonyRX100II</mount>
        <cropfactor>2.73</cropfactor>
        <aspect-ratio>3:2</aspect-ratio>
        <calibration>
            <distortion model="ptlens" focal="10.4" a="0.011046" b="-0.066845" c="-0.010623"/>
            <distortion model="ptlens" focal="12.5" a="0.005301" b="-0.046738" c="0.00161"/>
            <distortion model="ptlens" focal="14.1" a="0.007319" b="-0.055833" c="0.038765"/>
            <distortion model="ptlens" focal="16.6" a="0.005602" b="-0.042056" c="0.031479"/>
            <distortion model="ptlens" focal="18.2" a="-0.001954" b="-0.015736" c="0.011271"/>
            <distortion model="ptlens" focal="20.6" a="-0.002294" b="-0.017409" c="0.029357"/>
            <distortion model="ptlens" focal="23.3" a="0.000795" b="-0.023144" c="0.033147"/>
            <distortion model="ptlens" focal="25.3" a="-0.001021" b="-0.010802" c="0.014495"/>
            <distortion model="ptlens" focal="26.6" a="-0.000752" b="-0.01116" c="0.015762"/>
            <distortion model="ptlens" focal="29.5" a="0.003277" b="-0.024738" c="0.031628"/>
            <distortion model="ptlens" focal="30.8" a="0.001826" b="-0.01782" c="0.021784"/>
            <distortion model="ptlens" focal="33.2" a="0.003849" b="-0.028663" c="0.040715"/>
            <distortion model="ptlens" focal="35.3" a="0.0039" b="-0.025627" c="0.03066"/>
            <distortion model="ptlens" focal="37.1" a="0.001596" b="-0.022367" c="0.033843"/>
            <tca model="poly3" focal="10.4" br="0.0001237" vr="1.0002385" bb="-0.0001421" vb="1.0004466"/>
            <tca model="poly3" focal="12.5" br="0.0001230" vr="1.0002997" bb="-0.0000907" vb="1.0002562"/>
            <tca model="poly3" focal="14.1" br="0.0001337" vr="1.0003018" bb="-0.0000653" vb="1.0002075"/>
            <tca model="poly3" focal="16.6" br="0.0000925" vr="1.0002945" bb="-0.0000533" vb="1.0001741"/>
            <tca model="poly3" focal="18.2" br="0.0000752" vr="1.0002626" bb="-0.0000469" vb="1.0001686"/>
            <tca model="poly3" focal="20.6" br="0.0000398" vr="1.0002549" bb="-0.0000539" vb="1.0001774"/>
            <tca model="poly3" focal="23.3" br="0.0000583" vr="1.0002447" bb="-0.0000446" vb="1.0001558"/>
            <tca model="poly3" focal="25.3" br="0.0000804" vr="1.0001705" bb="-0.0000263" vb="1.0001217"/>
            <tca model="poly3" focal="26.6" br="-0.0000023" vr="1.0002448" bb="-0.0000481" vb="1.0001799"/>
            <tca model="poly3" focal="29.5" br="0.0000001" vr="1.0002366" bb="-0.0000120" vb="1.0000857"/>
            <tca model="poly3" focal="30.8" br="0.0000657" vr="1.0000796" bb="-0.0000449" vb="1.0001984"/>
            <tca model="poly3" focal="33.2" br="0.0000214" vr="1.0000994" bb="-0.0000269" vb="1.0001729"/>
            <tca model="poly3" focal="35.3" br="-0.0000002" vr="1.0000516" bb="-0.0000812" vb="1.0002827"/>
            <tca model="poly3" focal="37.1" br="0.0000607" vr="1.0000855" bb="-0.0000273" vb="1.0000706"/>
            <vignetting model="pa" focal="10.4" aperture="1.8" distance="10" k1="-0.7135" k2="1.3463" k3="-1.2816"/>
            <vignetting model="pa" focal="10.4" aperture="1.8" distance="1000" k1="-0.7135" k2="1.3463" k3="-1.2816"/>
            <vignetting model="pa" focal="10.4" aperture="2" distance="10" k1="-0.8326" k2="1.3279" k3="-1.0356"/>
            <vignetting model="pa" focal="10.4" aperture="2" distance="1000" k1="-0.8326" k2="1.3279" k3="-1.0356"/>
            <vignetting model="pa" focal="10.4" aperture="2.2" distance="10" k1="-0.6656" k2="0.5921" k3="-0.5394"/>
            <vignetting model="pa" focal="10.4" aperture="2.2" distance="1000" k1="-0.6656" k2="0.5921" k3="-0.5394"/>
            <vignetting model="pa" focal="10.4" aperture="2.5" distance="10" k1="-0.7229" k2="0.7602" k3="-0.6923"/>
            <vignetting model="pa" focal="10.4" aperture="2.5" distance="1000" k1="-0.7229" k2="0.7602" k3="-0.6923"/>
            <vignetting model="pa" focal="10.4" aperture="2.8" distance="10" k1="-0.7498" k2="0.7621" k3="-0.5955"/>
            <vignetting model="pa" focal="10.4" aperture="2.8" distance="1000" k1="-0.7498" k2="0.7621" k3="-0.5955"/>
            <vignetting model="pa" focal="10.4" aperture="3.2" distance="10" k1="-0.6216" k2="0.5553" k3="-0.5182"/>
            <vignetting model="pa" focal="10.4" aperture="3.2" distance="1000" k1="-0.6216" k2="0.5553" k3="-0.5182"/>
            <vignetting model="pa" focal="10.4" aperture="3.5" distance="10" k1="-0.5630" k2="0.4498" k3="-0.4015"/>
            <vignetting model="pa" focal="10.4" aperture="3.5" distance="1000" k1="-0.5630" k2="0.4498" k3="-0.4015"/>
            <vignetting model="pa" focal="10.4" aperture="4" distance="10" k1="-0.5777" k2="0.5116" k3="-0.3904"/>
            <vignetting model="pa" focal="10.4" aperture="4" distance="1000" k1="-0.5777" k2="0.5116" k3="-0.3904"/>
            <vignetting model="pa" focal="10.4" aperture="5.6" distance="10" k1="-0.5390" k2="0.2408" k3="-0.0446"/>
            <vignetting model="pa" focal="10.4" aperture="5.6" distance="1000" k1="-0.5390" k2="0.2408" k3="-0.0446"/>
            <vignetting model="pa" focal="10.4" aperture="8" distance="10" k1="-0.6269" k2="0.5259" k3="-0.3552"/>
            <vignetting model="pa" focal="10.4" aperture="8" distance="1000" k1="-0.6269" k2="0.5259" k3="-0.3552"/>
            <vignetting model="pa" focal="10.4" aperture="11" distance="10" k1="-0.5159" k2="0.1094" k3="0.0314"/>
            <vignetting model="pa" focal="10.4" aperture="11" distance="1000" k1="-0.5159" k2="0.1094" k3="0.0314"/>
            <vignetting model="pa" focal="11.2" aperture="2.2" distance="10" k1="-0.7467" k2="0.3276" k3="-0.0407"/>
            <vignetting model="pa" focal="11.2" aperture="2.2" distance="1000" k1="-0.7467" k2="0.3276" k3="-0.0407"/>
            <vignetting model="pa" focal="13.8" aperture="2.8" distance="10" k1="-0.5590" k2="-0.0464" k3="0.2053"/>
            <vignetting model="pa" focal="13.8" aperture="2.8" distance="1000" k1="-0.5590" k2="-0.0464" k3="0.2053"/>
            <vignetting model="pa" focal="13.8" aperture="4" distance="10" k1="-0.2494" k2="-0.1809" k3="0.0453"/>
            <vignetting model="pa" focal="13.8" aperture="4" distance="1000" k1="-0.2494" k2="-0.1809" k3="0.0453"/>
            <vignetting model="pa" focal="13.8" aperture="5.6" distance="10" k1="-0.3791" k2="0.2275" k3="-0.2863"/>
            <vignetting model="pa" focal="13.8" aperture="5.6" distance="1000" k1="-0.3791" k2="0.2275" k3="-0.2863"/>
            <vignetting model="pa" focal="13.8" aperture="8" distance="10" k1="-0.4985" k2="0.4805" k3="-0.3736"/>
            <vignetting model="pa" focal="13.8" aperture="8" distance="1000" k1="-0.4985" k2="0.4805" k3="-0.3736"/>
            <vignetting model="pa" focal="13.8" aperture="11" distance="10" k1="-0.4288" k2="0.1443" k3="-0.0009"/>
            <vignetting model="pa" focal="13.8" aperture="11" distance="1000" k1="-0.4288" k2="0.1443" k3="-0.0009"/>
            <vignetting model="pa" focal="15.3" aperture="2.8" distance="10" k1="-0.4644" k2="-0.1983" k3="0.2649"/>
            <vignetting model="pa" focal="15.3" aperture="2.8" distance="1000" k1="-0.4644" k2="-0.1983" k3="0.2649"/>
            <vignetting model="pa" focal="15.3" aperture="4" distance="10" k1="-0.2199" k2="-0.1659" k3="0.0650"/>
            <vignetting model="pa" focal="15.3" aperture="4" distance="1000" k1="-0.2199" k2="-0.1659" k3="0.0650"/>
            <vignetting model="pa" focal="15.3" aperture="5.6" distance="10" k1="-0.3723" k2="0.2516" k3="-0.1362"/>
            <vignetting model="pa" focal="15.3" aperture="5.6" distance="1000" k1="-0.3723" k2="0.2516" k3="-0.1362"/>
            <vignetting model="pa" focal="15.3" aperture="8" distance="10" k1="-0.3691" k2="0.0957" k3="0.0523"/>
            <vignetting model="pa" focal="15.3" aperture="8" distance="1000" k1="-0.3691" k2="0.0957" k3="0.0523"/>
            <vignetting model="pa" focal="15.3" aperture="11" distance="10" k1="-0.3575" k2="0.0843" k3="0.0146"/>
            <vignetting model="pa" focal="15.3" aperture="11" distance="1000" k1="-0.3575" k2="0.0843" k3="0.0146"/>
            <vignetting model="pa" focal="17.2" aperture="3.2" distance="10" k1="-0.2519" k2="-0.3907" k3="0.3136"/>
            <vignetting model="pa" focal="17.2" aperture="3.2" distance="1000" k1="-0.2519" k2="-0.3907" k3="0.3136"/>
            <vignetting model="pa" focal="17.2" aperture="4" distance="10" k1="-0.1731" k2="-0.2987" k3="0.1314"/>
            <vignetting model="pa" focal="17.2" aperture="4" distance="1000" k1="-0.1731" k2="-0.2987" k3="0.1314"/>
            <vignetting model="pa" focal="17.2" aperture="5.6" distance="10" k1="-0.4100" k2="0.5769" k3="-0.4051"/>
            <vignetting model="pa" focal="17.2" aperture="5.6" distance="1000" k1="-0.4100" k2="0.5769" k3="-0.4051"/>
            <vignetting model="pa" focal="17.2" aperture="8" distance="10" k1="-0.4308" k2="0.4526" k3="-0.2350"/>
            <vignetting model="pa" focal="17.2" aperture="8" distance="1000" k1="-0.4308" k2="0.4526" k3="-0.2350"/>
            <vignetting model="pa" focal="17.2" aperture="11" distance="10" k1="-0.3237" k2="0.0824" k3="0.0077"/>
            <vignetting model="pa" focal="17.2" aperture="11" distance="1000" k1="-0.3237" k2="0.0824" k3="0.0077"/>
            <vignetting model="pa" focal="21.1" aperture="3.5" distance="10" k1="-0.1925" k2="-0.3745" k3="0.2358"/>
            <vignetting model="pa" focal="21.1" aperture="3.5" distance="1000" k1="-0.1925" k2="-0.3745" k3="0.2358"/>
            <vignetting model="pa" focal="21.1" aperture="4" distance="10" k1="-0.2053" k2="-0.0766" k3="-0.0076"/>
            <vignetting model="pa" focal="21.1" aperture="4" distance="1000" k1="-0.2053" k2="-0.0766" k3="-0.0076"/>
            <vignetting model="pa" focal="21.1" aperture="5.6" distance="10" k1="-0.3967" k2="0.6719" k3="-0.5349"/>
            <vignetting model="pa" focal="21.1" aperture="5.6" distance="1000" k1="-0.3967" k2="0.6719" k3="-0.5349"/>
            <vignetting model="pa" focal="21.1" aperture="8" distance="10" k1="-0.3037" k2="0.1550" k3="-0.0403"/>
            <vignetting model="pa" focal="21.1" aperture="8" distance="1000" k1="-0.3037" k2="0.1550" k3="-0.0403"/>
            <vignetting model="pa" focal="21.1" aperture="11" distance="10" k1="-0.2912" k2="0.1147" k3="-0.0086"/>
            <vignetting model="pa" focal="21.1" aperture="11" distance="1000" k1="-0.2912" k2="0.1147" k3="-0.0086"/>
            <vignetting model="pa" focal="27.9" aperture="4" distance="10" k1="-0.1966" k2="-0.3641" k3="0.2689"/>
            <vignetting model="pa" focal="27.9" aperture="4" distance="1000" k1="-0.1966" k2="-0.3641" k3="0.2689"/>
            <vignetting model="pa" focal="27.9" aperture="5.6" distance="10" k1="-0.3166" k2="0.4107" k3="-0.2405"/>
            <vignetting model="pa" focal="27.9" aperture="5.6" distance="1000" k1="-0.3166" k2="0.4107" k3="-0.2405"/>
            <vignetting model="pa" focal="27.9" aperture="8" distance="10" k1="-0.3054" k2="0.3035" k3="-0.1081"/>
            <vignetting model="pa" focal="27.9" aperture="8" distance="1000" k1="-0.3054" k2="0.3035" k3="-0.1081"/>
            <vignetting model="pa" focal="27.9" aperture="11" distance="10" k1="-0.3304" k2="0.3339" k3="-0.1145"/>
            <vignetting model="pa" focal="27.9" aperture="11" distance="1000" k1="-0.3304" k2="0.3339" k3="-0.1145"/>
            <vignetting model="pa" focal="37.1" aperture="4.9" distance="10" k1="-0.1605" k2="-0.1277" k3="0.1141"/>
            <vignetting model="pa" focal="37.1" aperture="4.9" distance="1000" k1="-0.1605" k2="-0.1277" k3="0.1141"/>
            <vignetting model="pa" focal="37.1" aperture="5.6" distance="10" k1="-0.1830" k2="0.2314" k3="-0.1886"/>
            <vignetting model="pa" focal="37.1" aperture="5.6" distance="1000" k1="-0.1830" k2="0.2314" k3="-0.1886"/>
            <vignetting model="pa" focal="37.1" aperture="6.3" distance="10" k1="-0.2721" k2="0.5075" k3="-0.3135"/>
            <vignetting model="pa" focal="37.1" aperture="6.3" distance="1000" k1="-0.2721" k2="0.5075" k3="-0.3135"/>
            <vignetting model="pa" focal="37.1" aperture="7.1" distance="10" k1="-0.2413" k2="0.3955" k3="-0.2181"/>
            <vignetting model="pa" focal="37.1" aperture="7.1" distance="1000" k1="-0.2413" k2="0.3955" k3="-0.2181"/>
            <vignetting model="pa" focal="37.1" aperture="8" distance="10" k1="-0.2099" k2="0.2854" k3="-0.1354"/>
            <vignetting model="pa" focal="37.1" aperture="8" distance="1000" k1="-0.2099" k2="0.2854" k3="-0.1354"/>
            <vignetting model="pa" focal="37.1" aperture="11" distance="10" k1="-0.2129" k2="0.2491" k3="-0.0930"/>
            <vignetting model="pa" focal="37.1" aperture="11" distance="1000" k1="-0.2129" k2="0.2491" k3="-0.0930"/>
        </calibration>
    </lens>
    <lens>
        <maker>Sony</maker>
        <model>DSC-RX100 III &amp; compatibles</model>
        <model lang="en">fixed lens</model>
        <model lang="de">festes Objektiv</model>
        <mount>sonyRX100III</mount>
        <cropfactor>2.73</cropfactor>
        <aspect-ratio>3:2</aspect-ratio>
        <calibration>
            <distortion model="ptlens" focal="8.8" a="0.02266" b="-0.09581" c="0.0019"/>
            <distortion model="ptlens" focal="10.9" a="0.02376" b="-0.09457" c="0.03217"/>
            <distortion model="ptlens" focal="13" a="0.02326" b="-0.08674" c="0.04569"/>
            <distortion model="ptlens" focal="14.7" a="0.0234" b="-0.08395" c="0.0497"/>
            <distortion model="ptlens" focal="16.6" a="0.02045" b="-0.06253" c="0.02684"/>
            <distortion model="ptlens" focal="20" a="0.02295" b="-0.06814" c="0.05127"/>
            <distortion model="ptlens" focal="25.7" a="0.02377" b="-0.06078" c="0.04156"/>
            <tca model="poly3" focal="8.8" br="0.0001786" vr="1.0000881" bb="-0.0001087" vb="1.0003934"/>
            <tca model="poly3" focal="10.9" br="0.0000887" vr="1.0001670" bb="-0.0000723" vb="1.0003152"/>
            <tca model="poly3" focal="13" br="0.0000518" vr="1.0002194" bb="-0.0000203" vb="1.0001770"/>
            <tca model="poly3" focal="14.7" br="0.0000185" vr="1.0002369" bb="-0.0000000" vb="1.0001315"/>
            <tca model="poly3" focal="16.6" br="0.0000075" vr="1.0002936" bb="-0.0000085" vb="1.0000657"/>
            <tca model="poly3" focal="20" br="-0.0000081" vr="1.0003041" bb="0.0000035" vb="1.0000616"/>
            <tca model="poly3" focal="25.7" br="-0.0000121" vr="1.0002604" bb="0.0000035" vb="1.0000797"/>
        </calibration>
    </lens>
    <lens>
        <maker>Sony</maker>
        <model>DSC-HX300 &amp; compatibles (Standard)</model>
        <model lang="en">fixed lens</model>
        <model lang="de">festes Objektiv</model>
        <mount>sonyHX300</mount>
        <focal min="4.3" max="215"/>
        <cropfactor>5.58</cropfactor>
        <aspect-ratio>4:3</aspect-ratio>
        <calibration>
            <!-- The camera already corrects very well.  So this refers to the
                 JPEGs.  The camera cannot produce RAWs.  JPEGs for calibration
                 (if really requested) has bronger@physik.rwth-aachen.de. -->
            <distortion focal="4.3" model="poly3" k1="0"/>
            <distortion focal="215" model="poly3" k1="0"/>
        </calibration>
    </lens>
    <lens>
        <maker>Sony</maker>
        <model>Sony Xperia Z3 &amp; compatibles</model>
        <model lang="en">fixed lens</model>
        <model lang="de">festes Objektiv</model>
        <mount>sonyXperiaZ3</mount>
        <cropfactor>7.87</cropfactor>
        <aspect-ratio>4:3</aspect-ratio>
        <calibration>
            <!-- This stems from the advertised feature of 25mm equiv. -->
            <distortion model="ptlens" focal="4.9" a="0.0132" b="-0.07765" c="0.14683"/>
            <real-focal-length focal="4.9" real-focal="3.2"/>
        </calibration>
    </lens>
    <lens>
        <maker>Sony</maker>
        <model>Sony RX10 &amp; compatibles</model>
        <model lang="en">fixed lens</model>
        <model lang="de">festes Objektiv</model>
        <mount>sonyRX10</mount>
        <cropfactor>2.73</cropfactor>
        <aspect-ratio>3:2</aspect-ratio>
        <calibration>
            <distortion model="ptlens" focal="8.8" a="0.0376" b="-0.14223" c="0.1059"/>
            <distortion model="ptlens" focal="9.9" a="0.02873" b="-0.10439" c="0.08589"/>
            <distortion model="ptlens" focal="10.9" a="0.01917" b="-0.07335" c="0.07298"/>
            <distortion model="ptlens" focal="13.1" a="0.00477" b="-0.02653" c="0.05952"/>
            <distortion model="ptlens" focal="18.2" a="-0.00665" b="0.03433" c="-0.00945"/>
            <distortion model="ptlens" focal="25.2" a="-0.00888" b="0.03994" c="0.0052"/>
            <distortion model="ptlens" focal="73.2" a="-0.00843" b="0.03659" c="0.01609"/>
            <tca model="poly3" focal="8.8" br="-0.0000278" vr="1.0007192" bb="0.0000913" vb="0.9999164"/>
            <tca model="poly3" focal="10.3" br="-0.0000800" vr="1.0007387" bb="0.0000756" vb="0.9999193"/>
            <tca model="poly3" focal="12.8" br="-0.0001529" vr="1.0007873" bb="0.0001241" vb="0.9998314"/>
            <tca model="poly3" focal="15.4" br="-0.0001801" vr="1.0006865" bb="0.0000925" vb="0.9998612"/>
            <tca model="poly3" focal="17.8" br="-0.0001510" vr="1.0007237" bb="0.0000961" vb="0.9998292"/>
            <tca model="poly3" focal="25.7" br="-0.0001137" vr="1.0005035" bb="0.0000802" vb="0.9998297"/>
            <tca model="poly3" focal="31.3" br="-0.0000974" vr="1.0004100" bb="0.0000760" vb="0.9998261"/>
            <tca model="poly3" focal="32.8" br="-0.0000346" vr="1.0003456" bb="0.0000701" vb="0.9998303"/>
            <tca model="poly3" focal="36.8" br="-0.0000779" vr="1.0003575" bb="0.0000644" vb="0.9998296"/>
            <tca model="poly3" focal="49.4" br="-0.0000130" vr="1.0001023" bb="0.0000332" vb="0.9998657"/>
            <tca model="poly3" focal="73.3" br="0.0000154" vr="0.9999244" bb="0.0000192" vb="0.9999136"/>
            <vignetting model="pa" focal="8.8" aperture="2.8" distance="10" k1="-0.7078" k2="1.2333" k3="-1.2422"/>
            <vignetting model="pa" focal="8.8" aperture="2.8" distance="1000" k1="-0.7078" k2="1.2333" k3="-1.2422"/>
            <vignetting model="pa" focal="8.8" aperture="3.2" distance="10" k1="-0.6416" k2="1.3734" k3="-1.4473"/>
            <vignetting model="pa" focal="8.8" aperture="3.2" distance="1000" k1="-0.6416" k2="1.3734" k3="-1.4473"/>
            <vignetting model="pa" focal="8.8" aperture="3.5" distance="10" k1="-0.7743" k2="1.7536" k3="-1.7233"/>
            <vignetting model="pa" focal="8.8" aperture="3.5" distance="1000" k1="-0.7743" k2="1.7536" k3="-1.7233"/>
            <vignetting model="pa" focal="8.8" aperture="4" distance="10" k1="-0.6750" k2="1.5220" k3="-1.5361"/>
            <vignetting model="pa" focal="8.8" aperture="4" distance="1000" k1="-0.6750" k2="1.5220" k3="-1.5361"/>
            <vignetting model="pa" focal="8.8" aperture="5.6" distance="10" k1="-1.0081" k2="2.6576" k3="-2.3930"/>
            <vignetting model="pa" focal="8.8" aperture="5.6" distance="1000" k1="-1.0081" k2="2.6576" k3="-2.3930"/>
            <vignetting model="pa" focal="8.8" aperture="8" distance="10" k1="-1.0870" k2="2.9411" k3="-2.6221"/>
            <vignetting model="pa" focal="8.8" aperture="8" distance="1000" k1="-1.0870" k2="2.9411" k3="-2.6221"/>
            <vignetting model="pa" focal="8.8" aperture="16" distance="10" k1="-1.2172" k2="3.0825" k3="-2.6802"/>
            <vignetting model="pa" focal="8.8" aperture="16" distance="1000" k1="-1.2172" k2="3.0825" k3="-2.6802"/>
            <vignetting model="pa" focal="10.3" aperture="2.8" distance="10" k1="-0.8548" k2="1.3623" k3="-0.9644"/>
            <vignetting model="pa" focal="10.3" aperture="2.8" distance="1000" k1="-0.8548" k2="1.3623" k3="-0.9644"/>
            <vignetting model="pa" focal="10.3" aperture="3.2" distance="10" k1="-0.8399" k2="1.3547" k3="-0.9741"/>
            <vignetting model="pa" focal="10.3" aperture="3.2" distance="1000" k1="-0.8399" k2="1.3547" k3="-0.9741"/>
            <vignetting model="pa" focal="10.3" aperture="3.5" distance="10" k1="-0.7968" k2="1.1862" k3="-0.8171"/>
            <vignetting model="pa" focal="10.3" aperture="3.5" distance="1000" k1="-0.7968" k2="1.1862" k3="-0.8171"/>
            <vignetting model="pa" focal="10.3" aperture="4" distance="10" k1="-0.8262" k2="1.2539" k3="-0.8333"/>
            <vignetting model="pa" focal="10.3" aperture="4" distance="1000" k1="-0.8262" k2="1.2539" k3="-0.8333"/>
            <vignetting model="pa" focal="10.3" aperture="5.6" distance="10" k1="-0.7614" k2="0.8763" k3="-0.4500"/>
            <vignetting model="pa" focal="10.3" aperture="5.6" distance="1000" k1="-0.7614" k2="0.8763" k3="-0.4500"/>
            <vignetting model="pa" focal="10.3" aperture="8" distance="10" k1="-0.8382" k2="1.0781" k3="-0.6352"/>
            <vignetting model="pa" focal="10.3" aperture="8" distance="1000" k1="-0.8382" k2="1.0781" k3="-0.6352"/>
            <vignetting model="pa" focal="12.8" aperture="2.8" distance="10" k1="-0.9081" k2="1.0961" k3="-0.6231"/>
            <vignetting model="pa" focal="12.8" aperture="2.8" distance="1000" k1="-0.9081" k2="1.0961" k3="-0.6231"/>
            <vignetting model="pa" focal="12.8" aperture="3.2" distance="10" k1="-0.8844" k2="1.0024" k3="-0.5276"/>
            <vignetting model="pa" focal="12.8" aperture="3.2" distance="1000" k1="-0.8844" k2="1.0024" k3="-0.5276"/>
            <vignetting model="pa" focal="12.8" aperture="3.5" distance="10" k1="-0.8884" k2="1.0225" k3="-0.5497"/>
            <vignetting model="pa" focal="12.8" aperture="3.5" distance="1000" k1="-0.8884" k2="1.0225" k3="-0.5497"/>
            <vignetting model="pa" focal="12.8" aperture="4" distance="10" k1="-0.8910" k2="1.0217" k3="-0.5487"/>
            <vignetting model="pa" focal="12.8" aperture="4" distance="1000" k1="-0.8910" k2="1.0217" k3="-0.5487"/>
            <vignetting model="pa" focal="12.8" aperture="5.6" distance="10" k1="-0.8758" k2="0.9824" k3="-0.5244"/>
            <vignetting model="pa" focal="12.8" aperture="5.6" distance="1000" k1="-0.8758" k2="0.9824" k3="-0.5244"/>
            <vignetting model="pa" focal="12.8" aperture="8" distance="10" k1="-0.8347" k2="0.9017" k3="-0.4803"/>
            <vignetting model="pa" focal="12.8" aperture="8" distance="1000" k1="-0.8347" k2="0.9017" k3="-0.4803"/>
            <vignetting model="pa" focal="12.8" aperture="16" distance="10" k1="-0.8226" k2="0.8700" k3="-0.4558"/>
            <vignetting model="pa" focal="12.8" aperture="16" distance="1000" k1="-0.8226" k2="0.8700" k3="-0.4558"/>
            <vignetting model="pa" focal="18.2" aperture="2.8" distance="10" k1="-0.7510" k2="0.7536" k3="-0.3622"/>
            <vignetting model="pa" focal="18.2" aperture="2.8" distance="1000" k1="-0.7510" k2="0.7536" k3="-0.3622"/>
            <vignetting model="pa" focal="18.2" aperture="4" distance="10" k1="-0.7386" k2="0.6923" k3="-0.3163"/>
            <vignetting model="pa" focal="18.2" aperture="4" distance="1000" k1="-0.7386" k2="0.6923" k3="-0.3163"/>
            <vignetting model="pa" focal="18.2" aperture="5.6" distance="10" k1="-0.7696" k2="0.7669" k3="-0.3588"/>
            <vignetting model="pa" focal="18.2" aperture="5.6" distance="1000" k1="-0.7696" k2="0.7669" k3="-0.3588"/>
            <vignetting model="pa" focal="18.2" aperture="8" distance="10" k1="-0.7210" k2="0.6825" k3="-0.3130"/>
            <vignetting model="pa" focal="18.2" aperture="8" distance="1000" k1="-0.7210" k2="0.6825" k3="-0.3130"/>
            <vignetting model="pa" focal="18.2" aperture="16" distance="10" k1="-0.8083" k2="0.8415" k3="-0.3901"/>
            <vignetting model="pa" focal="18.2" aperture="16" distance="1000" k1="-0.8083" k2="0.8415" k3="-0.3901"/>
            <vignetting model="pa" focal="25.7" aperture="4" distance="10" k1="-0.7184" k2="0.7128" k3="-0.3154"/>
            <vignetting model="pa" focal="25.7" aperture="4" distance="1000" k1="-0.7184" k2="0.7128" k3="-0.3154"/>
            <vignetting model="pa" focal="25.7" aperture="8" distance="10" k1="-0.7649" k2="0.7499" k3="-0.2829"/>
            <vignetting model="pa" focal="25.7" aperture="8" distance="1000" k1="-0.7649" k2="0.7499" k3="-0.2829"/>
            <vignetting model="pa" focal="25.7" aperture="16" distance="10" k1="-0.6784" k2="0.6044" k3="-0.2442"/>
            <vignetting model="pa" focal="25.7" aperture="16" distance="1000" k1="-0.6784" k2="0.6044" k3="-0.2442"/>
            <vignetting model="pa" focal="33.4" aperture="2.8" distance="10" k1="-0.7282" k2="0.8237" k3="-0.4524"/>
            <vignetting model="pa" focal="33.4" aperture="2.8" distance="1000" k1="-0.7282" k2="0.8237" k3="-0.4524"/>
            <vignetting model="pa" focal="33.4" aperture="4" distance="10" k1="-0.7011" k2="0.7048" k3="-0.3177"/>
            <vignetting model="pa" focal="33.4" aperture="4" distance="1000" k1="-0.7011" k2="0.7048" k3="-0.3177"/>
            <vignetting model="pa" focal="33.4" aperture="5.6" distance="10" k1="-0.7036" k2="0.6900" k3="-0.2841"/>
            <vignetting model="pa" focal="33.4" aperture="5.6" distance="1000" k1="-0.7036" k2="0.6900" k3="-0.2841"/>
            <vignetting model="pa" focal="33.4" aperture="8" distance="10" k1="-0.6922" k2="0.6686" k3="-0.2908"/>
            <vignetting model="pa" focal="33.4" aperture="8" distance="1000" k1="-0.6922" k2="0.6686" k3="-0.2908"/>
            <vignetting model="pa" focal="33.4" aperture="16" distance="10" k1="-0.6914" k2="0.6706" k3="-0.2945"/>
            <vignetting model="pa" focal="33.4" aperture="16" distance="1000" k1="-0.6914" k2="0.6706" k3="-0.2945"/>
            <vignetting model="pa" focal="36.8" aperture="2.8" distance="10" k1="-0.7582" k2="0.9175" k3="-0.5182"/>
            <vignetting model="pa" focal="36.8" aperture="2.8" distance="1000" k1="-0.7582" k2="0.9175" k3="-0.5182"/>
            <vignetting model="pa" focal="36.8" aperture="4" distance="10" k1="-0.7025" k2="0.6804" k3="-0.2813"/>
            <vignetting model="pa" focal="36.8" aperture="4" distance="1000" k1="-0.7025" k2="0.6804" k3="-0.2813"/>
            <vignetting model="pa" focal="36.8" aperture="16" distance="10" k1="-0.7480" k2="0.7938" k3="-0.3391"/>
            <vignetting model="pa" focal="36.8" aperture="16" distance="1000" k1="-0.7480" k2="0.7938" k3="-0.3391"/>
            <vignetting model="pa" focal="49.4" aperture="2.8" distance="10" k1="-0.7732" k2="0.8595" k3="-0.5079"/>
            <vignetting model="pa" focal="49.4" aperture="2.8" distance="1000" k1="-0.7732" k2="0.8595" k3="-0.5079"/>
            <vignetting model="pa" focal="49.4" aperture="4" distance="10" k1="-0.6924" k2="0.7213" k3="-0.3283"/>
            <vignetting model="pa" focal="49.4" aperture="4" distance="1000" k1="-0.6924" k2="0.7213" k3="-0.3283"/>
            <vignetting model="pa" focal="60" aperture="8" distance="10" k1="-0.7191" k2="0.7714" k3="-0.3461"/>
            <vignetting model="pa" focal="60" aperture="8" distance="1000" k1="-0.7191" k2="0.7714" k3="-0.3461"/>
            <vignetting model="pa" focal="60" aperture="16" distance="10" k1="-0.6656" k2="0.6307" k3="-0.2399"/>
            <vignetting model="pa" focal="60" aperture="16" distance="1000" k1="-0.6656" k2="0.6307" k3="-0.2399"/>
            <vignetting model="pa" focal="73.3" aperture="2.8" distance="10" k1="-0.7230" k2="0.4629" k3="-0.1359"/>
            <vignetting model="pa" focal="73.3" aperture="2.8" distance="1000" k1="-0.7230" k2="0.4629" k3="-0.1359"/>
            <vignetting model="pa" focal="73.3" aperture="8" distance="10" k1="-0.8606" k2="1.3721" k3="-0.9345"/>
            <vignetting model="pa" focal="73.3" aperture="8" distance="1000" k1="-0.8606" k2="1.3721" k3="-0.9345"/>
            <vignetting model="pa" focal="73.3" aperture="16" distance="10" k1="-0.7658" k2="0.9603" k3="-0.5151"/>
            <vignetting model="pa" focal="73.3" aperture="16" distance="1000" k1="-0.7658" k2="0.9603" k3="-0.5151"/>
        </calibration>
    </lens>
    <lens>
        <maker>Sony</maker>
        <model>Sony RX10II &amp; compatibles</model>
        <model lang="en">fixed lens</model>
        <model lang="de">festes Objektiv</model>
        <mount>sonyRX10II</mount>
        <cropfactor>2.73</cropfactor>
        <aspect-ratio>3:2</aspect-ratio>
        <calibration>
            <distortion model="ptlens" focal="8.8" a="0.0376" b="-0.14223" c="0.1059"/>
            <distortion model="ptlens" focal="9.9" a="0.02873" b="-0.10439" c="0.08589"/>
            <distortion model="ptlens" focal="10.9" a="0.01917" b="-0.07335" c="0.07298"/>
            <distortion model="ptlens" focal="13.1" a="0.00477" b="-0.02653" c="0.05952"/>
            <distortion model="ptlens" focal="18.2" a="-0.00665" b="0.03433" c="-0.00945"/>
            <distortion model="ptlens" focal="25.2" a="-0.00888" b="0.03994" c="0.0052"/>
            <distortion model="ptlens" focal="73.2" a="-0.00843" b="0.03659" c="0.01609"/>
            <tca model="poly3" focal="8.8" vr="1.0006418" vb="1.0000433"/>
            <tca model="poly3" focal="9.9" vr="1.0001893" vb="1.0000506"/>
            <tca model="poly3" focal="10.9" vr="1.0001793" vb="1.0000381"/>
            <tca model="poly3" focal="13.1" vr="1.0005385" vb="1.0000273"/>
            <tca model="poly3" focal="18.2" vr="1.0004791" vb="1.0000114"/>
            <tca model="poly3" focal="25.2" vr="1.0003735" vb="0.9999717"/>
            <tca model="poly3" focal="73.2" vr="0.9998839" vb="0.9999304"/>
        </calibration>
    </lens>
    <lens>
        <maker>Sony</maker>
        <model>Sony RX10III &amp; compatibles</model>
        <model lang="en">fixed lens</model>
        <model lang="de">festes Objektiv</model>
        <mount>sonyRX10III</mount>
        <cropfactor>2.73</cropfactor>
        <calibration>
            <distortion model="ptlens" focal="8.8" a="0.0241" b="-0.0957892" c="0.036098"/>
            <distortion model="ptlens" focal="12.63" a="0" b="-0.00336402" c="0"/>
            <distortion model="ptlens" focal="18.21" a="0" b="0.0103329" c="0"/>
            <distortion model="ptlens" focal="27.24" a="0" b="0.0178791" c="0"/>
            <distortion model="ptlens" focal="36.72" a="0" b="0.0211017" c="0"/>
            <distortion model="ptlens" focal="73.24" a="0" b="0.0188561" c="0"/>
            <distortion model="ptlens" focal="110.13" a="0" b="0.0198315" c="0"/>
            <distortion model="ptlens" focal="183.43" a="0" b="0.0197998" c="0"/>
            <distortion model="ptlens" focal="220" a="0" b="0.0189641" c="0"/>
            <tca model="poly3" focal="8.8" vr="1.0003000" vb="1.0005000"/>
            <tca model="poly3" focal="12.6" vr="1.0004000" vb="1.0002000"/>
            <tca model="poly3" focal="18.2" vr="1.0003000" vb="1.0002000"/>
            <tca model="poly3" focal="27.2" vr="1.0002000" vb="1.0001000"/>
            <tca model="poly3" focal="36.7" vr="1.0001000" vb="0.9999651"/>
            <tca model="poly3" focal="73.2" vr="0.9999973" vb="0.9997000"/>
            <tca model="poly3" focal="110.1" vr="0.9998000" vb="0.9996000"/>
            <tca model="poly3" focal="183.4" vr="0.9994000" vb="0.9995500"/>
            <tca model="poly3" focal="220" vr="0.9994000" vb="0.9996000"/>
        </calibration>
    </lens>
    <lens>
        <maker>Carl Zeiss</maker>
        <model>DSC-RX1RM2 &amp; compatibles</model>
        <model lang="en">fixed lens</model>
        <model lang="de">festes Objektiv</model>
        <mount>sonyRX1</mount>
        <cropfactor>1</cropfactor>
        <aspect-ratio>3:2</aspect-ratio>
        <calibration>
            <distortion model="ptlens" focal="35" a="0.01397" b="-0.05582" c="0.04619"/>
            <tca model="poly3" focal="35" vr="1.0001751" vb="1.0000530"/>
        </calibration>
    </lens>
</lensdatabase>
