<lensdatabase version="1">
    <camera>
        <maker>Fujifilm</maker>
        <model>FinePix F11</model>
        <mount>fujiF11</mount>
        <cropfactor>4.5</cropfactor>
    </camera>
    <camera>
        <maker>Fujifilm</maker>
        <model>FinePix F10</model>
        <mount>fujiF11</mount>
        <cropfactor>4.5</cropfactor>
    </camera>
    <camera>
        <maker>Fujifilm</maker>
        <model>FinePix S9000</model>
        <mount>fujiS9000</mount>
        <cropfactor>4.48</cropfactor>
    </camera>
    <camera>
        <maker>Fujifilm</maker>
        <model>FinePix S9500</model>
        <mount>fujiS9000</mount>
        <cropfactor>4.48</cropfactor>
    </camera>
    <camera>
        <maker>Fujifilm</maker>
        <model>FinePix S9600</model>
        <mount>fujiS9000</mount>
        <cropfactor>4.48</cropfactor>
    </camera>
    <camera>
        <maker>Fujifilm</maker>
        <model>FinePix S5500</model>
        <mount>fujiS5500</mount>
        <cropfactor>6.491</cropfactor>
    </camera>
    <camera>
        <maker>Fujifilm</maker>
        <model>FinePix S5100</model>
        <mount>fujiS5500</mount>
        <cropfactor>6.491</cropfactor>
    </camera>
    <camera>
        <maker>Fujifilm</maker>
        <model>FinePix S7000</model>
        <mount>fuji602</mount>
        <cropfactor>4.487</cropfactor>
    </camera>
    <camera>
        <maker>Fujifilm</maker>
        <model>FinePix S20Pro</model>
        <mount>fuji602</mount>
        <cropfactor>4.487</cropfactor>
    </camera>
    <camera>
        <maker>Fujifilm</maker>
        <model>FinePix S602 ZOOM</model>
        <mount>fuji602</mount>
        <cropfactor>4.487</cropfactor>
    </camera>
    <camera>
        <maker>Fujifilm</maker>
        <model>FinePix F601 ZOOM</model>
        <mount>fuji601</mount>
        <cropfactor>4.487</cropfactor>
    </camera>
    <camera>
        <maker>Fujifilm</maker>
        <model>FinePix F810</model>
        <mount>fuji810</mount>
        <cropfactor>4.5</cropfactor>
    </camera>
    <camera>
        <maker>Fujifilm</maker>
        <model>FinePix F810</model>
        <variant>widescreen mode</variant>
        <mount>fuji810</mount>
        <cropfactor>4.9</cropfactor>
    </camera>
    <camera>
        <maker>Fujifilm</maker>
        <model>FinePix F710</model>
        <mount>fuji810</mount>
        <cropfactor>4.5</cropfactor>
    </camera>
    <camera>
        <maker>Fujifilm</maker>
        <model>FinePix E550</model>
        <mount>fuji810</mount>
        <cropfactor>4.5</cropfactor>
    </camera>
    <camera>
        <maker>Fujifilm</maker>
        <model>FinePix 3800</model>
        <mount>fuji2800</mount>
        <cropfactor>6.3333333</cropfactor>
    </camera>
    <camera>
        <maker>Fujifilm</maker>
        <model>FinePix S304</model>
        <mount>fuji2800</mount>
        <cropfactor>6.3333333</cropfactor>
    </camera>
    <camera>
        <maker>Fujifilm</maker>
        <model>FinePix S3000</model>
        <mount>fuji2800</mount>
        <cropfactor>6.3333333</cropfactor>
    </camera>
    <camera>
        <maker>Fujifilm</maker>
        <model>FinePix2800ZOOM</model>
        <mount>fuji2800</mount>
        <cropfactor>6.3333333</cropfactor>
    </camera>
    <camera>
        <maker>Fujifilm</maker>
        <model>FinePix F200EXR</model>
        <mount>fujiF200exr</mount>
        <cropfactor>4.341</cropfactor>
    </camera>
    <camera>
        <maker>Fujifilm</maker>
        <model>FinePix X100</model>
        <mount>fujix100</mount>
        <cropfactor>1.523</cropfactor>
    </camera>
    <camera>
        <maker>Fujifilm</maker>
        <model>X100S</model>
        <mount>fujix100</mount>
        <cropfactor>1.523</cropfactor>
    </camera>
    <camera>
        <maker>Fujifilm</maker>
        <model>X100T</model>
        <mount>fujix100</mount>
        <cropfactor>1.523</cropfactor>
    </camera>
    <camera>
        <maker>Fujifilm</maker>
        <model>X10</model>
        <mount>fujix10</mount>
        <cropfactor>3.93</cropfactor>
    </camera>
    <camera>
        <maker>Fujifilm</maker>
        <model>X70</model>
        <mount>fujix70</mount>
        <cropfactor>1.5375</cropfactor>
    </camera>
    <camera>
        <maker>Fujifilm</maker>
        <model>X20</model>
        <!-- Optically equivalent to X10, see
             https://secure.flickr.com/groups/darktable/discuss/72157646611511061/ and
             <http://www.photoreview.com.au/reviews/advanced-compact-cameras/fixed-lens/fujifilm-x20>. -->
        <mount>fujix10</mount>
        <cropfactor>3.93</cropfactor>
    </camera>
    <camera>
        <maker>Fujifilm</maker>
        <model>X30</model>
        <!-- Optically equivalent to X10, see
             http://www.heise.de/foto/artikel/Test-Edelkompakte-Fujifilm-X30-2444045.html
             (German). -->
        <mount>fujix10</mount>
        <cropfactor>3.93</cropfactor>
    </camera>
    <camera>
        <maker>Fujifilm</maker>
        <model>FinePix HS20EXR</model>
        <mount>fujihs20exr</mount>
        <cropfactor>5.71</cropfactor>
    </camera>
    <camera>
        <maker>Fujifilm</maker>
        <model>FinePix F770EXR</model>
        <mount>fujif770exr</mount>
        <cropfactor>5.43</cropfactor>
    </camera>
    <camera>
        <maker>Fujifilm</maker>
        <model>FinePix S5600</model>
        <mount>fujiS5600</mount>
        <cropfactor>6.03</cropfactor>
    </camera>
    <camera>
        <maker>Fujifilm</maker>
        <model>XQ1</model>
        <mount>fujiXQ1</mount>
        <cropfactor>3.91</cropfactor>
    </camera>
    <camera>
        <maker>Fujifilm</maker>
        <model>FinePix A370</model>
        <mount>fujiA370</mount>
        <cropfactor>6.03</cropfactor>
    </camera>
    <camera>
        <maker>Fujifilm</maker>
        <model>X-S1</model>
        <mount>fujiXS1</mount>
        <cropfactor>3.93</cropfactor>
    </camera>
    <lens>
        <maker>Fujifilm</maker>
        <model>FinePix F11 &amp; compatibles (Standard)</model>
        <model lang="en">fixed lens</model>
        <model lang="de">festes Objektiv</model>
        <mount>fujiF11</mount>
        <cropfactor>4.5</cropfactor>
        <aspect-ratio>4:3</aspect-ratio>
        <calibration>
            <distortion model="poly3" focal="8" k1="-0.00618"/>
            <distortion model="poly3" focal="10.4" k1="-0.005407"/>
            <distortion model="poly3" focal="12.2" k1="-0.005171"/>
            <distortion model="poly3" focal="14.1" k1="-0.004634"/>
            <distortion model="poly3" focal="16.1" k1="-0.001624"/>
            <distortion model="poly3" focal="18.1" k1="-0.001948"/>
            <distortion model="poly3" focal="20.1" k1="-0.000215"/>
            <distortion model="poly3" focal="22.1" k1="0.000376"/>
            <distortion model="poly3" focal="24" k1="0"/>
        </calibration>
    </lens>
    <lens>
        <maker>Fujifilm</maker>
        <model>FinePix S9000 &amp; compatibles (Standard)</model>
        <model lang="en">fixed lens</model>
        <model lang="de">festes Objektiv</model>
        <mount>fujiS9000</mount>
        <cropfactor>4.48</cropfactor>
        <aspect-ratio>4:3</aspect-ratio>
        <calibration>
            <distortion model="ptlens" focal="6.2" a="0.022449" b="-0.05488" c="0"/>
            <distortion model="ptlens" focal="7.2" a="0.014932" b="-0.036434" c="0"/>
            <distortion model="ptlens" focal="8.1" a="0.006337" b="-0.018767" c="0"/>
            <distortion model="ptlens" focal="9.3" a="0.005262" b="-0.0146" c="0"/>
            <distortion model="ptlens" focal="10.8" a="0.005679" b="-0.011186" c="0"/>
            <distortion model="ptlens" focal="12.8" a="0.004792" b="-0.00467" c="0"/>
            <distortion model="ptlens" focal="17" a="0" b="0.004675" c="0"/>
            <distortion model="ptlens" focal="21.6" a="0" b="0.003203" c="0"/>
            <distortion model="ptlens" focal="42.6" a="0" b="0.002282" c="0"/>
            <distortion model="ptlens" focal="67" a="0" b="0.003859" c="0"/>
        </calibration>
    </lens>
    <lens>
        <maker>Fujifilm</maker>
        <model>FinePix S5500 &amp; compatibles (Standard)</model>
        <model lang="en">fixed lens</model>
        <model lang="de">festes Objektiv</model>
        <mount>fujiS5500</mount>
        <cropfactor>6.491</cropfactor>
        <aspect-ratio>4:3</aspect-ratio>
        <calibration>
            <distortion model="ptlens" focal="5.7" a="0.011881" b="-0.03472" c="0"/>
            <distortion model="ptlens" focal="6.7" a="0.009745" b="-0.023435" c="0"/>
            <distortion model="ptlens" focal="7.5" a="0.008247" b="-0.018865" c="0"/>
            <distortion model="ptlens" focal="8.4" a="0.006006" b="-0.010909" c="0"/>
            <distortion model="ptlens" focal="10.7" a="0" b="0.003268" c="0"/>
            <distortion model="ptlens" focal="12" a="0" b="0.002961" c="0"/>
            <distortion model="ptlens" focal="13.6" a="0" b="0.00352" c="0"/>
            <distortion model="ptlens" focal="17.2" a="0" b="0.002228" c="0"/>
            <distortion model="ptlens" focal="19.6" a="0" b="0.002639" c="0"/>
            <distortion model="ptlens" focal="25.1" a="0" b="0.003074" c="0"/>
            <distortion model="ptlens" focal="31.9" a="0" b="0" c="0"/>
            <distortion model="ptlens" focal="51.3" a="0" b="0" c="0"/>
            <distortion model="ptlens" focal="57" a="0" b="0.002197" c="0"/>
        </calibration>
    </lens>
    <lens>
        <maker>Fujifilm</maker>
        <model>FinePix S602 ZOOM &amp; compatibles (Standard)</model>
        <model lang="en">fixed lens</model>
        <model lang="de">festes Objektiv</model>
        <mount>fuji602</mount>
        <cropfactor>4.487</cropfactor>
        <aspect-ratio>4:3</aspect-ratio>
        <calibration>
            <distortion model="ptlens" focal="7.8" a="0.00554" b="-0.018984" c="0"/>
            <distortion model="ptlens" focal="10" a="0.011917" b="-0.024177" c="0"/>
            <distortion model="ptlens" focal="12" a="0.012384" b="-0.016734" c="0"/>
            <distortion model="ptlens" focal="14" a="0.009613" b="-0.007388" c="0"/>
            <distortion model="ptlens" focal="17" a="0.004389" b="0.003994" c="0"/>
            <distortion model="ptlens" focal="20" a="0.003743" b="0.004964" c="0"/>
            <distortion model="ptlens" focal="24" a="0.007011" b="-0.002673" c="0"/>
            <distortion model="ptlens" focal="29" a="0.009838" b="-0.008207" c="0"/>
            <distortion model="ptlens" focal="38" a="0.005981" b="0.000177" c="0"/>
            <distortion model="ptlens" focal="46.8" a="0.001412" b="0.009081" c="0"/>
        </calibration>
    </lens>
    <lens>
        <maker>Fujifilm</maker>
        <model>FinePix F601 ZOOM &amp; compatibles (Standard)</model>
        <model lang="en">fixed lens</model>
        <model lang="de">festes Objektiv</model>
        <mount>fuji601</mount>
        <cropfactor>4.487</cropfactor>
        <aspect-ratio>4:3</aspect-ratio>
        <calibration>
            <distortion model="poly3" focal="8.3" k1="-0.024191"/>
            <distortion model="poly3" focal="9.4" k1="-0.018667"/>
            <distortion model="poly3" focal="10.6" k1="-0.017396"/>
            <distortion model="poly3" focal="12" k1="-0.014467"/>
            <distortion model="poly3" focal="15.3" k1="-0.01029"/>
            <distortion model="poly3" focal="19.5" k1="-0.008176"/>
            <distortion model="poly3" focal="24.9" k1="-0.005081"/>
        </calibration>
    </lens>
    <lens>
        <maker>Fujifilm</maker>
        <model>FinePix F810 &amp; compatibles (Standard)</model>
        <model lang="en">fixed lens</model>
        <model lang="de">festes Objektiv</model>
        <mount>fuji810</mount>
        <cropfactor>4.5</cropfactor>
        <aspect-ratio>4:3</aspect-ratio>
        <calibration>
            <distortion model="ptlens" focal="7.2" a="0.013263" b="-0.038383" c="0"/>
            <distortion model="ptlens" focal="9.3" a="0" b="-0.011186" c="0"/>
            <distortion model="ptlens" focal="11.9" a="0" b="-0.00645" c="0"/>
            <distortion model="ptlens" focal="13.5" a="0" b="-0.003957" c="0"/>
            <distortion model="ptlens" focal="16.8" a="0" b="-0.002027" c="0"/>
            <distortion model="ptlens" focal="20.2" a="0" b="-0.001391" c="0"/>
            <distortion model="ptlens" focal="24.5" a="0" b="-0.000731" c="0"/>
            <distortion model="ptlens" focal="28.8" a="0" b="0.0005" c="0"/>
        </calibration>
    </lens>
    <lens>
        <maker>Fujifilm</maker>
        <model>FinePix F810 &amp; compatibles, with WL-FXE01 (full wide)</model>
        <model lang="en">fixed lens, with WL-FXE01 (full wide)</model>
        <model lang="de">festes Objektiv, mit WL-FXE01 (kürzeste Brennw.)</model>
        <mount>fuji810</mount>
        <cropfactor>4.5</cropfactor>
        <aspect-ratio>4:3</aspect-ratio>
        <calibration>
            <distortion model="ptlens" focal="7.2" a="0.023137" b="-0.073048" c="0"/>
        </calibration>
    </lens>
    <lens>
        <maker>Fujifilm</maker>
        <model>FinePix 2800 ZOOM &amp; compatibles (Standard)</model>
        <model lang="en">fixed lens</model>
        <model lang="de">festes Objektiv</model>
        <mount>fuji2800</mount>
        <cropfactor>6.3333333</cropfactor>
        <aspect-ratio>4:3</aspect-ratio>
        <calibration>
            <distortion model="ptlens" focal="6" a="0" b="0" c="-0.035"/>
            <distortion model="ptlens" focal="6.1" a="0" b="0" c="-0.034364"/>
            <distortion model="ptlens" focal="6.2" a="0" b="0" c="-0.033709"/>
            <distortion model="ptlens" focal="6.3" a="0" b="0" c="-0.033016"/>
            <distortion model="ptlens" focal="6.4" a="0" b="0" c="-0.032258"/>
            <distortion model="ptlens" focal="6.5" a="0" b="0" c="-0.031404"/>
            <distortion model="ptlens" focal="6.6" a="0" b="0" c="-0.030404"/>
            <distortion model="ptlens" focal="6.7" a="0" b="0" c="-0.029175"/>
            <distortion model="ptlens" focal="6.8" a="0" b="0" c="-0.027545"/>
            <distortion model="ptlens" focal="6.9" a="0" b="0" c="-0.025"/>
            <distortion model="ptlens" focal="7" a="0" b="0" c="-0.020295"/>
            <distortion model="ptlens" focal="7.1" a="0" b="0" c="-0.016679"/>
            <distortion model="ptlens" focal="7.2" a="0" b="0" c="-0.014386"/>
            <distortion model="ptlens" focal="7.3" a="0" b="0" c="-0.012691"/>
            <distortion model="ptlens" focal="7.4" a="0" b="0" c="-0.011332"/>
            <distortion model="ptlens" focal="7.5" a="0" b="0" c="-0.010188"/>
            <distortion model="ptlens" focal="7.6" a="0" b="0" c="-0.009196"/>
            <distortion model="ptlens" focal="7.7" a="0" b="0" c="-0.00832"/>
            <distortion model="ptlens" focal="7.8" a="0" b="0" c="-0.007533"/>
            <distortion model="ptlens" focal="7.9" a="0" b="0" c="-0.006818"/>
            <distortion model="ptlens" focal="8" a="0" b="0" c="-0.006164"/>
            <distortion model="ptlens" focal="8.1" a="0" b="0" c="-0.00556"/>
            <distortion model="ptlens" focal="8.2" a="0" b="0" c="-0.005"/>
            <distortion model="ptlens" focal="8.3" a="0" b="0" c="-0.004477"/>
            <distortion model="ptlens" focal="8.4" a="0" b="0" c="-0.003986"/>
            <distortion model="ptlens" focal="8.5" a="0" b="0" c="-0.00352"/>
            <distortion model="ptlens" focal="8.6" a="0" b="0" c="-0.003077"/>
            <distortion model="ptlens" focal="8.7" a="0" b="0" c="-0.002652"/>
            <distortion model="ptlens" focal="8.8" a="0" b="0" c="-0.002245"/>
            <distortion model="ptlens" focal="8.9" a="0" b="0" c="-0.001852"/>
            <distortion model="ptlens" focal="9" a="0" b="0" c="-0.001473"/>
            <distortion model="ptlens" focal="9.1" a="0" b="0" c="-0.001106"/>
            <distortion model="ptlens" focal="9.2" a="0" b="0" c="-0.000749"/>
            <distortion model="ptlens" focal="9.3" a="0" b="0" c="-0.000403"/>
            <distortion model="ptlens" focal="9.4" a="0" b="0" c="-6.5e-05"/>
            <distortion model="ptlens" focal="9.5" a="0" b="0" c="0.000263"/>
            <distortion model="ptlens" focal="9.6" a="0" b="0" c="0.000585"/>
            <distortion model="ptlens" focal="9.7" a="0" b="0" c="0.000898"/>
            <distortion model="ptlens" focal="9.8" a="0" b="0" c="0.001206"/>
            <distortion model="ptlens" focal="9.9" a="0" b="0" c="0.001506"/>
            <distortion model="ptlens" focal="10" a="0" b="0" c="0.001801"/>
            <distortion model="ptlens" focal="10.1" a="0" b="0" c="0.00209"/>
            <distortion model="ptlens" focal="10.2" a="0" b="0" c="0.002375"/>
            <distortion model="ptlens" focal="10.3" a="0" b="0" c="0.002654"/>
            <distortion model="ptlens" focal="10.4" a="0" b="0" c="0.002928"/>
            <distortion model="ptlens" focal="10.5" a="0" b="0" c="0.003198"/>
            <distortion model="ptlens" focal="10.6" a="0" b="0" c="0.003464"/>
            <distortion model="ptlens" focal="10.7" a="0" b="0" c="0.003725"/>
            <distortion model="ptlens" focal="10.8" a="0" b="0" c="0.003983"/>
            <distortion model="ptlens" focal="10.9" a="0" b="0" c="0.004237"/>
            <distortion model="ptlens" focal="11" a="0" b="0" c="0.004488"/>
            <distortion model="ptlens" focal="11.1" a="0" b="0" c="0.004736"/>
            <distortion model="ptlens" focal="11.2" a="0" b="0" c="0.00498"/>
            <distortion model="ptlens" focal="11.3" a="0" b="0" c="0.005221"/>
            <distortion model="ptlens" focal="11.4" a="0" b="0" c="0.00546"/>
            <distortion model="ptlens" focal="11.5" a="0" b="0" c="0.005696"/>
            <distortion model="ptlens" focal="11.6" a="0" b="0" c="0.005929"/>
            <distortion model="ptlens" focal="11.7" a="0" b="0" c="0.006159"/>
            <distortion model="ptlens" focal="11.8" a="0" b="0" c="0.006387"/>
            <distortion model="ptlens" focal="11.9" a="0" b="0" c="0.006613"/>
            <distortion model="ptlens" focal="12" a="0" b="0" c="0.006837"/>
            <distortion model="ptlens" focal="12.1" a="0" b="0" c="0.007059"/>
            <distortion model="ptlens" focal="12.2" a="0" b="0" c="0.007279"/>
            <distortion model="ptlens" focal="12.3" a="0" b="0" c="0.007498"/>
            <distortion model="ptlens" focal="12.4" a="0" b="0" c="0.007715"/>
            <distortion model="ptlens" focal="12.5" a="0" b="0" c="0.007931"/>
            <distortion model="ptlens" focal="12.6" a="0" b="0" c="0.008145"/>
            <distortion model="ptlens" focal="12.7" a="0" b="0" c="0.008359"/>
            <distortion model="ptlens" focal="12.8" a="0" b="0" c="0.008572"/>
            <distortion model="ptlens" focal="12.9" a="0" b="0" c="0.008786"/>
            <distortion model="ptlens" focal="13" a="0" b="0" c="0.009"/>
            <distortion model="ptlens" focal="13.1" a="0" b="0" c="0.009216"/>
            <distortion model="ptlens" focal="13.2" a="0" b="0" c="0.009434"/>
            <distortion model="ptlens" focal="13.3" a="0" b="0" c="0.009656"/>
            <distortion model="ptlens" focal="13.4" a="0" b="0" c="0.009882"/>
            <distortion model="ptlens" focal="13.5" a="0" b="0" c="0.010114"/>
            <distortion model="ptlens" focal="13.6" a="0" b="0" c="0.010357"/>
            <distortion model="ptlens" focal="13.7" a="0" b="0" c="0.01062"/>
            <distortion model="ptlens" focal="13.8" a="0" b="0" c="0.010921"/>
            <distortion model="ptlens" focal="13.9" a="0" b="0" c="0.011236"/>
            <distortion model="ptlens" focal="14" a="0" b="0" c="0.011512"/>
            <distortion model="ptlens" focal="14.1" a="0" b="0" c="0.011762"/>
            <distortion model="ptlens" focal="14.2" a="0" b="0" c="0.012"/>
            <distortion model="ptlens" focal="14.3" a="0" b="0" c="0.01223"/>
            <distortion model="ptlens" focal="14.4" a="0" b="0" c="0.012454"/>
            <distortion model="ptlens" focal="14.5" a="0" b="0" c="0.012673"/>
            <distortion model="ptlens" focal="14.6" a="0" b="0" c="0.012888"/>
            <distortion model="ptlens" focal="14.7" a="0" b="0" c="0.013098"/>
            <distortion model="ptlens" focal="14.8" a="0" b="0" c="0.013304"/>
            <distortion model="ptlens" focal="14.9" a="0" b="0" c="0.013507"/>
            <distortion model="ptlens" focal="15" a="0" b="0" c="0.013706"/>
            <distortion model="ptlens" focal="15.1" a="0" b="0" c="0.013902"/>
            <distortion model="ptlens" focal="15.2" a="0" b="0" c="0.014094"/>
            <distortion model="ptlens" focal="15.3" a="0" b="0" c="0.014283"/>
            <distortion model="ptlens" focal="15.4" a="0" b="0" c="0.014469"/>
            <distortion model="ptlens" focal="15.5" a="0" b="0" c="0.014652"/>
            <distortion model="ptlens" focal="15.6" a="0" b="0" c="0.014832"/>
            <distortion model="ptlens" focal="15.7" a="0" b="0" c="0.01501"/>
            <distortion model="ptlens" focal="15.8" a="0" b="0" c="0.015184"/>
            <distortion model="ptlens" focal="15.9" a="0" b="0" c="0.015355"/>
            <distortion model="ptlens" focal="16" a="0" b="0" c="0.015524"/>
            <distortion model="ptlens" focal="16.1" a="0" b="0" c="0.01569"/>
            <distortion model="ptlens" focal="16.2" a="0" b="0" c="0.015853"/>
            <distortion model="ptlens" focal="16.3" a="0" b="0" c="0.016014"/>
            <distortion model="ptlens" focal="16.4" a="0" b="0" c="0.016172"/>
            <distortion model="ptlens" focal="16.5" a="0" b="0" c="0.016327"/>
            <distortion model="ptlens" focal="16.6" a="0" b="0" c="0.016479"/>
            <distortion model="ptlens" focal="16.7" a="0" b="0" c="0.016629"/>
            <distortion model="ptlens" focal="16.8" a="0" b="0" c="0.016777"/>
            <distortion model="ptlens" focal="16.9" a="0" b="0" c="0.016922"/>
            <distortion model="ptlens" focal="17" a="0" b="0" c="0.017064"/>
            <distortion model="ptlens" focal="17.1" a="0" b="0" c="0.017204"/>
            <distortion model="ptlens" focal="17.2" a="0" b="0" c="0.017341"/>
            <distortion model="ptlens" focal="17.3" a="0" b="0" c="0.017476"/>
            <distortion model="ptlens" focal="17.4" a="0" b="0" c="0.017608"/>
            <distortion model="ptlens" focal="17.5" a="0" b="0" c="0.017738"/>
            <distortion model="ptlens" focal="17.6" a="0" b="0" c="0.017865"/>
            <distortion model="ptlens" focal="17.7" a="0" b="0" c="0.017989"/>
            <distortion model="ptlens" focal="17.8" a="0" b="0" c="0.018112"/>
            <distortion model="ptlens" focal="17.9" a="0" b="0" c="0.018231"/>
            <distortion model="ptlens" focal="18" a="0" b="0" c="0.018349"/>
            <distortion model="ptlens" focal="18.1" a="0" b="0" c="0.018463"/>
            <distortion model="ptlens" focal="18.2" a="0" b="0" c="0.018576"/>
            <distortion model="ptlens" focal="18.3" a="0" b="0" c="0.018685"/>
            <distortion model="ptlens" focal="18.4" a="0" b="0" c="0.018793"/>
            <distortion model="ptlens" focal="18.5" a="0" b="0" c="0.018898"/>
            <distortion model="ptlens" focal="18.6" a="0" b="0" c="0.019"/>
            <distortion model="ptlens" focal="18.7" a="0" b="0" c="0.0191"/>
            <distortion model="ptlens" focal="18.8" a="0" b="0" c="0.019197"/>
            <distortion model="ptlens" focal="18.9" a="0" b="0" c="0.019293"/>
            <distortion model="ptlens" focal="19" a="0" b="0" c="0.019386"/>
            <distortion model="ptlens" focal="19.1" a="0" b="0" c="0.019476"/>
            <distortion model="ptlens" focal="19.2" a="0" b="0" c="0.019565"/>
            <distortion model="ptlens" focal="19.3" a="0" b="0" c="0.019652"/>
            <distortion model="ptlens" focal="19.4" a="0" b="0" c="0.019737"/>
            <distortion model="ptlens" focal="19.5" a="0" b="0" c="0.019819"/>
            <distortion model="ptlens" focal="19.6" a="0" b="0" c="0.0199"/>
            <distortion model="ptlens" focal="19.7" a="0" b="0" c="0.019979"/>
            <distortion model="ptlens" focal="19.8" a="0" b="0" c="0.020057"/>
            <distortion model="ptlens" focal="19.9" a="0" b="0" c="0.020133"/>
            <distortion model="ptlens" focal="20" a="0" b="0" c="0.020207"/>
            <distortion model="ptlens" focal="20.1" a="0" b="0" c="0.020279"/>
            <distortion model="ptlens" focal="20.2" a="0" b="0" c="0.02035"/>
            <distortion model="ptlens" focal="20.3" a="0" b="0" c="0.02042"/>
            <distortion model="ptlens" focal="20.4" a="0" b="0" c="0.020488"/>
            <distortion model="ptlens" focal="20.5" a="0" b="0" c="0.020554"/>
            <distortion model="ptlens" focal="20.6" a="0" b="0" c="0.02062"/>
            <distortion model="ptlens" focal="20.7" a="0" b="0" c="0.020684"/>
            <distortion model="ptlens" focal="20.8" a="0" b="0" c="0.020746"/>
            <distortion model="ptlens" focal="20.9" a="0" b="0" c="0.020808"/>
            <distortion model="ptlens" focal="21" a="0" b="0" c="0.020868"/>
            <distortion model="ptlens" focal="21.1" a="0" b="0" c="0.020927"/>
            <distortion model="ptlens" focal="21.2" a="0" b="0" c="0.020985"/>
            <distortion model="ptlens" focal="21.3" a="0" b="0" c="0.021041"/>
            <distortion model="ptlens" focal="21.4" a="0" b="0" c="0.021097"/>
            <distortion model="ptlens" focal="21.5" a="0" b="0" c="0.021151"/>
            <distortion model="ptlens" focal="21.6" a="0" b="0" c="0.021205"/>
            <distortion model="ptlens" focal="21.7" a="0" b="0" c="0.021257"/>
            <distortion model="ptlens" focal="21.8" a="0" b="0" c="0.021309"/>
            <distortion model="ptlens" focal="21.9" a="0" b="0" c="0.021359"/>
            <distortion model="ptlens" focal="22" a="0" b="0" c="0.021409"/>
            <distortion model="ptlens" focal="22.1" a="0" b="0" c="0.021458"/>
            <distortion model="ptlens" focal="22.2" a="0" b="0" c="0.021505"/>
            <distortion model="ptlens" focal="22.3" a="0" b="0" c="0.021552"/>
            <distortion model="ptlens" focal="22.4" a="0" b="0" c="0.021599"/>
            <distortion model="ptlens" focal="22.5" a="0" b="0" c="0.021644"/>
            <distortion model="ptlens" focal="22.6" a="0" b="0" c="0.021688"/>
            <distortion model="ptlens" focal="22.7" a="0" b="0" c="0.021732"/>
            <distortion model="ptlens" focal="22.8" a="0" b="0" c="0.021775"/>
            <distortion model="ptlens" focal="22.9" a="0" b="0" c="0.021818"/>
            <distortion model="ptlens" focal="23" a="0" b="0" c="0.021859"/>
            <distortion model="ptlens" focal="23.1" a="0" b="0" c="0.0219"/>
            <distortion model="ptlens" focal="23.2" a="0" b="0" c="0.02194"/>
            <distortion model="ptlens" focal="23.3" a="0" b="0" c="0.02198"/>
            <distortion model="ptlens" focal="23.4" a="0" b="0" c="0.022019"/>
            <distortion model="ptlens" focal="23.5" a="0" b="0" c="0.022057"/>
            <distortion model="ptlens" focal="23.6" a="0" b="0" c="0.022095"/>
            <distortion model="ptlens" focal="23.7" a="0" b="0" c="0.022132"/>
            <distortion model="ptlens" focal="23.8" a="0" b="0" c="0.022169"/>
            <distortion model="ptlens" focal="23.9" a="0" b="0" c="0.022205"/>
            <distortion model="ptlens" focal="24" a="0" b="0" c="0.022241"/>
            <distortion model="ptlens" focal="24.1" a="0" b="0" c="0.022276"/>
            <distortion model="ptlens" focal="24.2" a="0" b="0" c="0.02231"/>
            <distortion model="ptlens" focal="24.3" a="0" b="0" c="0.022344"/>
            <distortion model="ptlens" focal="24.4" a="0" b="0" c="0.022378"/>
            <distortion model="ptlens" focal="24.5" a="0" b="0" c="0.022411"/>
            <distortion model="ptlens" focal="24.6" a="0" b="0" c="0.022444"/>
            <distortion model="ptlens" focal="24.7" a="0" b="0" c="0.022476"/>
            <distortion model="ptlens" focal="24.8" a="0" b="0" c="0.022508"/>
            <distortion model="ptlens" focal="24.9" a="0" b="0" c="0.02254"/>
            <distortion model="ptlens" focal="25" a="0" b="0" c="0.022571"/>
            <distortion model="ptlens" focal="25.1" a="0" b="0" c="0.022602"/>
            <distortion model="ptlens" focal="25.2" a="0" b="0" c="0.022632"/>
            <distortion model="ptlens" focal="25.3" a="0" b="0" c="0.022662"/>
            <distortion model="ptlens" focal="25.4" a="0" b="0" c="0.022692"/>
            <distortion model="ptlens" focal="25.5" a="0" b="0" c="0.022721"/>
            <distortion model="ptlens" focal="25.6" a="0" b="0" c="0.02275"/>
            <distortion model="ptlens" focal="25.7" a="0" b="0" c="0.022779"/>
            <distortion model="ptlens" focal="25.8" a="0" b="0" c="0.022808"/>
            <distortion model="ptlens" focal="25.9" a="0" b="0" c="0.022836"/>
            <distortion model="ptlens" focal="26" a="0" b="0" c="0.022864"/>
            <distortion model="ptlens" focal="26.1" a="0" b="0" c="0.022891"/>
            <distortion model="ptlens" focal="26.2" a="0" b="0" c="0.022919"/>
            <distortion model="ptlens" focal="26.3" a="0" b="0" c="0.022946"/>
            <distortion model="ptlens" focal="26.4" a="0" b="0" c="0.022973"/>
            <distortion model="ptlens" focal="26.5" a="0" b="0" c="0.023"/>
            <distortion model="ptlens" focal="26.6" a="0" b="0" c="0.023027"/>
            <distortion model="ptlens" focal="26.7" a="0" b="0" c="0.023053"/>
            <distortion model="ptlens" focal="26.8" a="0" b="0" c="0.023079"/>
            <distortion model="ptlens" focal="26.9" a="0" b="0" c="0.023105"/>
            <distortion model="ptlens" focal="27" a="0" b="0" c="0.023131"/>
            <distortion model="ptlens" focal="27.1" a="0" b="0" c="0.023157"/>
            <distortion model="ptlens" focal="27.2" a="0" b="0" c="0.023182"/>
            <distortion model="ptlens" focal="27.3" a="0" b="0" c="0.023208"/>
            <distortion model="ptlens" focal="27.4" a="0" b="0" c="0.023233"/>
            <distortion model="ptlens" focal="27.5" a="0" b="0" c="0.023258"/>
            <distortion model="ptlens" focal="27.6" a="0" b="0" c="0.023282"/>
            <distortion model="ptlens" focal="27.7" a="0" b="0" c="0.023307"/>
            <distortion model="ptlens" focal="27.8" a="0" b="0" c="0.023331"/>
            <distortion model="ptlens" focal="27.9" a="0" b="0" c="0.023356"/>
            <distortion model="ptlens" focal="28" a="0" b="0" c="0.02338"/>
            <distortion model="ptlens" focal="28.1" a="0" b="0" c="0.023404"/>
            <distortion model="ptlens" focal="28.2" a="0" b="0" c="0.023428"/>
            <distortion model="ptlens" focal="28.3" a="0" b="0" c="0.023451"/>
            <distortion model="ptlens" focal="28.4" a="0" b="0" c="0.023475"/>
            <distortion model="ptlens" focal="28.5" a="0" b="0" c="0.023498"/>
            <distortion model="ptlens" focal="28.6" a="0" b="0" c="0.023522"/>
            <distortion model="ptlens" focal="28.7" a="0" b="0" c="0.023545"/>
            <distortion model="ptlens" focal="28.8" a="0" b="0" c="0.023568"/>
            <distortion model="ptlens" focal="28.9" a="0" b="0" c="0.023591"/>
            <distortion model="ptlens" focal="29" a="0" b="0" c="0.023613"/>
            <distortion model="ptlens" focal="29.1" a="0" b="0" c="0.023636"/>
            <distortion model="ptlens" focal="29.2" a="0" b="0" c="0.023658"/>
            <distortion model="ptlens" focal="29.3" a="0" b="0" c="0.023681"/>
            <distortion model="ptlens" focal="29.4" a="0" b="0" c="0.023703"/>
            <distortion model="ptlens" focal="29.5" a="0" b="0" c="0.023725"/>
            <distortion model="ptlens" focal="29.6" a="0" b="0" c="0.023747"/>
            <distortion model="ptlens" focal="29.7" a="0" b="0" c="0.023769"/>
            <distortion model="ptlens" focal="29.8" a="0" b="0" c="0.02379"/>
            <distortion model="ptlens" focal="29.9" a="0" b="0" c="0.023812"/>
            <distortion model="ptlens" focal="30" a="0" b="0" c="0.023834"/>
            <distortion model="ptlens" focal="30.1" a="0" b="0" c="0.023855"/>
            <distortion model="ptlens" focal="30.2" a="0" b="0" c="0.023876"/>
            <distortion model="ptlens" focal="30.3" a="0" b="0" c="0.023898"/>
            <distortion model="ptlens" focal="30.4" a="0" b="0" c="0.023919"/>
            <distortion model="ptlens" focal="30.5" a="0" b="0" c="0.02394"/>
            <distortion model="ptlens" focal="30.6" a="0" b="0" c="0.023961"/>
            <distortion model="ptlens" focal="30.7" a="0" b="0" c="0.023981"/>
            <distortion model="ptlens" focal="30.8" a="0" b="0" c="0.024002"/>
            <distortion model="ptlens" focal="30.9" a="0" b="0" c="0.024023"/>
            <distortion model="ptlens" focal="31" a="0" b="0" c="0.024043"/>
            <distortion model="ptlens" focal="31.1" a="0" b="0" c="0.024064"/>
            <distortion model="ptlens" focal="31.2" a="0" b="0" c="0.024084"/>
            <distortion model="ptlens" focal="31.3" a="0" b="0" c="0.024105"/>
            <distortion model="ptlens" focal="31.4" a="0" b="0" c="0.024125"/>
            <distortion model="ptlens" focal="31.5" a="0" b="0" c="0.024145"/>
            <distortion model="ptlens" focal="31.6" a="0" b="0" c="0.024165"/>
            <distortion model="ptlens" focal="31.7" a="0" b="0" c="0.024185"/>
            <distortion model="ptlens" focal="31.8" a="0" b="0" c="0.024205"/>
            <distortion model="ptlens" focal="31.9" a="0" b="0" c="0.024225"/>
            <distortion model="ptlens" focal="32" a="0" b="0" c="0.024245"/>
            <distortion model="ptlens" focal="32.1" a="0" b="0" c="0.024264"/>
            <distortion model="ptlens" focal="32.2" a="0" b="0" c="0.024284"/>
            <distortion model="ptlens" focal="32.3" a="0" b="0" c="0.024304"/>
            <distortion model="ptlens" focal="32.4" a="0" b="0" c="0.024323"/>
            <distortion model="ptlens" focal="32.5" a="0" b="0" c="0.024343"/>
            <distortion model="ptlens" focal="32.6" a="0" b="0" c="0.024362"/>
            <distortion model="ptlens" focal="32.7" a="0" b="0" c="0.024381"/>
            <distortion model="ptlens" focal="32.8" a="0" b="0" c="0.024401"/>
            <distortion model="ptlens" focal="32.9" a="0" b="0" c="0.02442"/>
            <distortion model="ptlens" focal="33" a="0" b="0" c="0.024439"/>
            <distortion model="ptlens" focal="33.1" a="0" b="0" c="0.024458"/>
            <distortion model="ptlens" focal="33.2" a="0" b="0" c="0.024477"/>
            <distortion model="ptlens" focal="33.3" a="0" b="0" c="0.024497"/>
            <distortion model="ptlens" focal="33.4" a="0" b="0" c="0.024516"/>
            <distortion model="ptlens" focal="33.5" a="0" b="0" c="0.024534"/>
            <distortion model="ptlens" focal="33.6" a="0" b="0" c="0.024553"/>
            <distortion model="ptlens" focal="33.7" a="0" b="0" c="0.024572"/>
            <distortion model="ptlens" focal="33.8" a="0" b="0" c="0.024591"/>
            <distortion model="ptlens" focal="33.9" a="0" b="0" c="0.02461"/>
            <distortion model="ptlens" focal="34" a="0" b="0" c="0.024629"/>
            <distortion model="ptlens" focal="34.1" a="0" b="0" c="0.024648"/>
            <distortion model="ptlens" focal="34.2" a="0" b="0" c="0.024666"/>
            <distortion model="ptlens" focal="34.3" a="0" b="0" c="0.024685"/>
            <distortion model="ptlens" focal="34.4" a="0" b="0" c="0.024704"/>
            <distortion model="ptlens" focal="34.5" a="0" b="0" c="0.024722"/>
            <distortion model="ptlens" focal="34.6" a="0" b="0" c="0.024741"/>
            <distortion model="ptlens" focal="34.7" a="0" b="0" c="0.02476"/>
            <distortion model="ptlens" focal="34.8" a="0" b="0" c="0.024778"/>
            <distortion model="ptlens" focal="34.9" a="0" b="0" c="0.024797"/>
            <distortion model="ptlens" focal="35" a="0" b="0" c="0.024815"/>
            <distortion model="ptlens" focal="35.1" a="0" b="0" c="0.024834"/>
            <distortion model="ptlens" focal="35.2" a="0" b="0" c="0.024852"/>
            <distortion model="ptlens" focal="35.3" a="0" b="0" c="0.024871"/>
            <distortion model="ptlens" focal="35.4" a="0" b="0" c="0.024889"/>
            <distortion model="ptlens" focal="35.5" a="0" b="0" c="0.024908"/>
            <distortion model="ptlens" focal="35.6" a="0" b="0" c="0.024926"/>
            <distortion model="ptlens" focal="35.7" a="0" b="0" c="0.024945"/>
            <distortion model="ptlens" focal="35.8" a="0" b="0" c="0.024963"/>
            <distortion model="ptlens" focal="35.9" a="0" b="0" c="0.024982"/>
            <distortion model="ptlens" focal="36" a="0" b="0" c="0.025"/>
        </calibration>
    </lens>
    <lens>
        <maker>Fujifilm</maker>
        <model>FinePix F200EXR &amp; compatibles (Standard)</model>
        <model lang="en">fixed lens</model>
        <model lang="de">festes Objektiv</model>
        <mount>fujiF200exr</mount>
        <cropfactor>4.341</cropfactor>
        <aspect-ratio>4:3</aspect-ratio>
        <calibration>
            <distortion model="ptlens" focal="6.4" a="0.01564" b="-0.04677" c="0.01961"/>
            <distortion model="ptlens" focal="8.1" a="-0.00375" b="0.0034" c="-0.01065"/>
            <distortion model="ptlens" focal="13" a="-0.00638" b="0.01208" c="-0.01137"/>
            <distortion model="ptlens" focal="16" a="-0.00790" b="0.02297" c="-0.02505"/>
            <distortion model="ptlens" focal="25" a="-0.00176" b="0.00648" c="-0.00065"/>
            <distortion model="ptlens" focal="32" a="-0.00962" b="0.02592" c="-0.01447"/>
        </calibration>
    </lens>
    <lens>
        <maker>Fujifilm</maker>
        <model>X100 &amp; compatibles (Standard)</model>
        <model lang="en">fixed lens</model>
        <model lang="de">festes Objektiv</model>
        <mount>fujix100</mount>
        <cropfactor>1.523</cropfactor>
        <aspect-ratio>3:2</aspect-ratio>
        <calibration>
            <distortion model="ptlens" focal="23" a="0.02159" b="-0.0618" c="0.04364"/>
            <tca model="poly3" focal="23" br="-0.0001543" vr="1.0006122" bb="0.0001753" vb="0.9996422"/>
        </calibration>
    </lens>
    <lens>
        <maker>Fujifilm</maker>
        <model>X100 &amp; compatibles (Standard) + TCL-X100</model>
        <model lang="en">TCL-X100</model>
        <mount>fujix100</mount>
        <cropfactor>1.523</cropfactor>
        <calibration>
            <!-- Taken with Fujifilm X100s -->
            <distortion model="ptlens" focal="33" a="0.02986" b="-0.05994" c="0.05518"/>
            <tca model="poly3" focal="33" vr="1.0000047" vb="0.9999998"/>
        </calibration>
    </lens>
    <lens>
        <maker>Fujifilm</maker>
        <model>X10 &amp; compatibles (Standard)</model>
        <model lang="en">fixed lens</model>
        <model lang="de">festes Objektiv</model>
        <mount>fujix10</mount>
        <cropfactor>3.93</cropfactor>
        <aspect-ratio>4:3</aspect-ratio>
        <calibration>
            <distortion model="ptlens" focal="7.1" a="0.02972" b="-0.09564" c="0.0155"/>
            <distortion model="ptlens" focal="8.9" a="0.02083" b="-0.07255" c="0.03871"/>
            <distortion model="ptlens" focal="12.2" a="0.01649" b="-0.03788" c="0.01562"/>
            <distortion model="ptlens" focal="19.5" a="0.00142" b="0.01461" c="-0.01538"/>
            <distortion model="ptlens" focal="28.4" a="0" b="0.00718" c="0"/>
            <tca model="poly3" focal="7.1" vr="1.0007" vb="1.00012"/>
            <tca model="poly3" focal="8.9" vr="1.00046" vb="0.99992"/>
            <tca model="poly3" focal="12.2" vr="1.00043" vb="1.00008"/>
            <tca model="poly3" focal="19.5"/>
            <tca model="poly3" focal="28.4" vr="0.9998" vb="0.9996"/>
        </calibration>
    </lens>
    <lens>
        <maker>Fujifilm</maker>
        <model>FinePix HS20EXR &amp; compatibles (Standard)</model>
        <model lang="en">fixed lens</model>
        <model lang="de">festes Objektiv</model>
        <mount>fujihs20exr</mount>
        <cropfactor>5.71</cropfactor>
        <aspect-ratio>4:3</aspect-ratio>
        <calibration>
            <distortion model="ptlens" focal="4.2" a="0.01557" b="-0.05066" c="-0.04858"/>
            <distortion model="ptlens" focal="5" a="0.00758" b="-0.01443" c="-0.03499"/>
            <distortion model="ptlens" focal="5.4" a="0.01195" b="-0.02342" c="-0.00966"/>
            <distortion model="ptlens" focal="5.6" a="0.02236" b="-0.05672" c="0.04049"/>
            <distortion model="ptlens" focal="7.1" a="0.03547" b="-0.07378" c="0.07626"/>
            <distortion model="ptlens" focal="8.6" a="0.01117" b="0.00674" c="0.01696"/>
            <distortion model="ptlens" focal="12.3" a="0.03635" b="-0.05129" c="0.06929"/>
            <distortion model="ptlens" focal="16.1" a="0.04961" b="-0.09542" c="0.11586"/>
            <distortion model="ptlens" focal="21.2" a="0.03377" b="-0.02899" c="0.03685"/>
            <distortion model="ptlens" focal="24.9" a="-0.00438" b="0.0363" c="0.04379"/>
            <distortion model="ptlens" focal="28" a="-0.02454" b="0.13049" c="-0.09839"/>
            <distortion model="ptlens" focal="30.3" a="-0.03533" b="0.14051" c="-0.06339"/>
            <distortion model="ptlens" focal="43.1" a="-0.00121" b="0.04359" c="0.01142"/>
            <distortion model="ptlens" focal="59" a="-0.02082" b="0.09605" c="-0.04338"/>
            <distortion model="ptlens" focal="84.1" a="-0.03895" b="0.14772" c="-0.08548"/>
            <distortion model="ptlens" focal="126" a="-0.00275" b="0.03685" c="0.0165"/>
            <tca model="poly3" focal="4.2" br="-0.0006044" vr="1.0015583" bb="0.0003064" vb="0.9996509"/>
            <tca model="poly3" focal="5" br="-0.0006921" vr="1.0015321" bb="0.0002984" vb="0.9996267"/>
            <tca model="poly3" focal="5.4" br="-0.0004830" vr="1.0012212" bb="0.0002778" vb="0.9996477"/>
            <tca model="poly3" focal="5.6" br="-0.0005000" vr="1.0012408" bb="0.0002717" vb="0.9996562"/>
            <tca model="poly3" focal="7.1" br="-0.0005363" vr="1.0012541" bb="0.0001994" vb="0.9997148"/>
            <tca model="poly3" focal="8.6" br="-0.0004482" vr="1.0008582" bb="0.0002015" vb="0.9997459"/>
            <tca model="poly3" focal="12.3" br="-0.0002563" vr="1.0006152" bb="0.0001535" vb="0.9998155"/>
            <tca model="poly3" focal="16.1" br="-0.0002135" vr="1.0004230" bb="0.0001455" vb="0.9998099"/>
            <tca model="poly3" focal="21.2" br="-0.0001491" vr="1.0002478" bb="0.0000214" vb="0.9999322"/>
            <tca model="poly3" focal="24.9" br="-0.0000712" vr="1.0001499" bb="0.0000178" vb="0.9999370"/>
            <tca model="poly3" focal="28" br="-0.0002714" vr="1.0005178" bb="0.0001966" vb="0.9995914"/>
            <tca model="poly3" focal="30.3" br="-0.0000742" vr="1.0000964" bb="0.0000090" vb="0.9999415"/>
            <tca model="poly3" focal="43.1" br="-0.0001378" vr="1.0002126" bb="0.0000720" vb="0.9995407"/>
            <tca model="poly3" focal="59" br="-0.0001059" vr="0.9999289" bb="0.0001135" vb="0.9996203"/>
            <tca model="poly3" focal="84.1" br="-0.0001983" vr="0.9999666" bb="0.0000523" vb="0.9996942"/>
            <tca model="poly3" focal="126" br="0.0000220" vr="0.9994784" bb="0.0001868" vb="0.9993445"/>
        </calibration>
    </lens>
    <lens>
        <maker>Fujifilm</maker>
        <model>FinePix F770EXR &amp; compatibles (Standard)</model>
        <model lang="en">fixed lens</model>
        <model lang="de">festes Objektiv</model>
        <mount>fujif770exr</mount>
        <cropfactor>5.43</cropfactor>
        <aspect-ratio>4:3</aspect-ratio>
        <calibration>
            <distortion model="ptlens" focal="4.6" a="0.01272" b="-0.05766" c="-0.00271"/>
            <distortion model="ptlens" focal="9.2" a="0.0079" b="-0.00036" c="0.00893"/>
            <distortion model="ptlens" focal="19.1" a="-0.02764" b="0.10049" c="-0.08307"/>
            <distortion model="ptlens" focal="36.3" a="-0.01688" b="0.04463" c="-0.02165"/>
            <distortion model="ptlens" focal="60.4" a="-0.01809" b="0.02613" c="0.00016"/>
            <distortion model="ptlens" focal="92" a="-0.01825" b="0.02645" c="-0.01387"/>
            <tca model="poly3" focal="4.6" vr="1.0004912" vb="1.0002067"/>
            <tca model="poly3" focal="9.2" vr="1.0002420" vb="1.0001037"/>
            <tca model="poly3" focal="19.1" vr="1.0000862" vb="1.0000509"/>
            <tca model="poly3" focal="36.3" vr="0.9999841" vb="0.9999159"/>
            <tca model="poly3" focal="60.4" vr="0.9999076" vb="0.9999219"/>
            <tca model="poly3" focal="92" vr="0.999" vb="0.999"/>
        </calibration>
    </lens>
    <lens>
        <maker>Fujifilm</maker>
        <model>FinePix S5600</model>
        <model lang="en">fixed lens</model>
        <model lang="de">festes Objektiv</model>
        <mount>fujiS5600</mount>
        <cropfactor>6.03</cropfactor>
        <aspect-ratio>4:3</aspect-ratio>
        <calibration>
            <distortion model="poly3" focal="6.3" k1="-0.01437"/>
            <distortion model="poly3" focal="6.9" k1="-0.00883"/>
            <distortion model="poly3" focal="7.5" k1="-0.005619"/>
            <distortion model="poly3" focal="9" k1="0.00042"/>
            <distortion model="poly3" focal="16.7" k1="0.00266"/>
            <distortion model="poly3" focal="21.6" k1="0.00156"/>
            <distortion model="poly3" focal="28.6" k1="0.00094"/>
            <distortion model="poly3" focal="63" k1="0.00021"/>
        </calibration>
    </lens>
    <lens>
        <maker>Fujifilm</maker>
        <model>Fujifilm XQ1</model>
        <model lang="en">fixed lens</model>
        <model lang="de">festes Objektiv</model>
        <mount>fujiXQ1</mount>
        <cropfactor>3.91</cropfactor>
        <aspect-ratio>4:3</aspect-ratio>
        <calibration>
            <distortion model="ptlens" focal="6.4" a="0.01267" b="-0.07641" c="0.00242"/>
            <distortion model="ptlens" focal="9.7" a="-0.00489" b="-0.00182" c="-0.02868"/>
            <distortion model="ptlens" focal="14.9" a="0" b="-0.00793" c="0"/>
            <distortion model="ptlens" focal="22.2" a="0" b="-0.00295" c="0"/>
            <distortion model="ptlens" focal="25.6" a="0" b="-0.00116" c="0"/>
            <tca model="poly3" focal="6.4" br="0.0003842" vr="0.9998453" bb="-0.0003690" vb="1.0009162"/>
            <tca model="poly3" focal="9.7" br="0.0001230" vr="0.9998798" bb="-0.0001439" vb="1.0005130"/>
            <tca model="poly3" focal="14.9" br="0.0000232" vr="0.9999439" bb="0.0000423" vb="1.0004204"/>
            <tca model="poly3" focal="22.2" br="-0.0000659" vr="1.0001220" bb="-0.0000503" vb="1.0002306"/>
            <tca model="poly3" focal="25.6" br="-0.0000914" vr="1.0001901" bb="-0.0000653" vb="1.0001226"/>
        </calibration>
    </lens>
    <lens>
        <maker>Fujifilm</maker>
        <model>Fujifilm FinePix A370</model>
        <model lang="en">fixed lens</model>
        <model lang="de">festes Objektiv</model>
        <mount>fujiA370</mount>
        <cropfactor>6.03</cropfactor>
        <aspect-ratio>4:3</aspect-ratio>
        <calibration>
            <distortion model="ptlens" focal="5.9" a="0.01077" b="-0.03642" c="0.0168"/>
            <distortion model="ptlens" focal="7.6" a="0.01088" b="-0.03855" c="0.03003"/>
            <distortion model="ptlens" focal="17.4" a="0" b="0.00062" c="0"/>
        </calibration>
    </lens>
    <lens>
        <maker>Fujifilm</maker>
        <model>Fujifilm X-S1</model>
        <model lang="en">fixed lens</model>
        <model lang="de">festes Objektiv</model>
        <mount>fujiXS1</mount>
        <cropfactor>3.93</cropfactor>
        <aspect-ratio>4:3</aspect-ratio>
        <calibration>
            <distortion model="ptlens" focal="6.1" a="0.04173" b="-0.1255" c="0.03337"/>
            <distortion model="ptlens" focal="9.2" a="0.05507" b="-0.14991" c="0.16436"/>
            <distortion model="ptlens" focal="12" a="0.03847" b="-0.07323" c="0.07359"/>
            <distortion model="ptlens" focal="15.1" a="0.00645" b="0.01798" c="0.01622"/>
            <distortion model="ptlens" focal="16.3" a="-0.00502" b="0.06208" c="-0.04238"/>
            <distortion model="ptlens" focal="25.7" a="0.02044" b="-0.0267" c="0.07563"/>
            <distortion model="ptlens" focal="30" a="0.00802" b="0.01586" c="0.01124"/>
            <distortion model="ptlens" focal="49.1" a="-0.00692" b="0.05513" c="-0.00162"/>
            <distortion model="ptlens" focal="51" a="0.02053" b="-0.03035" c="0.0728"/>
            <distortion model="ptlens" focal="61.8" a="-0.0162" b="0.07471" c="-0.01617"/>
            <distortion model="ptlens" focal="77.6" a="-0.03119" b="0.11626" c="-0.04673"/>
            <distortion model="ptlens" focal="118" a="-0.03622" b="0.12026" c="-0.05082"/>
            <distortion model="ptlens" focal="158.6" a="-0.03593" b="0.1124" c="-0.03696"/>
            <tca model="poly3" focal="6.1" br="-0.0006698" vr="1.0015060" bb="0.0001771" vb="0.9997757"/>
            <tca model="poly3" focal="9.2" br="-0.0003439" vr="1.0011847" bb="0.0001094" vb="0.9997936"/>
            <tca model="poly3" focal="12" br="-0.0001715" vr="1.0005107" bb="0.0000503" vb="0.9998925"/>
            <tca model="poly3" focal="13" br="-0.0002957" vr="1.0011080" bb="0.0000873" vb="0.9998131"/>
            <tca model="poly3" focal="15.1" br="-0.0001575" vr="1.0004048" bb="0.0000547" vb="0.9999092"/>
            <tca model="poly3" focal="16.3" br="-0.0001187" vr="1.0004237" bb="0.0000731" vb="0.9998992"/>
            <tca model="poly3" focal="20.5" br="-0.0001369" vr="1.0005299" bb="0.0000650" vb="0.9998692"/>
            <tca model="poly3" focal="25.7" br="-0.0000855" vr="1.0002196" bb="0.0000465" vb="0.9999389"/>
            <tca model="poly3" focal="30" br="-0.0000874" vr="1.0002188" bb="0.0000667" vb="0.9998927"/>
            <tca model="poly3" focal="40.6" br="-0.0000627" vr="1.0001223" bb="0.0000768" vb="0.9998504"/>
            <tca model="poly3" focal="49.1" br="-0.0000789" vr="1.0000674" bb="0.0000261" vb="0.9999830"/>
            <tca model="poly3" focal="61.8" br="-0.0000792" vr="0.9999716" bb="0.0000256" vb="0.9999884"/>
            <tca model="poly3" focal="64.2" br="-0.0000833" vr="0.9999308" bb="-0.0001554" vb="1.0000881"/>
            <tca model="poly3" focal="77.6" br="-0.0001047" vr="0.9998898" bb="0.0000203" vb="1.0000117"/>
            <tca model="poly3" focal="90.4" br="-0.0001352" vr="0.9999454" bb="-0.0001451" vb="1.0001396"/>
            <tca model="poly3" focal="118" br="-0.0002359" vr="0.9999663" bb="-0.0000332" vb="1.0000257"/>
            <tca model="poly3" focal="158.6" br="-0.0005435" vr="0.9996900" bb="0.0001082" vb="0.9999633"/>
            <vignetting model="pa" focal="6.1" aperture="2.8" distance="10" k1="-0.6581" k2="0.7127" k3="-0.5429"/>
            <vignetting model="pa" focal="6.1" aperture="2.8" distance="1000" k1="-0.6581" k2="0.7127" k3="-0.5429"/>
            <vignetting model="pa" focal="6.1" aperture="3.2" distance="10" k1="-0.6793" k2="0.7144" k3="-0.4351"/>
            <vignetting model="pa" focal="6.1" aperture="3.2" distance="1000" k1="-0.6793" k2="0.7144" k3="-0.4351"/>
            <vignetting model="pa" focal="6.1" aperture="3.6" distance="10" k1="-0.6629" k2="0.6624" k3="-0.4054"/>
            <vignetting model="pa" focal="6.1" aperture="3.6" distance="1000" k1="-0.6629" k2="0.6624" k3="-0.4054"/>
            <vignetting model="pa" focal="6.1" aperture="4" distance="10" k1="-0.6061" k2="0.4407" k3="-0.1881"/>
            <vignetting model="pa" focal="6.1" aperture="4" distance="1000" k1="-0.6061" k2="0.4407" k3="-0.1881"/>
            <vignetting model="pa" focal="6.1" aperture="11" distance="10" k1="-0.5866" k2="0.5655" k3="-0.2802"/>
            <vignetting model="pa" focal="6.1" aperture="11" distance="1000" k1="-0.5866" k2="0.5655" k3="-0.2802"/>
            <vignetting model="pa" focal="15.1" aperture="3.6" distance="10" k1="-0.6070" k2="0.7431" k3="-0.4935"/>
            <vignetting model="pa" focal="15.1" aperture="3.6" distance="1000" k1="-0.6070" k2="0.7431" k3="-0.4935"/>
            <vignetting model="pa" focal="15.1" aperture="4" distance="10" k1="-0.5303" k2="0.4250" k3="-0.1861"/>
            <vignetting model="pa" focal="15.1" aperture="4" distance="1000" k1="-0.5303" k2="0.4250" k3="-0.1861"/>
            <vignetting model="pa" focal="15.1" aperture="4.5" distance="10" k1="-0.5090" k2="0.3295" k3="-0.0886"/>
            <vignetting model="pa" focal="15.1" aperture="4.5" distance="1000" k1="-0.5090" k2="0.3295" k3="-0.0886"/>
            <vignetting model="pa" focal="15.1" aperture="5" distance="10" k1="-0.5044" k2="0.3137" k3="-0.0776"/>
            <vignetting model="pa" focal="15.1" aperture="5" distance="1000" k1="-0.5044" k2="0.3137" k3="-0.0776"/>
            <vignetting model="pa" focal="15.1" aperture="11" distance="10" k1="-0.4872" k2="0.2816" k3="-0.0957"/>
            <vignetting model="pa" focal="15.1" aperture="11" distance="1000" k1="-0.4872" k2="0.2816" k3="-0.0957"/>
            <vignetting model="pa" focal="34.9" aperture="4.5" distance="10" k1="-0.5227" k2="0.3657" k3="-0.1251"/>
            <vignetting model="pa" focal="34.9" aperture="4.5" distance="1000" k1="-0.5227" k2="0.3657" k3="-0.1251"/>
            <vignetting model="pa" focal="34.9" aperture="5" distance="10" k1="-0.4981" k2="0.2696" k3="-0.0351"/>
            <vignetting model="pa" focal="34.9" aperture="5" distance="1000" k1="-0.4981" k2="0.2696" k3="-0.0351"/>
            <vignetting model="pa" focal="34.9" aperture="5.6" distance="10" k1="-0.5072" k2="0.3208" k3="-0.0827"/>
            <vignetting model="pa" focal="34.9" aperture="5.6" distance="1000" k1="-0.5072" k2="0.3208" k3="-0.0827"/>
            <vignetting model="pa" focal="34.9" aperture="6.4" distance="10" k1="-0.5611" k2="0.4349" k3="-0.1608"/>
            <vignetting model="pa" focal="34.9" aperture="6.4" distance="1000" k1="-0.5611" k2="0.4349" k3="-0.1608"/>
            <vignetting model="pa" focal="34.9" aperture="11" distance="10" k1="-0.5332" k2="0.3572" k3="-0.0624"/>
            <vignetting model="pa" focal="34.9" aperture="11" distance="1000" k1="-0.5332" k2="0.3572" k3="-0.0624"/>
            <vignetting model="pa" focal="77.6" aperture="5.6" distance="10" k1="-0.5770" k2="0.4783" k3="-0.1440"/>
            <vignetting model="pa" focal="77.6" aperture="5.6" distance="1000" k1="-0.5770" k2="0.4783" k3="-0.1440"/>
            <vignetting model="pa" focal="77.6" aperture="6.4" distance="10" k1="-0.5468" k2="0.4264" k3="-0.1121"/>
            <vignetting model="pa" focal="77.6" aperture="6.4" distance="1000" k1="-0.5468" k2="0.4264" k3="-0.1121"/>
            <vignetting model="pa" focal="77.6" aperture="7.1" distance="10" k1="-0.5350" k2="0.3480" k3="-0.0305"/>
            <vignetting model="pa" focal="77.6" aperture="7.1" distance="1000" k1="-0.5350" k2="0.3480" k3="-0.0305"/>
            <vignetting model="pa" focal="77.6" aperture="8" distance="10" k1="-0.5479" k2="0.4077" k3="-0.0887"/>
            <vignetting model="pa" focal="77.6" aperture="8" distance="1000" k1="-0.5479" k2="0.4077" k3="-0.0887"/>
            <vignetting model="pa" focal="77.6" aperture="11" distance="10" k1="-0.5119" k2="0.2929" k3="0.0091"/>
            <vignetting model="pa" focal="77.6" aperture="11" distance="1000" k1="-0.5119" k2="0.2929" k3="0.0091"/>
            <vignetting model="pa" focal="158.6" aperture="5.6" distance="10" k1="-0.7216" k2="0.1993" k3="0.1109"/>
            <vignetting model="pa" focal="158.6" aperture="5.6" distance="1000" k1="-0.7216" k2="0.1993" k3="0.1109"/>
            <vignetting model="pa" focal="158.6" aperture="6.4" distance="10" k1="-0.5204" k2="0.2966" k3="-0.0631"/>
            <vignetting model="pa" focal="158.6" aperture="6.4" distance="1000" k1="-0.5204" k2="0.2966" k3="-0.0631"/>
            <vignetting model="pa" focal="158.6" aperture="7.1" distance="10" k1="-0.5705" k2="0.4937" k3="-0.1689"/>
            <vignetting model="pa" focal="158.6" aperture="7.1" distance="1000" k1="-0.5705" k2="0.4937" k3="-0.1689"/>
            <vignetting model="pa" focal="158.6" aperture="8" distance="10" k1="-0.5619" k2="0.4321" k3="-0.0672"/>
            <vignetting model="pa" focal="158.6" aperture="8" distance="1000" k1="-0.5619" k2="0.4321" k3="-0.0672"/>
            <vignetting model="pa" focal="158.6" aperture="11" distance="10" k1="-0.5375" k2="0.3770" k3="-0.0282"/>
            <vignetting model="pa" focal="158.6" aperture="11" distance="1000" k1="-0.5375" k2="0.3770" k3="-0.0282"/>
        </calibration>
    </lens>
    <lens>
        <maker>Fujifilm</maker>
        <model>X70 &amp; compatibles (Standard)</model>
        <mount>fujix70</mount>
        <cropfactor>1.5375</cropfactor>
        <calibration>
            <distortion model="ptlens" focal="18.5" a="0.0246309" b="-0.0712065" c="0.0634822"/>
            <tca model="poly3" focal="18.5" br="-0.0002189" vr="1.0006596" bb="0.0002054" vb="0.9994221"/>
        </calibration>
    </lens>
</lensdatabase>
