<lensdatabase version="1">
    <mount>
        <name>Generic</name>
        <!-- The following is a list of all mounts in the Lensfun database for
             interchangeable lenses. -->
        <compat>4/3 System</compat>
        <compat>Canon EF</compat>
        <compat>Canon EF-M</compat>
        <compat>Canon EF-S</compat>
        <compat>Canon FD</compat>
        <compat>Canon FL</compat>
        <compat>Contax/Yashica</compat>
        <compat>Contax G</compat>
        <compat>Fujifilm X</compat>
        <compat>Hasselblad 500</compat>
        <compat>Hasselblad H</compat>
        <compat>Leica M</compat>
        <compat>Leica R</compat>
        <compat>Leica S</compat>
        <compat>M42</compat>
        <compat>M39/1</compat>
        <compat>DKL</compat>
        <compat>Mamiya 645</compat>
        <compat>Micro 4/3 System</compat>
        <compat>Minolta AF</compat>
        <compat>Minolta MC</compat>
        <compat>Minolta MD</compat>
        <compat>Nikon CX</compat>
        <compat>Nikon F</compat>
        <compat>Nikon F AF</compat>
        <compat>Nikon F AI</compat>
        <compat>Nikon F AI-S</compat>
        <compat>Olympus OM</compat>
        <compat>Pentax Q</compat>
        <compat>Pentax K</compat>
        <compat>Pentax KA</compat>
        <compat>Pentax KAF</compat>
        <compat>Pentax KAF2</compat>
        <compat>Pentax KAF3</compat>
        <compat>Pentax KAF4</compat>
        <compat>Rollei 6x6</compat>
        <compat>Samsung NX</compat>
        <compat>Samsung NX mini</compat>
        <compat>Sigma SA</compat>
        <compat>Sony Alpha</compat>
        <compat>Sony E</compat>
        <compat>Tamron Adaptall</compat>
        <compat>T2</compat>
        <compat>C</compat>
        <compat>Kiev 88</compat>
    </mount>
    <camera>
        <maker>Generic</maker>
        <maker lang="de">Generisch</maker>
        <model>Crop-factor 1.0 (Full Frame)</model>
        <model lang="de">Crop-Faktor 1.0 (Kleinbildformat)</model>
        <mount>Generic</mount>
        <cropfactor>1</cropfactor>
    </camera>
    <camera>
        <maker>Generic</maker>
        <maker lang="de">Generisch</maker>
        <model>Crop-factor 1.1</model>
        <model lang="de">Crop-Faktor 1.1</model>
        <mount>Generic</mount>
        <cropfactor>1.1</cropfactor>
    </camera>
    <camera>
        <maker>Generic</maker>
        <maker lang="de">Generisch</maker>
        <model>Crop-factor 1.3 (APS-H)</model>
        <model lang="de">Crop-Faktor 1.3 (APS-H)</model>
        <mount>Generic</mount>
        <cropfactor>1.267</cropfactor>
    </camera>
    <camera>
        <maker>Generic</maker>
        <maker lang="de">Generisch</maker>
        <model>Crop-factor 1.5 (APS-C)</model>
        <model lang="de">Crop-Faktor 1.5 (APS-C)</model>
        <mount>Generic</mount>
        <cropfactor>1.53</cropfactor>
    </camera>
    <camera>
        <maker>Generic</maker>
        <maker lang="de">Generisch</maker>
        <model>Crop-factor 1.6 (APS-C)</model>
        <model lang="de">Crop-Faktor 1.6 (Canon APS-C)</model>
        <mount>Generic</mount>
        <cropfactor>1.611</cropfactor>
    </camera>
    <camera>
        <maker>Generic</maker>
        <maker lang="de">Generisch</maker>
        <model>Crop-factor 1.7</model>
        <model lang="de">Crop-Faktor 1.7 (Sigma)</model>
        <mount>Generic</mount>
        <cropfactor>1.739</cropfactor>
    </camera>
    <camera>
        <maker>Generic</maker>
        <maker lang="de">Generisch</maker>
        <model>Crop-factor 2.0 (Four-Thirds)</model>
        <model lang="de">Crop-Faktor 2.0 (Four-Thirds)</model>
        <mount>Generic</mount>
        <cropfactor>2</cropfactor>
    </camera>
    <lens>
        <maker>Generic</maker>
        <maker lang="de">Generisch</maker>
        <model>Rectilinear 10-1000mm f/1.0</model>
        <model lang="de">Rektilinear 10-1000mm f/1.0</model>
        <mount>Generic</mount>
        <type>rectilinear</type>
        <cropfactor>1</cropfactor>
    </lens>
    <lens>
        <maker>Generic</maker>
        <maker lang="de">Generisch</maker>
        <model>Fisheye 8-20mm f/1.0</model>
        <model lang="de">Fischauge 8-20mm f/1.0</model>
        <mount>Generic</mount>
        <type>fisheye</type>
        <cropfactor>1</cropfactor>
    </lens>
    <lens>
        <maker>Generic</maker>
        <maker lang="de">Generisch</maker>
        <model>Panoramic 10-100mm f/1.0</model>
        <model lang="de">Panoramaobjektiv 10-100mm f/1.0</model>
        <mount>Generic</mount>
        <type>panoramic</type>
        <cropfactor>1</cropfactor>
    </lens>
</lensdatabase>
