<lensdatabase version="1">
    <mount>
        <name>Canon EF-M</name>
        <compat>Canon EF-S</compat>
        <compat>Canon EF</compat>
        <compat>M42</compat>
        <compat>M39/1</compat>
        <compat>DKL</compat>
        <compat>T2</compat>
        <compat>Generic</compat>
    </mount>
    <camera>
        <maker>Canon</maker>
        <model>Canon EOS M</model>
        <model lang="en">EOS M</model>
        <mount>Canon EF-M</mount>
        <cropfactor>1.613</cropfactor>
    </camera>
    <camera>
        <maker>Canon</maker>
        <model>Canon EOS M2</model>
        <model lang="en">EOS M2</model>
        <mount>Canon EF-M</mount>
        <cropfactor>1.613</cropfactor>
    </camera>
    <camera>
        <maker>Canon</maker>
        <model>Canon EOS M3</model>
        <model lang="en">EOS M3</model>
        <mount>Canon EF-M</mount>
        <cropfactor>1.613</cropfactor>
    </camera>
    <lens>
        <maker>Canon</maker>
        <model>Canon EF-M 18-55mm f/3.5-5.6 IS STM</model>
        <mount>Canon EF-M</mount>
        <cropfactor>1.613</cropfactor>
        <calibration>
            <distortion model="ptlens" focal="18" a="0.0208" b="-0.06707" c="0.02864"/>
            <distortion model="ptlens" focal="24" a="0.01074" b="-0.03245" c="0.01496"/>
            <distortion model="ptlens" focal="28" a="0.01015" b="-0.03385" c="0.03436"/>
            <distortion model="ptlens" focal="35" a="0.00738" b="-0.0241" c="0.0299"/>
            <distortion model="ptlens" focal="45" a="0.0079" b="-0.02394" c="0.02941"/>
            <distortion model="ptlens" focal="55" a="0.00824" b="-0.0265" c="0.0378"/>
            <tca model="poly3" focal="18" br="-0.0001552" vr="1.0005722" bb="0.0001298" vb="0.9997515"/>
            <tca model="poly3" focal="24" br="-0.0001187" vr="1.0004246" bb="0.0000721" vb="0.9998423"/>
            <tca model="poly3" focal="28" br="-0.0001068" vr="1.0003574" bb="0.0000875" vb="0.9998350"/>
            <tca model="poly3" focal="35" br="-0.0000862" vr="1.0002480" bb="0.0000485" vb="0.9998690"/>
            <tca model="poly3" focal="45" br="-0.0000211" vr="1.0000679" bb="-0.0000189" vb="1.0000319"/>
            <tca model="poly3" focal="55" br="-0.0000349" vr="0.9999870" bb="0.0000058" vb="1.0000393"/>
            <vignetting model="pa" focal="18" aperture="3.5" distance="10" k1="-1.3322" k2="1.1067" k3="-0.4495"/>
            <vignetting model="pa" focal="18" aperture="3.5" distance="1000" k1="-1.3322" k2="1.1067" k3="-0.4495"/>
            <vignetting model="pa" focal="18" aperture="4" distance="10" k1="-0.9981" k2="0.3611" k3="0.0001"/>
            <vignetting model="pa" focal="18" aperture="4" distance="1000" k1="-0.9981" k2="0.3611" k3="0.0001"/>
            <vignetting model="pa" focal="18" aperture="5" distance="10" k1="-0.4874" k2="-0.6382" k3="0.5159"/>
            <vignetting model="pa" focal="18" aperture="5" distance="1000" k1="-0.4874" k2="-0.6382" k3="0.5159"/>
            <vignetting model="pa" focal="18" aperture="6.3" distance="10" k1="-0.4020" k2="-0.4262" k3="0.2472"/>
            <vignetting model="pa" focal="18" aperture="6.3" distance="1000" k1="-0.4020" k2="-0.4262" k3="0.2472"/>
            <vignetting model="pa" focal="18" aperture="8" distance="10" k1="-0.5060" k2="0.0099" k3="-0.0542"/>
            <vignetting model="pa" focal="18" aperture="8" distance="1000" k1="-0.5060" k2="0.0099" k3="-0.0542"/>
            <vignetting model="pa" focal="18" aperture="10" distance="10" k1="-0.5454" k2="0.1158" k3="-0.0910"/>
            <vignetting model="pa" focal="18" aperture="10" distance="1000" k1="-0.5454" k2="0.1158" k3="-0.0910"/>
            <vignetting model="pa" focal="18" aperture="13" distance="10" k1="-0.5080" k2="-0.0298" k3="0.0520"/>
            <vignetting model="pa" focal="18" aperture="13" distance="1000" k1="-0.5080" k2="-0.0298" k3="0.0520"/>
            <vignetting model="pa" focal="18" aperture="16" distance="10" k1="-0.5054" k2="-0.0546" k3="0.0766"/>
            <vignetting model="pa" focal="18" aperture="16" distance="1000" k1="-0.5054" k2="-0.0546" k3="0.0766"/>
            <vignetting model="pa" focal="18" aperture="20" distance="10" k1="-0.5073" k2="-0.0562" k3="0.0803"/>
            <vignetting model="pa" focal="18" aperture="20" distance="1000" k1="-0.5073" k2="-0.0562" k3="0.0803"/>
            <vignetting model="pa" focal="18" aperture="22" distance="10" k1="-0.5099" k2="-0.0601" k3="0.0832"/>
            <vignetting model="pa" focal="18" aperture="22" distance="1000" k1="-0.5099" k2="-0.0601" k3="0.0832"/>
            <vignetting model="pa" focal="24" aperture="4" distance="10" k1="-1.1172" k2="0.8679" k3="-0.3365"/>
            <vignetting model="pa" focal="24" aperture="4" distance="1000" k1="-1.1172" k2="0.8679" k3="-0.3365"/>
            <vignetting model="pa" focal="24" aperture="4.5" distance="10" k1="-0.8195" k2="0.2410" k3="0.0322"/>
            <vignetting model="pa" focal="24" aperture="4.5" distance="1000" k1="-0.8195" k2="0.2410" k3="0.0322"/>
            <vignetting model="pa" focal="24" aperture="5.6" distance="10" k1="-0.2904" k2="-0.7164" k3="0.5065"/>
            <vignetting model="pa" focal="24" aperture="5.6" distance="1000" k1="-0.2904" k2="-0.7164" k3="0.5065"/>
            <vignetting model="pa" focal="24" aperture="6.3" distance="10" k1="-0.2449" k2="-0.5351" k3="0.3055"/>
            <vignetting model="pa" focal="24" aperture="6.3" distance="1000" k1="-0.2449" k2="-0.5351" k3="0.3055"/>
            <vignetting model="pa" focal="24" aperture="8" distance="10" k1="-0.3667" k2="-0.0164" k3="-0.0471"/>
            <vignetting model="pa" focal="24" aperture="8" distance="1000" k1="-0.3667" k2="-0.0164" k3="-0.0471"/>
            <vignetting model="pa" focal="24" aperture="10" distance="10" k1="-0.4050" k2="0.0699" k3="-0.0438"/>
            <vignetting model="pa" focal="24" aperture="10" distance="1000" k1="-0.4050" k2="0.0699" k3="-0.0438"/>
            <vignetting model="pa" focal="24" aperture="13" distance="10" k1="-0.3733" k2="-0.0463" k3="0.0610"/>
            <vignetting model="pa" focal="24" aperture="13" distance="1000" k1="-0.3733" k2="-0.0463" k3="0.0610"/>
            <vignetting model="pa" focal="24" aperture="16" distance="10" k1="-0.3784" k2="-0.0396" k3="0.0593"/>
            <vignetting model="pa" focal="24" aperture="16" distance="1000" k1="-0.3784" k2="-0.0396" k3="0.0593"/>
            <vignetting model="pa" focal="24" aperture="20" distance="10" k1="-0.3771" k2="-0.0401" k3="0.0573"/>
            <vignetting model="pa" focal="24" aperture="20" distance="1000" k1="-0.3771" k2="-0.0401" k3="0.0573"/>
            <vignetting model="pa" focal="24" aperture="25" distance="10" k1="-0.3841" k2="-0.0301" k3="0.0508"/>
            <vignetting model="pa" focal="24" aperture="25" distance="1000" k1="-0.3841" k2="-0.0301" k3="0.0508"/>
            <vignetting model="pa" focal="31" aperture="4.5" distance="10" k1="-0.9289" k2="0.6723" k3="-0.2469"/>
            <vignetting model="pa" focal="31" aperture="4.5" distance="1000" k1="-0.9289" k2="0.6723" k3="-0.2469"/>
            <vignetting model="pa" focal="31" aperture="5" distance="10" k1="-0.6920" k2="0.1915" k3="0.0349"/>
            <vignetting model="pa" focal="31" aperture="5" distance="1000" k1="-0.6920" k2="0.1915" k3="0.0349"/>
            <vignetting model="pa" focal="31" aperture="6.3" distance="10" k1="-0.1584" k2="-0.5926" k3="0.3605"/>
            <vignetting model="pa" focal="31" aperture="6.3" distance="1000" k1="-0.1584" k2="-0.5926" k3="0.3605"/>
            <vignetting model="pa" focal="31" aperture="8" distance="10" k1="-0.2692" k2="-0.0178" k3="-0.0490"/>
            <vignetting model="pa" focal="31" aperture="8" distance="1000" k1="-0.2692" k2="-0.0178" k3="-0.0490"/>
            <vignetting model="pa" focal="31" aperture="10" distance="10" k1="-0.2963" k2="0.0330" k3="-0.0091"/>
            <vignetting model="pa" focal="31" aperture="10" distance="1000" k1="-0.2963" k2="0.0330" k3="-0.0091"/>
            <vignetting model="pa" focal="31" aperture="13" distance="10" k1="-0.2843" k2="-0.0144" k3="0.0369"/>
            <vignetting model="pa" focal="31" aperture="13" distance="1000" k1="-0.2843" k2="-0.0144" k3="0.0369"/>
            <vignetting model="pa" focal="31" aperture="16" distance="10" k1="-0.2904" k2="0.0050" k3="0.0244"/>
            <vignetting model="pa" focal="31" aperture="16" distance="1000" k1="-0.2904" k2="0.0050" k3="0.0244"/>
            <vignetting model="pa" focal="31" aperture="20" distance="10" k1="-0.2886" k2="-0.0044" k3="0.0293"/>
            <vignetting model="pa" focal="31" aperture="20" distance="1000" k1="-0.2886" k2="-0.0044" k3="0.0293"/>
            <vignetting model="pa" focal="31" aperture="25" distance="10" k1="-0.2850" k2="-0.0074" k3="0.0297"/>
            <vignetting model="pa" focal="31" aperture="25" distance="1000" k1="-0.2850" k2="-0.0074" k3="0.0297"/>
            <vignetting model="pa" focal="31" aperture="29" distance="10" k1="-0.2879" k2="-0.0134" k3="0.0375"/>
            <vignetting model="pa" focal="31" aperture="29" distance="1000" k1="-0.2879" k2="-0.0134" k3="0.0375"/>
            <vignetting model="pa" focal="39" aperture="5" distance="10" k1="-0.7550" k2="0.4876" k3="-0.1637"/>
            <vignetting model="pa" focal="39" aperture="5" distance="1000" k1="-0.7550" k2="0.4876" k3="-0.1637"/>
            <vignetting model="pa" focal="39" aperture="5.6" distance="10" k1="-0.3883" k2="-0.2244" k3="0.2380"/>
            <vignetting model="pa" focal="39" aperture="5.6" distance="1000" k1="-0.3883" k2="-0.2244" k3="0.2380"/>
            <vignetting model="pa" focal="39" aperture="7.1" distance="10" k1="-0.1068" k2="-0.4347" k3="0.2373"/>
            <vignetting model="pa" focal="39" aperture="7.1" distance="1000" k1="-0.1068" k2="-0.4347" k3="0.2373"/>
            <vignetting model="pa" focal="39" aperture="9" distance="10" k1="-0.2316" k2="0.0691" k3="-0.0457"/>
            <vignetting model="pa" focal="39" aperture="9" distance="1000" k1="-0.2316" k2="0.0691" k3="-0.0457"/>
            <vignetting model="pa" focal="39" aperture="10" distance="10" k1="-0.2242" k2="0.0150" k3="0.0142"/>
            <vignetting model="pa" focal="39" aperture="10" distance="1000" k1="-0.2242" k2="0.0150" k3="0.0142"/>
            <vignetting model="pa" focal="39" aperture="13" distance="10" k1="-0.2222" k2="0.0131" k3="0.0182"/>
            <vignetting model="pa" focal="39" aperture="13" distance="1000" k1="-0.2222" k2="0.0131" k3="0.0182"/>
            <vignetting model="pa" focal="39" aperture="16" distance="10" k1="-0.2248" k2="0.0189" k3="0.0139"/>
            <vignetting model="pa" focal="39" aperture="16" distance="1000" k1="-0.2248" k2="0.0189" k3="0.0139"/>
            <vignetting model="pa" focal="39" aperture="20" distance="10" k1="-0.2301" k2="0.0268" k3="0.0108"/>
            <vignetting model="pa" focal="39" aperture="20" distance="1000" k1="-0.2301" k2="0.0268" k3="0.0108"/>
            <vignetting model="pa" focal="39" aperture="25" distance="10" k1="-0.2277" k2="0.0163" k3="0.0184"/>
            <vignetting model="pa" focal="39" aperture="25" distance="1000" k1="-0.2277" k2="0.0163" k3="0.0184"/>
            <vignetting model="pa" focal="39" aperture="32" distance="10" k1="-0.2321" k2="0.0255" k3="0.0120"/>
            <vignetting model="pa" focal="39" aperture="32" distance="1000" k1="-0.2321" k2="0.0255" k3="0.0120"/>
            <vignetting model="pa" focal="47" aperture="5.6" distance="10" k1="-0.6616" k2="0.4076" k3="-0.1308"/>
            <vignetting model="pa" focal="47" aperture="5.6" distance="1000" k1="-0.6616" k2="0.4076" k3="-0.1308"/>
            <vignetting model="pa" focal="47" aperture="6.3" distance="10" k1="-0.1392" k2="-0.4872" k3="0.3286"/>
            <vignetting model="pa" focal="47" aperture="6.3" distance="1000" k1="-0.1392" k2="-0.4872" k3="0.3286"/>
            <vignetting model="pa" focal="47" aperture="8" distance="10" k1="-0.1672" k2="-0.0069" k3="-0.0490"/>
            <vignetting model="pa" focal="47" aperture="8" distance="1000" k1="-0.1672" k2="-0.0069" k3="-0.0490"/>
            <vignetting model="pa" focal="47" aperture="10" distance="10" k1="-0.1980" k2="0.0536" k3="-0.0156"/>
            <vignetting model="pa" focal="47" aperture="10" distance="1000" k1="-0.1980" k2="0.0536" k3="-0.0156"/>
            <vignetting model="pa" focal="47" aperture="13" distance="10" k1="-0.1958" k2="0.0473" k3="-0.0079"/>
            <vignetting model="pa" focal="47" aperture="13" distance="1000" k1="-0.1958" k2="0.0473" k3="-0.0079"/>
            <vignetting model="pa" focal="47" aperture="16" distance="10" k1="-0.2024" k2="0.0584" k3="-0.0134"/>
            <vignetting model="pa" focal="47" aperture="16" distance="1000" k1="-0.2024" k2="0.0584" k3="-0.0134"/>
            <vignetting model="pa" focal="47" aperture="20" distance="10" k1="-0.2012" k2="0.0572" k3="-0.0141"/>
            <vignetting model="pa" focal="47" aperture="20" distance="1000" k1="-0.2012" k2="0.0572" k3="-0.0141"/>
            <vignetting model="pa" focal="47" aperture="25" distance="10" k1="-0.1971" k2="0.0470" k3="-0.0070"/>
            <vignetting model="pa" focal="47" aperture="25" distance="1000" k1="-0.1971" k2="0.0470" k3="-0.0070"/>
            <vignetting model="pa" focal="47" aperture="32" distance="10" k1="-0.2053" k2="0.0651" k3="-0.0188"/>
            <vignetting model="pa" focal="47" aperture="32" distance="1000" k1="-0.2053" k2="0.0651" k3="-0.0188"/>
            <vignetting model="pa" focal="47" aperture="36" distance="10" k1="-0.2116" k2="0.0699" k3="-0.0204"/>
            <vignetting model="pa" focal="47" aperture="36" distance="1000" k1="-0.2116" k2="0.0699" k3="-0.0204"/>
            <vignetting model="pa" focal="55" aperture="5.6" distance="10" k1="-0.6081" k2="0.3726" k3="-0.1244"/>
            <vignetting model="pa" focal="55" aperture="5.6" distance="1000" k1="-0.6081" k2="0.3726" k3="-0.1244"/>
            <vignetting model="pa" focal="55" aperture="6.3" distance="10" k1="-0.2656" k2="-0.2359" k3="0.2059"/>
            <vignetting model="pa" focal="55" aperture="6.3" distance="1000" k1="-0.2656" k2="-0.2359" k3="0.2059"/>
            <vignetting model="pa" focal="55" aperture="8" distance="10" k1="-0.1732" k2="0.0054" k3="-0.0483"/>
            <vignetting model="pa" focal="55" aperture="8" distance="1000" k1="-0.1732" k2="0.0054" k3="-0.0483"/>
            <vignetting model="pa" focal="55" aperture="10" distance="10" k1="-0.2177" k2="0.1287" k3="-0.0562"/>
            <vignetting model="pa" focal="55" aperture="10" distance="1000" k1="-0.2177" k2="0.1287" k3="-0.0562"/>
            <vignetting model="pa" focal="55" aperture="13" distance="10" k1="-0.2068" k2="0.1038" k3="-0.0402"/>
            <vignetting model="pa" focal="55" aperture="13" distance="1000" k1="-0.2068" k2="0.1038" k3="-0.0402"/>
            <vignetting model="pa" focal="55" aperture="16" distance="10" k1="-0.2090" k2="0.1074" k3="-0.0418"/>
            <vignetting model="pa" focal="55" aperture="16" distance="1000" k1="-0.2090" k2="0.1074" k3="-0.0418"/>
            <vignetting model="pa" focal="55" aperture="20" distance="10" k1="-0.2145" k2="0.1189" k3="-0.0493"/>
            <vignetting model="pa" focal="55" aperture="20" distance="1000" k1="-0.2145" k2="0.1189" k3="-0.0493"/>
            <vignetting model="pa" focal="55" aperture="25" distance="10" k1="-0.2162" k2="0.1227" k3="-0.0521"/>
            <vignetting model="pa" focal="55" aperture="25" distance="1000" k1="-0.2162" k2="0.1227" k3="-0.0521"/>
            <vignetting model="pa" focal="55" aperture="32" distance="10" k1="-0.2201" k2="0.1294" k3="-0.0577"/>
            <vignetting model="pa" focal="55" aperture="32" distance="1000" k1="-0.2201" k2="0.1294" k3="-0.0577"/>
            <vignetting model="pa" focal="55" aperture="36" distance="10" k1="-0.2304" k2="0.1392" k3="-0.0595"/>
            <vignetting model="pa" focal="55" aperture="36" distance="1000" k1="-0.2304" k2="0.1392" k3="-0.0595"/>
        </calibration>
    </lens>
    <lens>
        <maker>Canon</maker>
        <model>Canon EF-M 55-200mm f/4.5-6.3 IS STM</model>
        <mount>Canon EF-M</mount>
        <cropfactor>1.613</cropfactor>
        <calibration>
            <!-- Taken with Canon EOS M3 -->
            <distortion model="ptlens" focal="55" a="0.00329" b="-0.01435" c="0.00377"/>
            <distortion model="ptlens" focal="70" a="0.00015" b="-0.00242" c="0.00388"/>
            <distortion model="ptlens" focal="100" a="-0.00155" b="0.01025" c="-0.01011"/>
            <distortion model="ptlens" focal="135" a="0.00082" b="0.00321" c="0.00353"/>
            <distortion model="ptlens" focal="200" a="0" b="0.00627" c="0"/>
            <tca model="poly3" focal="55" br="0.0001071" vr="0.9998291" bb="-0.0001337" vb="1.0003026"/>
            <tca model="poly3" focal="70" br="0.0001116" vr="0.9997943" bb="-0.0001178" vb="1.0002674"/>
            <tca model="poly3" focal="100" br="0.0000854" vr="0.9997423" bb="-0.0000962" vb="1.0001993"/>
            <tca model="poly3" focal="135" br="0.0000790" vr="0.9996930" bb="-0.0000693" vb="1.0000981"/>
            <tca model="poly3" focal="200" br="0.0000039" vr="0.9997842" bb="-0.0000210" vb="0.9998454"/>
            <vignetting model="pa" focal="55" aperture="4.5" distance="10" k1="-0.8433" k2="0.3433" k3="-0.1118"/>
            <vignetting model="pa" focal="55" aperture="4.5" distance="1000" k1="-0.8433" k2="0.3433" k3="-0.1118"/>
            <vignetting model="pa" focal="55" aperture="5.6" distance="10" k1="-0.0182" k2="-0.6545" k3="0.2298"/>
            <vignetting model="pa" focal="55" aperture="5.6" distance="1000" k1="-0.0182" k2="-0.6545" k3="0.2298"/>
            <vignetting model="pa" focal="55" aperture="8" distance="10" k1="-0.2507" k2="0.3525" k3="-0.4179"/>
            <vignetting model="pa" focal="55" aperture="8" distance="1000" k1="-0.2507" k2="0.3525" k3="-0.4179"/>
            <vignetting model="pa" focal="55" aperture="11" distance="10" k1="-0.2337" k2="0.1947" k3="-0.1535"/>
            <vignetting model="pa" focal="55" aperture="11" distance="1000" k1="-0.2337" k2="0.1947" k3="-0.1535"/>
            <vignetting model="pa" focal="55" aperture="22" distance="10" k1="-0.1837" k2="0.0173" k3="-0.0031"/>
            <vignetting model="pa" focal="55" aperture="22" distance="1000" k1="-0.1837" k2="0.0173" k3="-0.0031"/>
            <vignetting model="pa" focal="70" aperture="5" distance="10" k1="-0.9554" k2="0.7145" k3="-0.3311"/>
            <vignetting model="pa" focal="70" aperture="5" distance="1000" k1="-0.9554" k2="0.7145" k3="-0.3311"/>
            <vignetting model="pa" focal="70" aperture="5.6" distance="10" k1="-0.0480" k2="-0.6194" k3="0.2584"/>
            <vignetting model="pa" focal="70" aperture="5.6" distance="1000" k1="-0.0480" k2="-0.6194" k3="0.2584"/>
            <vignetting model="pa" focal="70" aperture="8" distance="10" k1="-0.2278" k2="0.3198" k3="-0.3787"/>
            <vignetting model="pa" focal="70" aperture="8" distance="1000" k1="-0.2278" k2="0.3198" k3="-0.3787"/>
            <vignetting model="pa" focal="70" aperture="11" distance="10" k1="-0.2006" k2="0.1435" k3="-0.1132"/>
            <vignetting model="pa" focal="70" aperture="11" distance="1000" k1="-0.2006" k2="0.1435" k3="-0.1132"/>
            <vignetting model="pa" focal="70" aperture="22" distance="10" k1="-0.1872" k2="0.0641" k3="-0.0331"/>
            <vignetting model="pa" focal="70" aperture="22" distance="1000" k1="-0.1872" k2="0.0641" k3="-0.0331"/>
            <vignetting model="pa" focal="100" aperture="5" distance="10" k1="-0.9906" k2="0.9718" k3="-0.5459"/>
            <vignetting model="pa" focal="100" aperture="5" distance="1000" k1="-0.9906" k2="0.9718" k3="-0.5459"/>
            <vignetting model="pa" focal="100" aperture="5.6" distance="10" k1="-0.3833" k2="-0.1289" k3="0.0226"/>
            <vignetting model="pa" focal="100" aperture="5.6" distance="1000" k1="-0.3833" k2="-0.1289" k3="0.0226"/>
            <vignetting model="pa" focal="100" aperture="8" distance="10" k1="-0.1705" k2="0.1832" k3="-0.2866"/>
            <vignetting model="pa" focal="100" aperture="8" distance="1000" k1="-0.1705" k2="0.1832" k3="-0.2866"/>
            <vignetting model="pa" focal="100" aperture="11" distance="10" k1="-0.1799" k2="0.1162" k3="-0.0876"/>
            <vignetting model="pa" focal="100" aperture="11" distance="1000" k1="-0.1799" k2="0.1162" k3="-0.0876"/>
            <vignetting model="pa" focal="100" aperture="25" distance="10" k1="-0.1637" k2="0.0499" k3="-0.0247"/>
            <vignetting model="pa" focal="100" aperture="25" distance="1000" k1="-0.1637" k2="0.0499" k3="-0.0247"/>
            <vignetting model="pa" focal="135" aperture="5.6" distance="10" k1="-0.8756" k2="0.3596" k3="-0.0943"/>
            <vignetting model="pa" focal="135" aperture="5.6" distance="1000" k1="-0.8756" k2="0.3596" k3="-0.0943"/>
            <vignetting model="pa" focal="135" aperture="8" distance="10" k1="-0.0976" k2="0.0226" k3="-0.2644"/>
            <vignetting model="pa" focal="135" aperture="8" distance="1000" k1="-0.0976" k2="0.0226" k3="-0.2644"/>
            <vignetting model="pa" focal="135" aperture="11" distance="10" k1="-0.1509" k2="0.0612" k3="-0.0359"/>
            <vignetting model="pa" focal="135" aperture="11" distance="1000" k1="-0.1509" k2="0.0612" k3="-0.0359"/>
            <vignetting model="pa" focal="135" aperture="16" distance="10" k1="-0.1506" k2="0.0526" k3="-0.0254"/>
            <vignetting model="pa" focal="135" aperture="16" distance="1000" k1="-0.1506" k2="0.0526" k3="-0.0254"/>
            <vignetting model="pa" focal="135" aperture="29" distance="10" k1="-0.1561" k2="0.0642" k3="-0.0328"/>
            <vignetting model="pa" focal="135" aperture="29" distance="1000" k1="-0.1561" k2="0.0642" k3="-0.0328"/>
            <vignetting model="pa" focal="200" aperture="6.3" distance="10" k1="-1.4623" k2="1.5775" k3="-0.7386"/>
            <vignetting model="pa" focal="200" aperture="6.3" distance="1000" k1="-1.4623" k2="1.5775" k3="-0.7386"/>
            <vignetting model="pa" focal="200" aperture="8" distance="10" k1="-0.1575" k2="-0.7181" k3="0.4431"/>
            <vignetting model="pa" focal="200" aperture="8" distance="1000" k1="-0.1575" k2="-0.7181" k3="0.4431"/>
            <vignetting model="pa" focal="200" aperture="11" distance="10" k1="-0.1077" k2="0.0286" k3="-0.1211"/>
            <vignetting model="pa" focal="200" aperture="11" distance="1000" k1="-0.1077" k2="0.0286" k3="-0.1211"/>
            <vignetting model="pa" focal="200" aperture="16" distance="10" k1="-0.1262" k2="0.0398" k3="-0.0189"/>
            <vignetting model="pa" focal="200" aperture="16" distance="1000" k1="-0.1262" k2="0.0398" k3="-0.0189"/>
            <vignetting model="pa" focal="200" aperture="32" distance="10" k1="-0.1265" k2="0.0423" k3="-0.0239"/>
            <vignetting model="pa" focal="200" aperture="32" distance="1000" k1="-0.1265" k2="0.0423" k3="-0.0239"/>
        </calibration>
    </lens>
    <lens>
        <maker>Canon</maker>
        <model>Canon EF-M 22mm f/2 STM</model>
        <mount>Canon EF-M</mount>
        <cropfactor>1.613</cropfactor>
        <calibration>
            <distortion model="poly3" focal="22" k1="-0.00018"/>
            <tca model="poly3" focal="22" br="-0.0000678" vr="1.0002505" bb="0.0000624" vb="1.0000225"/>
            <vignetting model="pa" focal="22" aperture="2" distance="10" k1="-1.7852" k2="1.6007" k3="-0.6249"/>
            <vignetting model="pa" focal="22" aperture="2" distance="1000" k1="-1.7852" k2="1.6007" k3="-0.6249"/>
            <vignetting model="pa" focal="22" aperture="2.2" distance="10" k1="-0.7930" k2="-0.3929" k3="0.4473"/>
            <vignetting model="pa" focal="22" aperture="2.2" distance="1000" k1="-0.7930" k2="-0.3929" k3="0.4473"/>
            <vignetting model="pa" focal="22" aperture="2.5" distance="10" k1="-0.7636" k2="-0.2093" k3="0.2587"/>
            <vignetting model="pa" focal="22" aperture="2.5" distance="1000" k1="-0.7636" k2="-0.2093" k3="0.2587"/>
            <vignetting model="pa" focal="22" aperture="3.2" distance="10" k1="-0.8930" k2="0.3786" k3="-0.1146"/>
            <vignetting model="pa" focal="22" aperture="3.2" distance="1000" k1="-0.8930" k2="0.3786" k3="-0.1146"/>
            <vignetting model="pa" focal="22" aperture="4" distance="10" k1="-0.8868" k2="0.3302" k3="-0.0361"/>
            <vignetting model="pa" focal="22" aperture="4" distance="1000" k1="-0.8868" k2="0.3302" k3="-0.0361"/>
            <vignetting model="pa" focal="22" aperture="5" distance="10" k1="-0.8820" k2="0.3159" k3="-0.0204"/>
            <vignetting model="pa" focal="22" aperture="5" distance="1000" k1="-0.8820" k2="0.3159" k3="-0.0204"/>
            <vignetting model="pa" focal="22" aperture="6.3" distance="10" k1="-0.8804" k2="0.3111" k3="-0.0150"/>
            <vignetting model="pa" focal="22" aperture="6.3" distance="1000" k1="-0.8804" k2="0.3111" k3="-0.0150"/>
            <vignetting model="pa" focal="22" aperture="8" distance="10" k1="-0.8788" k2="0.3072" k3="-0.0121"/>
            <vignetting model="pa" focal="22" aperture="8" distance="1000" k1="-0.8788" k2="0.3072" k3="-0.0121"/>
            <vignetting model="pa" focal="22" aperture="10" distance="10" k1="-0.8842" k2="0.3173" k3="-0.0168"/>
            <vignetting model="pa" focal="22" aperture="10" distance="1000" k1="-0.8842" k2="0.3173" k3="-0.0168"/>
            <vignetting model="pa" focal="22" aperture="13" distance="10" k1="-0.8957" k2="0.3596" k3="-0.0484"/>
            <vignetting model="pa" focal="22" aperture="13" distance="1000" k1="-0.8957" k2="0.3596" k3="-0.0484"/>
            <vignetting model="pa" focal="22" aperture="16" distance="10" k1="-0.8819" k2="0.3147" k3="-0.0177"/>
            <vignetting model="pa" focal="22" aperture="16" distance="1000" k1="-0.8819" k2="0.3147" k3="-0.0177"/>
            <vignetting model="pa" focal="22" aperture="20" distance="10" k1="-0.8851" k2="0.3189" k3="-0.0201"/>
            <vignetting model="pa" focal="22" aperture="20" distance="1000" k1="-0.8851" k2="0.3189" k3="-0.0201"/>
            <vignetting model="pa" focal="22" aperture="22" distance="10" k1="-0.8954" k2="0.3316" k3="-0.0229"/>
            <vignetting model="pa" focal="22" aperture="22" distance="1000" k1="-0.8954" k2="0.3316" k3="-0.0229"/>
        </calibration>
    </lens>
    <lens>
        <maker>Canon</maker>
        <model>Canon EF-M 15-45mm f/3.5-6.3 IS STM</model>
        <mount>Canon EF-M</mount>
        <cropfactor>1.613</cropfactor>
        <calibration>
            <distortion model="ptlens" focal="15" a="0.035139" b="-0.115139" c="0.078461"/>
            <distortion model="ptlens" focal="18" a="0.010135" b="-0.023592" c="-0.006096"/>
            <distortion model="ptlens" focal="24" a="0.007293" b="-0.017303" c="0.013606"/>
            <distortion model="ptlens" focal="28" a="-0.015774" b="0.066738" c="-0.082776"/>
            <distortion model="ptlens" focal="35" a="-0.000685" b="0.008768" c="-0.016512"/>
            <distortion model="ptlens" focal="45" a="-0.005422" b="0.019679" c="-0.035102"/>
            <tca model="poly3" focal="15" br="-0.0000738" vr="1.0004883" bb="0.0001164" vb="0.9997778"/>
            <tca model="poly3" focal="18" br="-0.0000605" vr="1.0003911" bb="0.0000720" vb="0.9998563"/>
            <tca model="poly3" focal="24" br="-0.0000288" vr="1.0001914" bb="0.0000319" vb="1.0000220"/>
            <tca model="poly3" focal="28" br="-0.0000301" vr="1.0001152" bb="0.0000103" vb="1.0001012"/>
            <tca model="poly3" focal="35" br="0.0000237" vr="0.9999754" bb="-0.0000166" vb="1.0001936"/>
            <tca model="poly3" focal="45" br="0.0000547" vr="0.9999437" bb="-0.0000552" vb="1.0001741"/>
            <vignetting model="pa" focal="15" aperture="3.5" distance="10" k1="-0.6962" k2="0.6492" k3="-0.2979"/>
            <vignetting model="pa" focal="15" aperture="3.5" distance="1000" k1="-0.6962" k2="0.6492" k3="-0.2979"/>
            <vignetting model="pa" focal="15" aperture="4" distance="10" k1="-0.6406" k2="0.5139" k3="-0.2424"/>
            <vignetting model="pa" focal="15" aperture="4" distance="1000" k1="-0.6406" k2="0.5139" k3="-0.2424"/>
            <vignetting model="pa" focal="15" aperture="5.6" distance="10" k1="-0.5538" k2="0.5420" k3="-0.3470"/>
            <vignetting model="pa" focal="15" aperture="5.6" distance="1000" k1="-0.5538" k2="0.5420" k3="-0.3470"/>
            <vignetting model="pa" focal="15" aperture="8" distance="10" k1="-0.5508" k2="0.5651" k3="-0.3496"/>
            <vignetting model="pa" focal="15" aperture="8" distance="1000" k1="-0.5508" k2="0.5651" k3="-0.3496"/>
            <vignetting model="pa" focal="15" aperture="11" distance="10" k1="-0.5336" k2="0.5178" k3="-0.3119"/>
            <vignetting model="pa" focal="15" aperture="11" distance="1000" k1="-0.5336" k2="0.5178" k3="-0.3119"/>
            <vignetting model="pa" focal="15" aperture="16" distance="10" k1="-0.5191" k2="0.4897" k3="-0.2890"/>
            <vignetting model="pa" focal="15" aperture="16" distance="1000" k1="-0.5191" k2="0.4897" k3="-0.2890"/>
            <vignetting model="pa" focal="15" aperture="22" distance="10" k1="-0.5154" k2="0.4946" k3="-0.2926"/>
            <vignetting model="pa" focal="15" aperture="22" distance="1000" k1="-0.5154" k2="0.4946" k3="-0.2926"/>
            <vignetting model="pa" focal="18" aperture="3.5" distance="10" k1="-0.5938" k2="0.5637" k3="-0.2811"/>
            <vignetting model="pa" focal="18" aperture="3.5" distance="1000" k1="-0.5938" k2="0.5637" k3="-0.2811"/>
            <vignetting model="pa" focal="18" aperture="4" distance="10" k1="-0.5364" k2="0.4561" k3="-0.2384"/>
            <vignetting model="pa" focal="18" aperture="4" distance="1000" k1="-0.5364" k2="0.4561" k3="-0.2384"/>
            <vignetting model="pa" focal="18" aperture="5.6" distance="10" k1="-0.4444" k2="0.4837" k3="-0.3361"/>
            <vignetting model="pa" focal="18" aperture="5.6" distance="1000" k1="-0.4444" k2="0.4837" k3="-0.3361"/>
            <vignetting model="pa" focal="18" aperture="8" distance="10" k1="-0.4485" k2="0.4879" k3="-0.3294"/>
            <vignetting model="pa" focal="18" aperture="8" distance="1000" k1="-0.4485" k2="0.4879" k3="-0.3294"/>
            <vignetting model="pa" focal="18" aperture="11" distance="10" k1="-0.4415" k2="0.4907" k3="-0.3334"/>
            <vignetting model="pa" focal="18" aperture="11" distance="1000" k1="-0.4415" k2="0.4907" k3="-0.3334"/>
            <vignetting model="pa" focal="18" aperture="16" distance="10" k1="-0.4440" k2="0.5081" k3="-0.3466"/>
            <vignetting model="pa" focal="18" aperture="16" distance="1000" k1="-0.4440" k2="0.5081" k3="-0.3466"/>
            <vignetting model="pa" focal="18" aperture="22" distance="10" k1="-0.4400" k2="0.5094" k3="-0.3470"/>
            <vignetting model="pa" focal="18" aperture="22" distance="1000" k1="-0.4400" k2="0.5094" k3="-0.3470"/>
            <vignetting model="pa" focal="24" aperture="4.5" distance="10" k1="-0.4455" k2="0.4414" k3="-0.2711"/>
            <vignetting model="pa" focal="24" aperture="4.5" distance="1000" k1="-0.4455" k2="0.4414" k3="-0.2711"/>
            <vignetting model="pa" focal="24" aperture="5.6" distance="10" k1="-0.3268" k2="0.4236" k3="-0.3525"/>
            <vignetting model="pa" focal="24" aperture="5.6" distance="1000" k1="-0.3268" k2="0.4236" k3="-0.3525"/>
            <vignetting model="pa" focal="24" aperture="8" distance="10" k1="-0.3539" k2="0.5190" k3="-0.4117"/>
            <vignetting model="pa" focal="24" aperture="8" distance="1000" k1="-0.3539" k2="0.5190" k3="-0.4117"/>
            <vignetting model="pa" focal="24" aperture="11" distance="10" k1="-0.3551" k2="0.5264" k3="-0.4200"/>
            <vignetting model="pa" focal="24" aperture="11" distance="1000" k1="-0.3551" k2="0.5264" k3="-0.4200"/>
            <vignetting model="pa" focal="24" aperture="16" distance="10" k1="-0.3488" k2="0.5177" k3="-0.4106"/>
            <vignetting model="pa" focal="24" aperture="16" distance="1000" k1="-0.3488" k2="0.5177" k3="-0.4106"/>
            <vignetting model="pa" focal="24" aperture="22" distance="10" k1="-0.3036" k2="0.4303" k3="-0.3604"/>
            <vignetting model="pa" focal="24" aperture="22" distance="1000" k1="-0.3036" k2="0.4303" k3="-0.3604"/>
            <vignetting model="pa" focal="24" aperture="29" distance="10" k1="-0.3003" k2="0.4256" k3="-0.3578"/>
            <vignetting model="pa" focal="24" aperture="29" distance="1000" k1="-0.3003" k2="0.4256" k3="-0.3578"/>
            <vignetting model="pa" focal="28" aperture="4.5" distance="10" k1="-0.3744" k2="0.4127" k3="-0.2910"/>
            <vignetting model="pa" focal="28" aperture="4.5" distance="1000" k1="-0.3744" k2="0.4127" k3="-0.2910"/>
            <vignetting model="pa" focal="28" aperture="5.6" distance="10" k1="-0.2735" k2="0.4170" k3="-0.3779"/>
            <vignetting model="pa" focal="28" aperture="5.6" distance="1000" k1="-0.2735" k2="0.4170" k3="-0.3779"/>
            <vignetting model="pa" focal="28" aperture="8" distance="10" k1="-0.3023" k2="0.5235" k3="-0.4414"/>
            <vignetting model="pa" focal="28" aperture="8" distance="1000" k1="-0.3023" k2="0.5235" k3="-0.4414"/>
            <vignetting model="pa" focal="28" aperture="11" distance="10" k1="-0.2991" k2="0.5130" k3="-0.4346"/>
            <vignetting model="pa" focal="28" aperture="11" distance="1000" k1="-0.2991" k2="0.5130" k3="-0.4346"/>
            <vignetting model="pa" focal="28" aperture="16" distance="10" k1="-0.2901" k2="0.5003" k3="-0.4271"/>
            <vignetting model="pa" focal="28" aperture="16" distance="1000" k1="-0.2901" k2="0.5003" k3="-0.4271"/>
            <vignetting model="pa" focal="28" aperture="22" distance="10" k1="-0.3062" k2="0.5391" k3="-0.4497"/>
            <vignetting model="pa" focal="28" aperture="22" distance="1000" k1="-0.3062" k2="0.5391" k3="-0.4497"/>
            <vignetting model="pa" focal="28" aperture="29" distance="10" k1="-0.2960" k2="0.5319" k3="-0.4482"/>
            <vignetting model="pa" focal="28" aperture="29" distance="1000" k1="-0.2960" k2="0.5319" k3="-0.4482"/>
            <vignetting model="pa" focal="35" aperture="5.6" distance="10" k1="-0.3066" k2="0.4340" k3="-0.3522"/>
            <vignetting model="pa" focal="35" aperture="5.6" distance="1000" k1="-0.3066" k2="0.4340" k3="-0.3522"/>
            <vignetting model="pa" focal="35" aperture="8" distance="10" k1="-0.2633" k2="0.5830" k3="-0.5147"/>
            <vignetting model="pa" focal="35" aperture="8" distance="1000" k1="-0.2633" k2="0.5830" k3="-0.5147"/>
            <vignetting model="pa" focal="35" aperture="11" distance="10" k1="-0.2651" k2="0.5868" k3="-0.5175"/>
            <vignetting model="pa" focal="35" aperture="11" distance="1000" k1="-0.2651" k2="0.5868" k3="-0.5175"/>
            <vignetting model="pa" focal="35" aperture="16" distance="10" k1="-0.2594" k2="0.5712" k3="-0.5054"/>
            <vignetting model="pa" focal="35" aperture="16" distance="1000" k1="-0.2594" k2="0.5712" k3="-0.5054"/>
            <vignetting model="pa" focal="35" aperture="22" distance="10" k1="-0.2654" k2="0.5790" k3="-0.5062"/>
            <vignetting model="pa" focal="35" aperture="22" distance="1000" k1="-0.2654" k2="0.5790" k3="-0.5062"/>
            <vignetting model="pa" focal="35" aperture="32" distance="10" k1="-0.2606" k2="0.5665" k3="-0.4937"/>
            <vignetting model="pa" focal="35" aperture="32" distance="1000" k1="-0.2606" k2="0.5665" k3="-0.4937"/>
            <vignetting model="pa" focal="35" aperture="36" distance="10" k1="-0.2737" k2="0.5914" k3="-0.5090"/>
            <vignetting model="pa" focal="35" aperture="36" distance="1000" k1="-0.2737" k2="0.5914" k3="-0.5090"/>
            <vignetting model="pa" focal="45" aperture="6.3" distance="10" k1="-0.2744" k2="0.5719" k3="-0.5032"/>
            <vignetting model="pa" focal="45" aperture="6.3" distance="1000" k1="-0.2744" k2="0.5719" k3="-0.5032"/>
            <vignetting model="pa" focal="45" aperture="8" distance="10" k1="-0.2479" k2="0.7250" k3="-0.6548"/>
            <vignetting model="pa" focal="45" aperture="8" distance="1000" k1="-0.2479" k2="0.7250" k3="-0.6548"/>
            <vignetting model="pa" focal="45" aperture="11" distance="10" k1="-0.2239" k2="0.6470" k3="-0.5907"/>
            <vignetting model="pa" focal="45" aperture="11" distance="1000" k1="-0.2239" k2="0.6470" k3="-0.5907"/>
            <vignetting model="pa" focal="45" aperture="16" distance="10" k1="-0.2263" k2="0.6489" k3="-0.5925"/>
            <vignetting model="pa" focal="45" aperture="16" distance="1000" k1="-0.2263" k2="0.6489" k3="-0.5925"/>
            <vignetting model="pa" focal="45" aperture="22" distance="10" k1="-0.2255" k2="0.6497" k3="-0.5912"/>
            <vignetting model="pa" focal="45" aperture="22" distance="1000" k1="-0.2255" k2="0.6497" k3="-0.5912"/>
            <vignetting model="pa" focal="45" aperture="32" distance="10" k1="-0.2364" k2="0.6638" k3="-0.5952"/>
            <vignetting model="pa" focal="45" aperture="32" distance="1000" k1="-0.2364" k2="0.6638" k3="-0.5952"/>
            <vignetting model="pa" focal="45" aperture="40" distance="10" k1="-0.2436" k2="0.6728" k3="-0.5953"/>
            <vignetting model="pa" focal="45" aperture="40" distance="1000" k1="-0.2436" k2="0.6728" k3="-0.5953"/>
        </calibration>
    </lens>
</lensdatabase>
