<lensdatabase version="1">
    <mount>
        <name>Nikon CX</name>
        <compat>Nikon F</compat>
        <compat>Nikon F AI</compat>
        <compat>Nikon F AI-S</compat>
        <compat>Nikon F AF</compat>
        <compat>M42</compat>
        <compat>M39/1</compat>
        <compat>DKL</compat>
        <compat>T2</compat>
        <compat>Generic</compat>
    </mount>
    <camera>
        <maker>Nikon Corporation</maker>
        <maker lang="en">Nikon</maker>
        <model>Nikon 1 S1</model>
        <model lang="en">1 S1</model>
        <mount>Nikon CX</mount>
        <cropfactor>2.727</cropfactor>
    </camera>
    <camera>
        <maker>Nikon Corporation</maker>
        <maker lang="en">Nikon</maker>
        <model>Nikon 1 V1</model>
        <model lang="en">1 V1</model>
        <mount>Nikon CX</mount>
        <cropfactor>2.727</cropfactor>
    </camera>
    <camera>
        <maker>Nikon Corporation</maker>
        <maker lang="en">Nikon</maker>
        <model>Nikon 1 J1</model>
        <model lang="en">1 J1</model>
        <mount>Nikon CX</mount>
        <cropfactor>2.727</cropfactor>
    </camera>
    <camera>
        <maker>Nikon Corporation</maker>
        <maker lang="en">Nikon</maker>
        <model>Nikon 1 AW1</model>
        <model lang="en">1 AW1</model>
        <mount>Nikon CX</mount>
        <cropfactor>2.727</cropfactor>
    </camera>
    <camera>
        <maker>Nikon Corporation</maker>
        <maker lang="en">Nikon</maker>
        <model>Nikon 1 S2</model>
        <model lang="en">1 S2</model>
        <mount>Nikon CX</mount>
        <cropfactor>2.727</cropfactor>
    </camera>
    <camera>
        <maker>Nikon Corporation</maker>
        <maker lang="en">Nikon</maker>
        <model>Nikon 1 V2</model>
        <model lang="en">1 V2</model>
        <mount>Nikon CX</mount>
        <cropfactor>2.727</cropfactor>
    </camera>
    <camera>
        <maker>Nikon Corporation</maker>
        <maker lang="en">Nikon</maker>
        <model>Nikon 1 J2</model>
        <model lang="en">1 J2</model>
        <mount>Nikon CX</mount>
        <cropfactor>2.727</cropfactor>
    </camera>
    <camera>
        <maker>Nikon Corporation</maker>
        <maker lang="en">Nikon</maker>
        <model>Nikon 1 V3</model>
        <model lang="en">1 V3</model>
        <mount>Nikon CX</mount>
        <cropfactor>2.727</cropfactor>
    </camera>
    <camera>
        <maker>Nikon Corporation</maker>
        <maker lang="en">Nikon</maker>
        <model>Nikon 1 J3</model>
        <model lang="en">1 J3</model>
        <mount>Nikon CX</mount>
        <cropfactor>2.727</cropfactor>
    </camera>
    <camera>
        <maker>Nikon Corporation</maker>
        <maker lang="en">Nikon</maker>
        <model>Nikon 1 J4</model>
        <model lang="en">1 J4</model>
        <mount>Nikon CX</mount>
        <cropfactor>2.727</cropfactor>
    </camera>
    <camera>
        <maker>Nikon Corporation</maker>
        <maker lang="en">Nikon</maker>
        <model>Nikon 1 J5</model>
        <model lang="en">1 J5</model>
        <mount>Nikon CX</mount>
        <cropfactor>2.727</cropfactor>
    </camera>
    <lens>
        <maker>Nikon</maker>
        <model>1 Nikkor VR 10-30mm f/3.5-5.6</model>
        <mount>Nikon CX</mount>
        <cropfactor>2.727</cropfactor>
        <calibration>
            <!-- Taken with Nikon 1 J1 -->
            <distortion model="ptlens" focal="10" a="0.00625" b="-0.02807" c="0.01012"/>
            <distortion model="ptlens" focal="14" a="0" b="-0.00506" c="0"/>
            <distortion model="ptlens" focal="18.2" a="0" b="-0.00166" c="0"/>
            <distortion model="ptlens" focal="20.3" a="0" b="-0.0012" c="0"/>
            <distortion model="ptlens" focal="23.6" a="0" b="-0.00026" c="0"/>
            <distortion model="ptlens" focal="30" a="0" b="0.00046" c="0"/>
            <tca model="poly3" focal="10" vr="1.0002498" vb="1.0002093"/>
            <tca model="poly3" focal="14" vr="1.0001798" vb="1.0001781"/>
            <tca model="poly3" focal="18.2" vr="1.0001406" vb="1.0001690"/>
            <tca model="poly3" focal="20.3" vr="1.0001429" vb="1.0001581"/>
            <tca model="poly3" focal="23.6" vr="1.0001309" vb="1.0001345"/>
            <tca model="poly3" focal="30" vr="1.0001281" vb="1.0000955"/>
        </calibration>
    </lens>
    <lens>
        <maker>Nikon</maker>
        <model>1 Nikkor VR 30-110mm f/3.8-5.6</model>
        <mount>Nikon CX</mount>
        <cropfactor>2.727</cropfactor>
        <calibration>
            <!-- Taken with Nikon 1 J1 -->
            <distortion model="poly3" focal="30" k1="-0.01024"/>
            <distortion model="poly3" focal="39.8" k1="0.00097"/>
            <distortion model="poly3" focal="59.4" k1="0.00573"/>
            <distortion model="poly3" focal="80.1" k1="0.00556"/>
            <distortion model="poly3" focal="110" k1="0.00532"/>
            <tca model="poly3" focal="30" vr="1.0000704" vb="1.0001468"/>
            <tca model="poly3" focal="39.8" vr="1.0000811" vb="1.0000224"/>
            <tca model="poly3" focal="59.4" vr="0.9999867" vb="0.9999353"/>
            <tca model="poly3" focal="80.1" vr="0.9999499" vb="0.9998968"/>
            <tca model="poly3" focal="110" vr="0.9998706" vb="0.9998498"/>
        </calibration>
    </lens>
    <lens>
        <maker>Nikon</maker>
        <model>1 Nikkor AW 11-27.5mm f/3.5-5.6</model>
        <mount>Nikon CX</mount>
        <cropfactor>2.727</cropfactor>
        <calibration>
            <!-- Taken with Nikon 1 AW1 -->
            <distortion model="ptlens" focal="11" a="0.0108" b="-0.04366" c="0.01672"/>
            <distortion model="ptlens" focal="14" a="0.00707" b="-0.03017" c="0.01789"/>
            <distortion model="ptlens" focal="16.1" a="0.00422" b="-0.01878" c="0.01041"/>
            <distortion model="ptlens" focal="18.2" a="0.00176" b="-0.01145" c="0.00993"/>
            <distortion model="ptlens" focal="21" a="0.00225" b="-0.01094" c="0.01183"/>
            <distortion model="ptlens" focal="23.6" a="0.00121" b="-0.00499" c="0.00367"/>
            <distortion model="ptlens" focal="27.5" a="0.00158" b="-0.00591" c="0.00483"/>
            <tca model="poly3" focal="11" br="0.0000054" vr="1.0002237" bb="0.0000092" vb="1.0000626"/>
            <tca model="poly3" focal="14" br="-0.0000744" vr="1.0002354" bb="0.0000058" vb="1.0000739"/>
            <tca model="poly3" focal="16.1" br="-0.0000501" vr="1.0001925" bb="0.0000057" vb="1.0000790"/>
            <tca model="poly3" focal="18.2" br="-0.0000541" vr="1.0001661" bb="-0.0000100" vb="1.0000806"/>
            <tca model="poly3" focal="21" br="-0.0000300" vr="1.0001514" bb="0.0000051" vb="1.0000838"/>
            <tca model="poly3" focal="23.6" br="-0.0000236" vr="1.0001017" bb="0.0000001" vb="1.0000574"/>
            <tca model="poly3" focal="27.5" br="-0.0000339" vr="1.0001351" bb="-0.0000011" vb="1.0000496"/>
        </calibration>
    </lens>
    <lens>
        <maker>Nikon</maker>
        <model>1 Nikkor 18.5mm f/1.8</model>
        <mount>Nikon CX</mount>
        <cropfactor>2.727</cropfactor>
        <calibration>
            <!-- Taken with Nikon 1 J1 -->
            <distortion model="poly3" focal="18.5" k1="-0.00974"/>
            <tca model="poly3" focal="18.5" br="-0.0000181" vr="1.0004235" bb="0.0000843" vb="0.9999900"/>
        </calibration>
    </lens>
    <lens>
        <maker>Nikon</maker>
        <model>1 Nikkor 32mm f/1.2</model>
        <mount>Nikon CX</mount>
        <cropfactor>2.727</cropfactor>
        <calibration>
            <!-- Taken with Nikon 1 J1 -->
            <distortion model="ptlens" focal="32" a="-0.002" b="0.004" c="-0.003"/>
            <tca model="poly3" focal="32" br="-0.0000293" vr="1.0000997" bb="0.0000337" vb="0.9998935"/>
        </calibration>
    </lens>
    <lens>
        <maker>Nikon</maker>
        <model>1 Nikkor 10mm f/2.8</model>
        <mount>Nikon CX</mount>
        <cropfactor>2.727</cropfactor>
        <calibration>
            <!-- Taken with Nikon 1 J4 -->
            <distortion model="ptlens" focal="10" a="0.06176" b="-0.15886" c="0.10734"/>
            <vignetting model="pa" focal="10" aperture="2.8" distance="10" k1="-1.2282" k2="0.8855" k3="-0.3102"/>
            <vignetting model="pa" focal="10" aperture="2.8" distance="1000" k1="-1.2282" k2="0.8855" k3="-0.3102"/>
            <vignetting model="pa" focal="10" aperture="4" distance="10" k1="-0.4906" k2="0.1215" k3="-0.0680"/>
            <vignetting model="pa" focal="10" aperture="4" distance="1000" k1="-0.4906" k2="0.1215" k3="-0.0680"/>
            <vignetting model="pa" focal="10" aperture="5" distance="10" k1="-0.5344" k2="0.1676" k3="-0.0339"/>
            <vignetting model="pa" focal="10" aperture="5" distance="1000" k1="-0.5344" k2="0.1676" k3="-0.0339"/>
            <vignetting model="pa" focal="10" aperture="6.3" distance="10" k1="-0.5544" k2="0.1830" k3="-0.0409"/>
            <vignetting model="pa" focal="10" aperture="6.3" distance="1000" k1="-0.5544" k2="0.1830" k3="-0.0409"/>
            <vignetting model="pa" focal="10" aperture="7.1" distance="10" k1="-0.5706" k2="0.1847" k3="-0.0359"/>
            <vignetting model="pa" focal="10" aperture="7.1" distance="1000" k1="-0.5706" k2="0.1847" k3="-0.0359"/>
            <vignetting model="pa" focal="10" aperture="8" distance="10" k1="-0.5728" k2="0.1638" k3="-0.0093"/>
            <vignetting model="pa" focal="10" aperture="8" distance="1000" k1="-0.5728" k2="0.1638" k3="-0.0093"/>
            <vignetting model="pa" focal="10" aperture="9" distance="10" k1="-0.5793" k2="0.1723" k3="-0.0110"/>
            <vignetting model="pa" focal="10" aperture="9" distance="1000" k1="-0.5793" k2="0.1723" k3="-0.0110"/>
            <vignetting model="pa" focal="10" aperture="10" distance="10" k1="-0.5870" k2="0.1850" k3="-0.0172"/>
            <vignetting model="pa" focal="10" aperture="10" distance="1000" k1="-0.5870" k2="0.1850" k3="-0.0172"/>
            <vignetting model="pa" focal="10" aperture="11" distance="10" k1="-0.5985" k2="0.1814" k3="-0.0093"/>
            <vignetting model="pa" focal="10" aperture="11" distance="1000" k1="-0.5985" k2="0.1814" k3="-0.0093"/>
        </calibration>
    </lens>
    <lens>
        <maker>Nikon</maker>
        <model>1 Nikkor AW 10mm f/2.8</model>
        <mount>Nikon CX</mount>
        <cropfactor>2.727</cropfactor>
        <calibration>
            <!-- Taken with Nikon AW1 -->
            <distortion model="ptlens" focal="10" a="0.0120353" b="-0.035894" c="0.0124636"/>
            <tca model="poly3" focal="10" br="-0.0001550" vr="1.0006279" bb="0.0001309" vb="0.9998205"/>
        </calibration>
    </lens>
</lensdatabase>
