<lensdatabase version="1">
    <lens>
        <maker>Zeiss</maker>
        <model>E 32mm f/1.8</model>
        <model lang="en">Touit 32mm f/1.8</model>
        <mount>Sony E</mount>
        <cropfactor>1.534</cropfactor>
        <calibration>
            <!-- Taken with Sony A6000 -->
            <distortion model="poly3" focal="32" k1="-0.00792"/>
            <tca model="poly3" focal="32" br="-0.0000053" vr="1.0001744" bb="0.0000616" vb="0.9998421"/>
        </calibration>
    </lens>
    <lens>
        <maker>Zeiss</maker>
        <model>E 25mm f/2</model>
        <model lang="en">Batis 25mm f/2</model>
        <mount>Sony E</mount>
        <cropfactor>1</cropfactor>
        <calibration>
            <!-- Taken with Sony Alpha 7R -->
            <distortion model="ptlens" focal="25" a="0.01403" b="-0.03257" c="0.00722"/>
            <vignetting model="pa" focal="25" aperture="2" distance="10" k1="-1.3135" k2="0.7812" k3="-0.1662"/>
            <vignetting model="pa" focal="25" aperture="2" distance="1000" k1="-1.3135" k2="0.7812" k3="-0.1662"/>
            <vignetting model="pa" focal="25" aperture="2.2" distance="10" k1="-0.8297" k2="-0.2042" k3="0.3884"/>
            <vignetting model="pa" focal="25" aperture="2.2" distance="1000" k1="-0.8297" k2="-0.2042" k3="0.3884"/>
            <vignetting model="pa" focal="25" aperture="2.5" distance="10" k1="-0.6639" k2="-0.1965" k3="0.2916"/>
            <vignetting model="pa" focal="25" aperture="2.5" distance="1000" k1="-0.6639" k2="-0.1965" k3="0.2916"/>
            <vignetting model="pa" focal="25" aperture="2.8" distance="10" k1="-0.8068" k2="0.3793" k3="-0.1003"/>
            <vignetting model="pa" focal="25" aperture="2.8" distance="1000" k1="-0.8068" k2="0.3793" k3="-0.1003"/>
            <vignetting model="pa" focal="25" aperture="3.2" distance="10" k1="-0.7914" k2="0.3992" k3="-0.1236"/>
            <vignetting model="pa" focal="25" aperture="3.2" distance="1000" k1="-0.7914" k2="0.3992" k3="-0.1236"/>
            <vignetting model="pa" focal="25" aperture="3.5" distance="10" k1="-0.8243" k2="0.4168" k3="-0.1076"/>
            <vignetting model="pa" focal="25" aperture="3.5" distance="1000" k1="-0.8243" k2="0.4168" k3="-0.1076"/>
            <vignetting model="pa" focal="25" aperture="4" distance="10" k1="-0.8256" k2="0.3920" k3="-0.0733"/>
            <vignetting model="pa" focal="25" aperture="4" distance="1000" k1="-0.8256" k2="0.3920" k3="-0.0733"/>
            <vignetting model="pa" focal="25" aperture="4.5" distance="10" k1="-0.8200" k2="0.3486" k3="-0.0395"/>
            <vignetting model="pa" focal="25" aperture="4.5" distance="1000" k1="-0.8200" k2="0.3486" k3="-0.0395"/>
            <vignetting model="pa" focal="25" aperture="5" distance="10" k1="-0.7887" k2="0.2225" k3="0.0559"/>
            <vignetting model="pa" focal="25" aperture="5" distance="1000" k1="-0.7887" k2="0.2225" k3="0.0559"/>
            <vignetting model="pa" focal="25" aperture="5.6" distance="10" k1="-0.7793" k2="0.2049" k3="0.0600"/>
            <vignetting model="pa" focal="25" aperture="5.6" distance="1000" k1="-0.7793" k2="0.2049" k3="0.0600"/>
            <vignetting model="pa" focal="25" aperture="6.3" distance="10" k1="-0.7779" k2="0.2160" k3="0.0361"/>
            <vignetting model="pa" focal="25" aperture="6.3" distance="1000" k1="-0.7779" k2="0.2160" k3="0.0361"/>
            <vignetting model="pa" focal="25" aperture="7.1" distance="10" k1="-0.7759" k2="0.2166" k3="0.0253"/>
            <vignetting model="pa" focal="25" aperture="7.1" distance="1000" k1="-0.7759" k2="0.2166" k3="0.0253"/>
            <vignetting model="pa" focal="25" aperture="8" distance="10" k1="-0.7698" k2="0.2065" k3="0.0287"/>
            <vignetting model="pa" focal="25" aperture="8" distance="1000" k1="-0.7698" k2="0.2065" k3="0.0287"/>
            <vignetting model="pa" focal="25" aperture="9" distance="10" k1="-0.7606" k2="0.1789" k3="0.0503"/>
            <vignetting model="pa" focal="25" aperture="9" distance="1000" k1="-0.7606" k2="0.1789" k3="0.0503"/>
            <vignetting model="pa" focal="25" aperture="10" distance="10" k1="-0.7590" k2="0.1795" k3="0.0459"/>
            <vignetting model="pa" focal="25" aperture="10" distance="1000" k1="-0.7590" k2="0.1795" k3="0.0459"/>
            <vignetting model="pa" focal="25" aperture="11" distance="10" k1="-0.7566" k2="0.1734" k3="0.0498"/>
            <vignetting model="pa" focal="25" aperture="11" distance="1000" k1="-0.7566" k2="0.1734" k3="0.0498"/>
            <vignetting model="pa" focal="25" aperture="13" distance="10" k1="-0.7519" k2="0.1614" k3="0.0571"/>
            <vignetting model="pa" focal="25" aperture="13" distance="1000" k1="-0.7519" k2="0.1614" k3="0.0571"/>
            <vignetting model="pa" focal="25" aperture="14" distance="10" k1="-0.7479" k2="0.1499" k3="0.0644"/>
            <vignetting model="pa" focal="25" aperture="14" distance="1000" k1="-0.7479" k2="0.1499" k3="0.0644"/>
            <vignetting model="pa" focal="25" aperture="16" distance="10" k1="-0.7426" k2="0.1364" k3="0.0728"/>
            <vignetting model="pa" focal="25" aperture="16" distance="1000" k1="-0.7426" k2="0.1364" k3="0.0728"/>
            <vignetting model="pa" focal="25" aperture="18" distance="10" k1="-0.7405" k2="0.1285" k3="0.0783"/>
            <vignetting model="pa" focal="25" aperture="18" distance="1000" k1="-0.7405" k2="0.1285" k3="0.0783"/>
            <vignetting model="pa" focal="25" aperture="20" distance="10" k1="-0.7392" k2="0.1229" k3="0.0829"/>
            <vignetting model="pa" focal="25" aperture="20" distance="1000" k1="-0.7392" k2="0.1229" k3="0.0829"/>
            <vignetting model="pa" focal="25" aperture="22" distance="10" k1="-0.7379" k2="0.1186" k3="0.0860"/>
            <vignetting model="pa" focal="25" aperture="22" distance="1000" k1="-0.7379" k2="0.1186" k3="0.0860"/>
        </calibration>
    </lens>
    <lens>
        <maker>Zeiss</maker>
        <model>E 85mm F1.8</model>
        <model lang="en">Batis 85mm f/1.8</model>
        <mount>Sony E</mount>
        <cropfactor>1</cropfactor>
        <calibration>
            <!-- Taken with Sony Alpha a7 II (ILCE-7M2) -->
            <distortion model="ptlens" focal="85" a="-0.000588" b="-0.00021" c="0.024475"/>
        </calibration>
    </lens>
    <lens>
        <maker>Zeiss</maker>
        <model>E 50mm F2</model>
        <model lang="en">Loxia 50mm f/2 Planar T*</model>
        <mount>Sony E</mount>
        <cropfactor>1</cropfactor>
        <calibration>
            <!-- Taken with Sony Alpha 7 II (ILCE-7M2) -->
            <distortion model="ptlens" focal="50" a="-0.00093" b="-0.00216" c="-0.0024"/>
        </calibration>
    </lens>
    <lens>
        <maker>Zeiss</maker>
        <model>E 21mm F2.8</model>
        <model lang="en">Loxia 21mm f/2.8</model>
        <mount>Sony E</mount>
        <cropfactor>1</cropfactor>
        <calibration>
            <!-- Taken with Sony Alpha 7 II (ILCE-7M2) -->
            <distortion model="ptlens" focal="21" a="0.02059" b="-0.05856" c="0.0302"/>
            <tca model="poly3" focal="21" vr="1.0000849" vb="1.0000258"/>
        </calibration>
    </lens>
    <lens>
        <maker>Zeiss</maker>
        <model>Zeiss Batis 2.8/18</model>
        <model lang="en">Batis 18mm f/2.8</model>
        <mount>Sony E</mount>
        <cropfactor>1</cropfactor>
        <calibration>
            <!-- Taken with Sony Alpha 7S -->
            <distortion model="ptlens" focal="18" a="0.03666" b="-0.0936845" c="0.0413531"/>
            <tca model="poly3" focal="18" br="-0.0000385" vr="1.0001447" bb="0.0000468" vb="0.9999362"/>
        </calibration>
    </lens>
</lensdatabase>
