<lensdatabase version="1">
    <mount>
        <name>Fujifilm X</name>
        <compat>M42</compat>
        <compat>M39/1</compat>
        <compat>DKL</compat>
        <compat>T2</compat>
        <compat>Generic</compat>
    </mount>
    <camera>
        <maker>Fujifilm</maker>
        <model>X-Pro1</model>
        <mount>Fujifilm X</mount>
        <cropfactor>1.529</cropfactor>
    </camera>
    <camera>
        <maker>Fujifilm</maker>
        <model>X-Pro2</model>
        <mount>Fujifilm X</mount>
        <cropfactor>1.528</cropfactor>
    </camera>
    <camera>
        <maker>Fujifilm</maker>
        <model>X-E1</model>
        <mount>Fujifilm X</mount>
        <cropfactor>1.529</cropfactor>
    </camera>
    <camera>
        <maker>Fujifilm</maker>
        <model>X-E2</model>
        <mount>Fujifilm X</mount>
        <cropfactor>1.529</cropfactor>
    </camera>
    <camera>
        <maker>Fujifilm</maker>
        <model>X-E2S</model>
        <mount>Fujifilm X</mount>
        <cropfactor>1.529</cropfactor>
    </camera>
    <camera>
        <maker>Fujifilm</maker>
        <model>X-T1</model>
        <mount>Fujifilm X</mount>
        <cropfactor>1.529</cropfactor>
    </camera>
    <camera>
        <maker>Fujifilm</maker>
        <model>X-T2</model>
        <mount>Fujifilm X</mount>
        <cropfactor>1.528</cropfactor>
    </camera>
    <camera>
        <maker>Fujifilm</maker>
        <model>X-M1</model>
        <mount>Fujifilm X</mount>
        <cropfactor>1.529</cropfactor>
    </camera>
    <camera>
        <maker>Fujifilm</maker>
        <model>X-A1</model>
        <mount>Fujifilm X</mount>
        <cropfactor>1.529</cropfactor>
    </camera>
    <camera>
        <maker>Fujifilm</maker>
        <model>X-A2</model>
        <mount>Fujifilm X</mount>
        <cropfactor>1.529</cropfactor>
    </camera>
    <camera>
        <maker>Fujifilm</maker>
        <model>X-T10</model>
        <mount>Fujifilm X</mount>
        <cropfactor>1.529</cropfactor>
    </camera>
    <camera>
        <maker>Fujifilm</maker>
        <model>X-T20</model>
        <mount>Fujifilm X</mount>
        <cropfactor>1.529</cropfactor>
    </camera>
    <lens>
        <maker>Fujifilm</maker>
        <model>XF18-55mmF2.8-4 R LM OIS</model>
        <model lang="en">XF 18-55mm f/2.8-4 R LM OIS</model>
        <mount>Fujifilm X</mount>
        <cropfactor>1.529</cropfactor>
        <calibration>
            <!-- Taken with X-E1 -->
            <distortion model="ptlens" focal="18" a="0.02808" b="-0.10604" c="0.07041"/>
            <distortion model="ptlens" focal="22.3" a="0.01298" b="-0.03695" c="0.01899"/>
            <distortion model="ptlens" focal="27.7" a="0.03709" b="-0.11695" c="0.1187"/>
            <distortion model="ptlens" focal="35.8" a="0.02942" b="-0.08799" c="0.09673"/>
            <distortion model="ptlens" focal="44.4" a="0.00611" b="-0.00562" c="0.0159"/>
            <distortion model="ptlens" focal="55" a="0.00491" b="-0.00114" c="0.01427"/>
            <tca model="poly3" focal="18" br="-0.0001885" vr="1.0006600" bb="0.0001738" vb="0.9998316"/>
            <tca model="poly3" focal="22.3" br="-0.0001934" vr="1.0004668" bb="0.0002412" vb="0.9997719"/>
            <tca model="poly3" focal="27.7" br="-0.0001630" vr="1.0003388" bb="0.0001984" vb="0.9997897"/>
            <tca model="poly3" focal="35.8" br="-0.0001699" vr="1.0002943" bb="0.0001666" vb="0.9997469"/>
            <tca model="poly3" focal="44.4" br="-0.0001304" vr="1.0002094" bb="0.0001355" vb="0.9996474"/>
            <tca model="poly3" focal="55" br="-0.0001185" vr="1.0001664" bb="0.0001695" vb="0.9993813"/>
            <!-- Taken with Fujifilm X-T1 -->
            <vignetting model="pa" focal="18" aperture="2.8" distance="10" k1="-0.9940" k2="0.9214" k3="-0.6090"/>
            <vignetting model="pa" focal="18" aperture="2.8" distance="1000" k1="-0.9940" k2="0.9214" k3="-0.6090"/>
            <vignetting model="pa" focal="18" aperture="4" distance="10" k1="-0.2929" k2="-0.2031" k3="-0.0206"/>
            <vignetting model="pa" focal="18" aperture="4" distance="1000" k1="-0.2929" k2="-0.2031" k3="-0.0206"/>
            <vignetting model="pa" focal="18" aperture="5.6" distance="10" k1="-0.4171" k2="0.2130" k3="-0.2220"/>
            <vignetting model="pa" focal="18" aperture="5.6" distance="1000" k1="-0.4171" k2="0.2130" k3="-0.2220"/>
            <vignetting model="pa" focal="18" aperture="8" distance="10" k1="-0.3676" k2="0.0019" k3="-0.0094"/>
            <vignetting model="pa" focal="18" aperture="8" distance="1000" k1="-0.3676" k2="0.0019" k3="-0.0094"/>
            <vignetting model="pa" focal="18" aperture="11" distance="10" k1="-0.3752" k2="0.0224" k3="-0.0227"/>
            <vignetting model="pa" focal="18" aperture="11" distance="1000" k1="-0.3752" k2="0.0224" k3="-0.0227"/>
            <vignetting model="pa" focal="18" aperture="16" distance="10" k1="-0.3861" k2="0.0443" k3="-0.0331"/>
            <vignetting model="pa" focal="18" aperture="16" distance="1000" k1="-0.3861" k2="0.0443" k3="-0.0331"/>
            <vignetting model="pa" focal="18" aperture="22" distance="10" k1="-0.3907" k2="0.0521" k3="-0.0360"/>
            <vignetting model="pa" focal="18" aperture="22" distance="1000" k1="-0.3907" k2="0.0521" k3="-0.0360"/>
            <vignetting model="pa" focal="23.3" aperture="3.2" distance="10" k1="-1.0139" k2="1.2731" k3="-0.7978"/>
            <vignetting model="pa" focal="23.3" aperture="3.2" distance="1000" k1="-1.0139" k2="1.2731" k3="-0.7978"/>
            <vignetting model="pa" focal="23.3" aperture="4" distance="10" k1="-0.3673" k2="-0.0866" k3="0.0234"/>
            <vignetting model="pa" focal="23.3" aperture="4" distance="1000" k1="-0.3673" k2="-0.0866" k3="0.0234"/>
            <vignetting model="pa" focal="23.3" aperture="5.6" distance="10" k1="-0.3168" k2="0.0613" k3="-0.0534"/>
            <vignetting model="pa" focal="23.3" aperture="5.6" distance="1000" k1="-0.3168" k2="0.0613" k3="-0.0534"/>
            <vignetting model="pa" focal="23.3" aperture="8" distance="10" k1="-0.3039" k2="0.0142" k3="-0.0113"/>
            <vignetting model="pa" focal="23.3" aperture="8" distance="1000" k1="-0.3039" k2="0.0142" k3="-0.0113"/>
            <vignetting model="pa" focal="23.3" aperture="11" distance="10" k1="-0.3033" k2="0.0151" k3="-0.0123"/>
            <vignetting model="pa" focal="23.3" aperture="11" distance="1000" k1="-0.3033" k2="0.0151" k3="-0.0123"/>
            <vignetting model="pa" focal="23.3" aperture="16" distance="10" k1="-0.3170" k2="0.0485" k3="-0.0348"/>
            <vignetting model="pa" focal="23.3" aperture="16" distance="1000" k1="-0.3170" k2="0.0485" k3="-0.0348"/>
            <vignetting model="pa" focal="23.3" aperture="22" distance="10" k1="-0.3237" k2="0.0555" k3="-0.0357"/>
            <vignetting model="pa" focal="23.3" aperture="22" distance="1000" k1="-0.3237" k2="0.0555" k3="-0.0357"/>
            <vignetting model="pa" focal="28.9" aperture="3.2" distance="10" k1="-0.9565" k2="1.3570" k3="-0.9694"/>
            <vignetting model="pa" focal="28.9" aperture="3.2" distance="1000" k1="-0.9565" k2="1.3570" k3="-0.9694"/>
            <vignetting model="pa" focal="28.9" aperture="4" distance="10" k1="-0.3912" k2="0.2104" k3="-0.2598"/>
            <vignetting model="pa" focal="28.9" aperture="4" distance="1000" k1="-0.3912" k2="0.2104" k3="-0.2598"/>
            <vignetting model="pa" focal="28.9" aperture="5.6" distance="10" k1="-0.2824" k2="0.0648" k3="-0.0563"/>
            <vignetting model="pa" focal="28.9" aperture="5.6" distance="1000" k1="-0.2824" k2="0.0648" k3="-0.0563"/>
            <vignetting model="pa" focal="28.9" aperture="8" distance="10" k1="-0.2744" k2="0.0335" k3="-0.0273"/>
            <vignetting model="pa" focal="28.9" aperture="8" distance="1000" k1="-0.2744" k2="0.0335" k3="-0.0273"/>
            <vignetting model="pa" focal="28.9" aperture="11" distance="10" k1="-0.2786" k2="0.0444" k3="-0.0334"/>
            <vignetting model="pa" focal="28.9" aperture="11" distance="1000" k1="-0.2786" k2="0.0444" k3="-0.0334"/>
            <vignetting model="pa" focal="28.9" aperture="16" distance="10" k1="-0.2878" k2="0.0649" k3="-0.0462"/>
            <vignetting model="pa" focal="28.9" aperture="16" distance="1000" k1="-0.2878" k2="0.0649" k3="-0.0462"/>
            <vignetting model="pa" focal="28.9" aperture="22" distance="10" k1="-0.2878" k2="0.0600" k3="-0.0421"/>
            <vignetting model="pa" focal="28.9" aperture="22" distance="1000" k1="-0.2878" k2="0.0600" k3="-0.0421"/>
            <vignetting model="pa" focal="35.8" aperture="3.6" distance="10" k1="-0.8448" k2="1.2051" k3="-0.9476"/>
            <vignetting model="pa" focal="35.8" aperture="3.6" distance="1000" k1="-0.8448" k2="1.2051" k3="-0.9476"/>
            <vignetting model="pa" focal="35.8" aperture="4" distance="10" k1="-0.6601" k2="0.8248" k3="-0.6931"/>
            <vignetting model="pa" focal="35.8" aperture="4" distance="1000" k1="-0.6601" k2="0.8248" k3="-0.6931"/>
            <vignetting model="pa" focal="35.8" aperture="5.6" distance="10" k1="-0.3767" k2="0.4933" k3="-0.4300"/>
            <vignetting model="pa" focal="35.8" aperture="5.6" distance="1000" k1="-0.3767" k2="0.4933" k3="-0.4300"/>
            <vignetting model="pa" focal="35.8" aperture="8" distance="10" k1="-0.2710" k2="0.0847" k3="-0.0614"/>
            <vignetting model="pa" focal="35.8" aperture="8" distance="1000" k1="-0.2710" k2="0.0847" k3="-0.0614"/>
            <vignetting model="pa" focal="35.8" aperture="11" distance="10" k1="-0.2727" k2="0.0875" k3="-0.0614"/>
            <vignetting model="pa" focal="35.8" aperture="11" distance="1000" k1="-0.2727" k2="0.0875" k3="-0.0614"/>
            <vignetting model="pa" focal="35.8" aperture="16" distance="10" k1="-0.2772" k2="0.1002" k3="-0.0710"/>
            <vignetting model="pa" focal="35.8" aperture="16" distance="1000" k1="-0.2772" k2="0.1002" k3="-0.0710"/>
            <vignetting model="pa" focal="35.8" aperture="22" distance="10" k1="-0.2818" k2="0.1161" k3="-0.0841"/>
            <vignetting model="pa" focal="35.8" aperture="22" distance="1000" k1="-0.2818" k2="0.1161" k3="-0.0841"/>
            <vignetting model="pa" focal="55" aperture="4" distance="10" k1="-0.4700" k2="0.1851" k3="-0.3613"/>
            <vignetting model="pa" focal="55" aperture="4" distance="1000" k1="-0.4700" k2="0.1851" k3="-0.3613"/>
            <vignetting model="pa" focal="55" aperture="5.6" distance="10" k1="-0.3795" k2="0.7246" k3="-0.7785"/>
            <vignetting model="pa" focal="55" aperture="5.6" distance="1000" k1="-0.3795" k2="0.7246" k3="-0.7785"/>
            <vignetting model="pa" focal="55" aperture="8" distance="10" k1="-0.3782" k2="0.6199" k3="-0.5550"/>
            <vignetting model="pa" focal="55" aperture="8" distance="1000" k1="-0.3782" k2="0.6199" k3="-0.5550"/>
            <vignetting model="pa" focal="55" aperture="11" distance="10" k1="-0.2621" k2="0.1629" k3="-0.1325"/>
            <vignetting model="pa" focal="55" aperture="11" distance="1000" k1="-0.2621" k2="0.1629" k3="-0.1325"/>
            <vignetting model="pa" focal="55" aperture="16" distance="10" k1="-0.2565" k2="0.1369" k3="-0.1058"/>
            <vignetting model="pa" focal="55" aperture="16" distance="1000" k1="-0.2565" k2="0.1369" k3="-0.1058"/>
            <vignetting model="pa" focal="55" aperture="22" distance="10" k1="-0.2428" k2="0.1097" k3="-0.0909"/>
            <vignetting model="pa" focal="55" aperture="22" distance="1000" k1="-0.2428" k2="0.1097" k3="-0.0909"/>
        </calibration>
    </lens>
    <lens>
        <maker>Fujifilm</maker>
        <model>XC16-50mmF3.5-5.6 OIS</model>
        <model lang="en">XC 16-50mm f/3.5-5.6 OIS</model>
        <mount>Fujifilm X</mount>
        <cropfactor>1.529</cropfactor>
        <calibration>
            <!-- Taken with X-M1 -->
            <distortion model="ptlens" focal="16" a="0.02487" b="-0.09617" c="0.03106"/>
            <distortion model="ptlens" focal="22.2" a="0.00843" b="-0.03427" c="0.01288"/>
            <distortion model="ptlens" focal="28.2" a="0.01218" b="-0.05193" c="0.0513"/>
            <distortion model="ptlens" focal="34" a="-0.00417" b="0.01591" c="-0.02319"/>
            <distortion model="ptlens" focal="41.8" a="0" b="-0.00159" c="0"/>
            <distortion model="ptlens" focal="50" a="0" b="0.00416" c="0"/>
            <tca model="poly3" focal="16" br="-0.0001013" vr="1.0003838" bb="0.0000720" vb="1.0000557"/>
            <tca model="poly3" focal="22.2" br="-0.0000844" vr="1.0002839" bb="0.0000997" vb="0.9999382"/>
            <tca model="poly3" focal="29.5" br="-0.0000603" vr="1.0002492" bb="0.0000545" vb="0.9999185"/>
            <tca model="poly3" focal="37.1" br="-0.0000480" vr="1.0002372" bb="0.0000296" vb="0.9998630"/>
            <tca model="poly3" focal="50" br="-0.0000550" vr="1.0001813" bb="0.0000121" vb="0.9997167"/>
            <vignetting model="pa" focal="16" aperture="3.5" distance="10" k1="-1.1839" k2="1.2688" k3="-0.6976"/>
            <vignetting model="pa" focal="16" aperture="3.5" distance="1000" k1="-1.1839" k2="1.2688" k3="-0.6976"/>
            <vignetting model="pa" focal="16" aperture="4" distance="10" k1="-0.5706" k2="-0.1552" k3="0.2003"/>
            <vignetting model="pa" focal="16" aperture="4" distance="1000" k1="-0.5706" k2="-0.1552" k3="0.2003"/>
            <vignetting model="pa" focal="16" aperture="5.6" distance="10" k1="-0.1243" k2="-0.5545" k3="0.2593"/>
            <vignetting model="pa" focal="16" aperture="5.6" distance="1000" k1="-0.1243" k2="-0.5545" k3="0.2593"/>
            <vignetting model="pa" focal="16" aperture="8" distance="10" k1="-0.2917" k2="0.0492" k3="-0.0798"/>
            <vignetting model="pa" focal="16" aperture="8" distance="1000" k1="-0.2917" k2="0.0492" k3="-0.0798"/>
            <vignetting model="pa" focal="16" aperture="11" distance="10" k1="-0.2665" k2="-0.0732" k3="0.0502"/>
            <vignetting model="pa" focal="16" aperture="11" distance="1000" k1="-0.2665" k2="-0.0732" k3="0.0502"/>
            <vignetting model="pa" focal="16" aperture="16" distance="10" k1="-0.2743" k2="-0.0585" k3="0.0416"/>
            <vignetting model="pa" focal="16" aperture="16" distance="1000" k1="-0.2743" k2="-0.0585" k3="0.0416"/>
            <vignetting model="pa" focal="16" aperture="22" distance="10" k1="-0.2939" k2="-0.0216" k3="0.0203"/>
            <vignetting model="pa" focal="16" aperture="22" distance="1000" k1="-0.2939" k2="-0.0216" k3="0.0203"/>
            <vignetting model="pa" focal="22.2" aperture="4" distance="10" k1="-0.9609" k2="0.9526" k3="-0.4347"/>
            <vignetting model="pa" focal="22.2" aperture="4" distance="1000" k1="-0.9609" k2="0.9526" k3="-0.4347"/>
            <vignetting model="pa" focal="22.2" aperture="5.6" distance="10" k1="-0.0607" k2="-0.5769" k3="0.3142"/>
            <vignetting model="pa" focal="22.2" aperture="5.6" distance="1000" k1="-0.0607" k2="-0.5769" k3="0.3142"/>
            <vignetting model="pa" focal="22.2" aperture="8" distance="10" k1="-0.2201" k2="0.0815" k3="-0.0674"/>
            <vignetting model="pa" focal="22.2" aperture="8" distance="1000" k1="-0.2201" k2="0.0815" k3="-0.0674"/>
            <vignetting model="pa" focal="22.2" aperture="11" distance="10" k1="-0.2106" k2="0.0205" k3="0.0001"/>
            <vignetting model="pa" focal="22.2" aperture="11" distance="1000" k1="-0.2106" k2="0.0205" k3="0.0001"/>
            <vignetting model="pa" focal="22.2" aperture="16" distance="10" k1="-0.2208" k2="0.0402" k3="-0.0109"/>
            <vignetting model="pa" focal="22.2" aperture="16" distance="1000" k1="-0.2208" k2="0.0402" k3="-0.0109"/>
            <vignetting model="pa" focal="22.2" aperture="22" distance="10" k1="-0.2409" k2="0.0809" k3="-0.0369"/>
            <vignetting model="pa" focal="22.2" aperture="22" distance="1000" k1="-0.2409" k2="0.0809" k3="-0.0369"/>
            <vignetting model="pa" focal="29.5" aperture="4.7" distance="10" k1="-0.8714" k2="0.9190" k3="-0.4339"/>
            <vignetting model="pa" focal="29.5" aperture="4.7" distance="1000" k1="-0.8714" k2="0.9190" k3="-0.4339"/>
            <vignetting model="pa" focal="29.5" aperture="5.6" distance="10" k1="-0.0995" k2="-0.5194" k3="0.3242"/>
            <vignetting model="pa" focal="29.5" aperture="5.6" distance="1000" k1="-0.0995" k2="-0.5194" k3="0.3242"/>
            <vignetting model="pa" focal="29.5" aperture="8" distance="10" k1="-0.1767" k2="0.0901" k3="-0.0842"/>
            <vignetting model="pa" focal="29.5" aperture="8" distance="1000" k1="-0.1767" k2="0.0901" k3="-0.0842"/>
            <vignetting model="pa" focal="29.5" aperture="11" distance="10" k1="-0.1791" k2="0.0441" k3="-0.0163"/>
            <vignetting model="pa" focal="29.5" aperture="11" distance="1000" k1="-0.1791" k2="0.0441" k3="-0.0163"/>
            <vignetting model="pa" focal="29.5" aperture="16" distance="10" k1="-0.1945" k2="0.0750" k3="-0.0336"/>
            <vignetting model="pa" focal="29.5" aperture="16" distance="1000" k1="-0.1945" k2="0.0750" k3="-0.0336"/>
            <vignetting model="pa" focal="29.5" aperture="22" distance="10" k1="-0.2026" k2="0.0875" k3="-0.0397"/>
            <vignetting model="pa" focal="29.5" aperture="22" distance="1000" k1="-0.2026" k2="0.0875" k3="-0.0397"/>
            <vignetting model="pa" focal="35.5" aperture="5.6" distance="10" k1="-0.3113" k2="-0.1482" k3="0.1584"/>
            <vignetting model="pa" focal="35.5" aperture="5.6" distance="1000" k1="-0.3113" k2="-0.1482" k3="0.1584"/>
            <vignetting model="pa" focal="35.5" aperture="8" distance="10" k1="-0.1623" k2="0.1135" k3="-0.1163"/>
            <vignetting model="pa" focal="35.5" aperture="8" distance="1000" k1="-0.1623" k2="0.1135" k3="-0.1163"/>
            <vignetting model="pa" focal="35.5" aperture="11" distance="10" k1="-0.1579" k2="0.0460" k3="-0.0163"/>
            <vignetting model="pa" focal="35.5" aperture="11" distance="1000" k1="-0.1579" k2="0.0460" k3="-0.0163"/>
            <vignetting model="pa" focal="35.5" aperture="16" distance="10" k1="-0.1710" k2="0.0757" k3="-0.0348"/>
            <vignetting model="pa" focal="35.5" aperture="16" distance="1000" k1="-0.1710" k2="0.0757" k3="-0.0348"/>
            <vignetting model="pa" focal="35.5" aperture="22" distance="10" k1="-0.1645" k2="0.0550" k3="-0.0204"/>
            <vignetting model="pa" focal="35.5" aperture="22" distance="1000" k1="-0.1645" k2="0.0550" k3="-0.0204"/>
            <vignetting model="pa" focal="40.2" aperture="5.3" distance="10" k1="-0.7175" k2="0.7596" k3="-0.3610"/>
            <vignetting model="pa" focal="40.2" aperture="5.3" distance="1000" k1="-0.7175" k2="0.7596" k3="-0.3610"/>
            <vignetting model="pa" focal="40.2" aperture="5.6" distance="10" k1="-0.2833" k2="-0.1402" k3="0.1490"/>
            <vignetting model="pa" focal="40.2" aperture="5.6" distance="1000" k1="-0.2833" k2="-0.1402" k3="0.1490"/>
            <vignetting model="pa" focal="40.2" aperture="8" distance="10" k1="-0.1516" k2="0.1215" k3="-0.1076"/>
            <vignetting model="pa" focal="40.2" aperture="8" distance="1000" k1="-0.1516" k2="0.1215" k3="-0.1076"/>
            <vignetting model="pa" focal="40.2" aperture="11" distance="10" k1="-0.1462" k2="0.0599" k3="-0.0293"/>
            <vignetting model="pa" focal="40.2" aperture="11" distance="1000" k1="-0.1462" k2="0.0599" k3="-0.0293"/>
            <vignetting model="pa" focal="40.2" aperture="16" distance="10" k1="-0.1531" k2="0.0708" k3="-0.0345"/>
            <vignetting model="pa" focal="40.2" aperture="16" distance="1000" k1="-0.1531" k2="0.0708" k3="-0.0345"/>
            <vignetting model="pa" focal="40.2" aperture="22" distance="10" k1="-0.1474" k2="0.0529" k3="-0.0227"/>
            <vignetting model="pa" focal="40.2" aperture="22" distance="1000" k1="-0.1474" k2="0.0529" k3="-0.0227"/>
            <vignetting model="pa" focal="50" aperture="5.6" distance="10" k1="-0.7982" k2="1.2935" k3="-0.9377"/>
            <vignetting model="pa" focal="50" aperture="5.6" distance="1000" k1="-0.7982" k2="1.2935" k3="-0.9377"/>
            <vignetting model="pa" focal="50" aperture="8" distance="10" k1="-0.0891" k2="0.0030" k3="-0.0895"/>
            <vignetting model="pa" focal="50" aperture="8" distance="1000" k1="-0.0891" k2="0.0030" k3="-0.0895"/>
            <vignetting model="pa" focal="50" aperture="11" distance="10" k1="-0.1110" k2="0.0315" k3="-0.0167"/>
            <vignetting model="pa" focal="50" aperture="11" distance="1000" k1="-0.1110" k2="0.0315" k3="-0.0167"/>
            <vignetting model="pa" focal="50" aperture="16" distance="10" k1="-0.1146" k2="0.0370" k3="-0.0193"/>
            <vignetting model="pa" focal="50" aperture="16" distance="1000" k1="-0.1146" k2="0.0370" k3="-0.0193"/>
            <vignetting model="pa" focal="50" aperture="22" distance="10" k1="-0.1198" k2="0.0400" k3="-0.0190"/>
            <vignetting model="pa" focal="50" aperture="22" distance="1000" k1="-0.1198" k2="0.0400" k3="-0.0190"/>
        </calibration>
    </lens>
    <lens>
        <maker>Fujifilm</maker>
        <model>XC50-230mmF4.5-6.7 OIS</model>
        <model lang="en">XC 50-230mm f/4.5-6.7 OIS</model>
        <mount>Fujifilm X</mount>
        <cropfactor>1.529</cropfactor>
        <calibration>
            <!-- Taken with X-M1 -->
            <distortion model="poly3" focal="50" k1="0.0017"/>
            <distortion model="poly3" focal="67.1" k1="0.00774"/>
            <distortion model="poly3" focal="101.2" k1="0.00967"/>
            <distortion model="poly3" focal="135.7" k1="0.00836"/>
            <distortion model="poly3" focal="181.9" k1="0.0089"/>
            <distortion model="poly3" focal="230" k1="0.00772"/>
            <tca model="poly3" focal="50" br="-0.0001000" vr="1.0003015" bb="0.0001185" vb="0.9999656"/>
            <tca model="poly3" focal="67.1" br="-0.0000913" vr="1.0002869" bb="0.0000633" vb="0.9998660"/>
            <tca model="poly3" focal="101.2" br="-0.0000511" vr="1.0001847" bb="0.0000461" vb="0.9996973"/>
            <tca model="poly3" focal="107.3" br="-0.0000559" vr="1.0001940" bb="0.0000439" vb="0.9996962"/>
            <tca model="poly3" focal="135.7" br="-0.0000520" vr="1.0001402" bb="0.0000174" vb="0.9995976"/>
            <tca model="poly3" focal="152.6" br="-0.0000292" vr="1.0000646" bb="-0.0000088" vb="0.9995959"/>
            <tca model="poly3" focal="181.9" br="-0.0000091" vr="0.9999066" bb="0.0000116" vb="0.9995961"/>
            <tca model="poly3" focal="230" br="-0.0000631" vr="0.9994886" bb="0.0000510" vb="0.9998227"/>
            <vignetting model="pa" focal="50" aperture="4.5" distance="10" k1="-0.2342" k2="-1.3181" k3="0.9147"/>
            <vignetting model="pa" focal="50" aperture="4.5" distance="1000" k1="-0.2342" k2="-1.3181" k3="0.9147"/>
            <vignetting model="pa" focal="50" aperture="5.6" distance="10" k1="0.0704" k2="-1.0728" k3="0.4962"/>
            <vignetting model="pa" focal="50" aperture="5.6" distance="1000" k1="0.0704" k2="-1.0728" k3="0.4962"/>
            <vignetting model="pa" focal="50" aperture="8" distance="10" k1="-0.2497" k2="0.2275" k3="-0.3150"/>
            <vignetting model="pa" focal="50" aperture="8" distance="1000" k1="-0.2497" k2="0.2275" k3="-0.3150"/>
            <vignetting model="pa" focal="50" aperture="11" distance="10" k1="-0.2653" k2="0.1802" k3="-0.1343"/>
            <vignetting model="pa" focal="50" aperture="11" distance="1000" k1="-0.2653" k2="0.1802" k3="-0.1343"/>
            <vignetting model="pa" focal="50" aperture="16" distance="10" k1="-0.2292" k2="0.0352" k3="-0.0001"/>
            <vignetting model="pa" focal="50" aperture="16" distance="1000" k1="-0.2292" k2="0.0352" k3="-0.0001"/>
            <vignetting model="pa" focal="50" aperture="22" distance="10" k1="-0.2299" k2="0.0366" k3="-0.0004"/>
            <vignetting model="pa" focal="50" aperture="22" distance="1000" k1="-0.2299" k2="0.0366" k3="-0.0004"/>
            <vignetting model="pa" focal="63.2" aperture="4.8" distance="10" k1="-0.2358" k2="-0.9246" k3="0.6416"/>
            <vignetting model="pa" focal="63.2" aperture="4.8" distance="1000" k1="-0.2358" k2="-0.9246" k3="0.6416"/>
            <vignetting model="pa" focal="63.2" aperture="5.6" distance="10" k1="-0.0466" k2="-0.4433" k3="0.1303"/>
            <vignetting model="pa" focal="63.2" aperture="5.6" distance="1000" k1="-0.0466" k2="-0.4433" k3="0.1303"/>
            <vignetting model="pa" focal="63.2" aperture="8" distance="10" k1="-0.1943" k2="0.0410" k3="-0.0102"/>
            <vignetting model="pa" focal="63.2" aperture="8" distance="1000" k1="-0.1943" k2="0.0410" k3="-0.0102"/>
            <vignetting model="pa" focal="63.2" aperture="11" distance="10" k1="-0.1952" k2="0.0373" k3="-0.0041"/>
            <vignetting model="pa" focal="63.2" aperture="11" distance="1000" k1="-0.1952" k2="0.0373" k3="-0.0041"/>
            <vignetting model="pa" focal="63.2" aperture="16" distance="10" k1="-0.1963" k2="0.0381" k3="-0.0037"/>
            <vignetting model="pa" focal="63.2" aperture="16" distance="1000" k1="-0.1963" k2="0.0381" k3="-0.0037"/>
            <vignetting model="pa" focal="63.2" aperture="22" distance="10" k1="-0.2109" k2="0.0707" k3="-0.0253"/>
            <vignetting model="pa" focal="63.2" aperture="22" distance="1000" k1="-0.2109" k2="0.0707" k3="-0.0253"/>
            <vignetting model="pa" focal="95.4" aperture="5.4" distance="10" k1="-0.2328" k2="-0.7301" k3="0.5121"/>
            <vignetting model="pa" focal="95.4" aperture="5.4" distance="1000" k1="-0.2328" k2="-0.7301" k3="0.5121"/>
            <vignetting model="pa" focal="95.4" aperture="5.6" distance="10" k1="-0.0398" k2="-0.7432" k3="0.4136"/>
            <vignetting model="pa" focal="95.4" aperture="5.6" distance="1000" k1="-0.0398" k2="-0.7432" k3="0.4136"/>
            <vignetting model="pa" focal="95.4" aperture="8" distance="10" k1="-0.1912" k2="0.1743" k3="-0.1720"/>
            <vignetting model="pa" focal="95.4" aperture="8" distance="1000" k1="-0.1912" k2="0.1743" k3="-0.1720"/>
            <vignetting model="pa" focal="95.4" aperture="11" distance="10" k1="-0.1824" k2="0.0825" k3="-0.0324"/>
            <vignetting model="pa" focal="95.4" aperture="11" distance="1000" k1="-0.1824" k2="0.0825" k3="-0.0324"/>
            <vignetting model="pa" focal="95.4" aperture="16" distance="10" k1="-0.1852" k2="0.0889" k3="-0.0363"/>
            <vignetting model="pa" focal="95.4" aperture="16" distance="1000" k1="-0.1852" k2="0.0889" k3="-0.0363"/>
            <vignetting model="pa" focal="95.4" aperture="22" distance="10" k1="-0.1732" k2="0.0609" k3="-0.0185"/>
            <vignetting model="pa" focal="95.4" aperture="22" distance="1000" k1="-0.1732" k2="0.0609" k3="-0.0185"/>
            <vignetting model="pa" focal="127.9" aperture="5.8" distance="10" k1="-0.0938" k2="-0.9267" k3="0.5128"/>
            <vignetting model="pa" focal="127.9" aperture="5.8" distance="1000" k1="-0.0938" k2="-0.9267" k3="0.5128"/>
            <vignetting model="pa" focal="127.9" aperture="8" distance="10" k1="-0.1421" k2="0.1737" k3="-0.2982"/>
            <vignetting model="pa" focal="127.9" aperture="8" distance="1000" k1="-0.1421" k2="0.1737" k3="-0.2982"/>
            <vignetting model="pa" focal="127.9" aperture="11" distance="10" k1="-0.1462" k2="0.0739" k3="-0.0333"/>
            <vignetting model="pa" focal="127.9" aperture="11" distance="1000" k1="-0.1462" k2="0.0739" k3="-0.0333"/>
            <vignetting model="pa" focal="127.9" aperture="16" distance="10" k1="-0.1475" k2="0.0729" k3="-0.0295"/>
            <vignetting model="pa" focal="127.9" aperture="16" distance="1000" k1="-0.1475" k2="0.0729" k3="-0.0295"/>
            <vignetting model="pa" focal="127.9" aperture="22" distance="10" k1="-0.1377" k2="0.0528" k3="-0.0179"/>
            <vignetting model="pa" focal="127.9" aperture="22" distance="1000" k1="-0.1377" k2="0.0528" k3="-0.0179"/>
            <vignetting model="pa" focal="171.6" aperture="6.4" distance="10" k1="0.1066" k2="-1.6998" k3="1.0146"/>
            <vignetting model="pa" focal="171.6" aperture="6.4" distance="1000" k1="0.1066" k2="-1.6998" k3="1.0146"/>
            <vignetting model="pa" focal="171.6" aperture="8" distance="10" k1="0.1683" k2="-0.8557" k3="0.2474"/>
            <vignetting model="pa" focal="171.6" aperture="8" distance="1000" k1="0.1683" k2="-0.8557" k3="0.2474"/>
            <vignetting model="pa" focal="171.6" aperture="11" distance="10" k1="-0.2061" k2="0.4193" k3="-0.3749"/>
            <vignetting model="pa" focal="171.6" aperture="11" distance="1000" k1="-0.2061" k2="0.4193" k3="-0.3749"/>
            <vignetting model="pa" focal="171.6" aperture="16" distance="10" k1="-0.1209" k2="0.0637" k3="-0.0283"/>
            <vignetting model="pa" focal="171.6" aperture="16" distance="1000" k1="-0.1209" k2="0.0637" k3="-0.0283"/>
            <vignetting model="pa" focal="171.6" aperture="22" distance="10" k1="-0.1230" k2="0.0678" k3="-0.0306"/>
            <vignetting model="pa" focal="171.6" aperture="22" distance="1000" k1="-0.1230" k2="0.0678" k3="-0.0306"/>
            <vignetting model="pa" focal="230" aperture="6.7" distance="10" k1="-0.4666" k2="-0.5099" k3="0.3285"/>
            <vignetting model="pa" focal="230" aperture="6.7" distance="1000" k1="-0.4666" k2="-0.5099" k3="0.3285"/>
            <vignetting model="pa" focal="230" aperture="8" distance="10" k1="0.0351" k2="-0.9080" k3="0.3734"/>
            <vignetting model="pa" focal="230" aperture="8" distance="1000" k1="0.0351" k2="-0.9080" k3="0.3734"/>
            <vignetting model="pa" focal="230" aperture="11" distance="10" k1="-0.1290" k2="0.2248" k3="-0.3407"/>
            <vignetting model="pa" focal="230" aperture="11" distance="1000" k1="-0.1290" k2="0.2248" k3="-0.3407"/>
            <vignetting model="pa" focal="230" aperture="16" distance="10" k1="-0.1270" k2="0.0993" k3="-0.0612"/>
            <vignetting model="pa" focal="230" aperture="16" distance="1000" k1="-0.1270" k2="0.0993" k3="-0.0612"/>
            <vignetting model="pa" focal="230" aperture="22" distance="10" k1="-0.1088" k2="0.0432" k3="-0.0165"/>
            <vignetting model="pa" focal="230" aperture="22" distance="1000" k1="-0.1088" k2="0.0432" k3="-0.0165"/>
        </calibration>
    </lens>
    <lens>
        <maker>Fujifilm</maker>
        <model>XC50-230mmF4.5-6.7 OIS II</model>
        <model lang="en">XC 50-230mm f/4.5-6.7 OIS II</model>
        <mount>Fujifilm X</mount>
        <cropfactor>1.529</cropfactor>
        <calibration>
            <!-- Taken with Fujifilm X-A2 -->
            <vignetting model="pa" focal="50" aperture="4.5" distance="10" k1="-0.2704" k2="-1.2793" k3="0.9014"/>
            <vignetting model="pa" focal="50" aperture="4.5" distance="1000" k1="-0.2704" k2="-1.2793" k3="0.9014"/>
            <vignetting model="pa" focal="50" aperture="5.6" distance="10" k1="0.0210" k2="-0.9425" k3="0.4102"/>
            <vignetting model="pa" focal="50" aperture="5.6" distance="1000" k1="0.0210" k2="-0.9425" k3="0.4102"/>
            <vignetting model="pa" focal="50" aperture="8" distance="10" k1="-0.2687" k2="0.2264" k3="-0.3177"/>
            <vignetting model="pa" focal="50" aperture="8" distance="1000" k1="-0.2687" k2="0.2264" k3="-0.3177"/>
            <vignetting model="pa" focal="50" aperture="11" distance="10" k1="-0.3051" k2="0.2454" k3="-0.1803"/>
            <vignetting model="pa" focal="50" aperture="11" distance="1000" k1="-0.3051" k2="0.2454" k3="-0.1803"/>
            <vignetting model="pa" focal="50" aperture="16" distance="10" k1="-0.2491" k2="0.0475" k3="-0.0056"/>
            <vignetting model="pa" focal="50" aperture="16" distance="1000" k1="-0.2491" k2="0.0475" k3="-0.0056"/>
            <vignetting model="pa" focal="50" aperture="22" distance="10" k1="-0.2473" k2="0.0432" k3="-0.0023"/>
            <vignetting model="pa" focal="50" aperture="22" distance="1000" k1="-0.2473" k2="0.0432" k3="-0.0023"/>
            <vignetting model="pa" focal="67.1" aperture="4.8" distance="10" k1="-0.2709" k2="-0.8927" k3="0.6304"/>
            <vignetting model="pa" focal="67.1" aperture="4.8" distance="1000" k1="-0.2709" k2="-0.8927" k3="0.6304"/>
            <vignetting model="pa" focal="67.1" aperture="5.6" distance="10" k1="-0.0467" k2="-0.5184" k3="0.1808"/>
            <vignetting model="pa" focal="67.1" aperture="5.6" distance="1000" k1="-0.0467" k2="-0.5184" k3="0.1808"/>
            <vignetting model="pa" focal="67.1" aperture="8" distance="10" k1="-0.2047" k2="0.0286" k3="0.0021"/>
            <vignetting model="pa" focal="67.1" aperture="8" distance="1000" k1="-0.2047" k2="0.0286" k3="0.0021"/>
            <vignetting model="pa" focal="67.1" aperture="11" distance="10" k1="-0.2061" k2="0.0339" k3="-0.0017"/>
            <vignetting model="pa" focal="67.1" aperture="11" distance="1000" k1="-0.2061" k2="0.0339" k3="-0.0017"/>
            <vignetting model="pa" focal="67.1" aperture="16" distance="10" k1="-0.2083" k2="0.0374" k3="-0.0029"/>
            <vignetting model="pa" focal="67.1" aperture="16" distance="1000" k1="-0.2083" k2="0.0374" k3="-0.0029"/>
            <vignetting model="pa" focal="67.1" aperture="22" distance="10" k1="-0.2081" k2="0.0383" k3="-0.0032"/>
            <vignetting model="pa" focal="67.1" aperture="22" distance="1000" k1="-0.2081" k2="0.0383" k3="-0.0032"/>
            <vignetting model="pa" focal="95.4" aperture="5.4" distance="10" k1="-0.2426" k2="-0.7319" k3="0.5151"/>
            <vignetting model="pa" focal="95.4" aperture="5.4" distance="1000" k1="-0.2426" k2="-0.7319" k3="0.5151"/>
            <vignetting model="pa" focal="95.4" aperture="5.6" distance="10" k1="-0.0398" k2="-0.7879" k3="0.4440"/>
            <vignetting model="pa" focal="95.4" aperture="5.6" distance="1000" k1="-0.0398" k2="-0.7879" k3="0.4440"/>
            <vignetting model="pa" focal="95.4" aperture="8" distance="10" k1="-0.1840" k2="0.1628" k3="-0.1674"/>
            <vignetting model="pa" focal="95.4" aperture="8" distance="1000" k1="-0.1840" k2="0.1628" k3="-0.1674"/>
            <vignetting model="pa" focal="95.4" aperture="11" distance="10" k1="-0.1685" k2="0.0479" k3="-0.0147"/>
            <vignetting model="pa" focal="95.4" aperture="11" distance="1000" k1="-0.1685" k2="0.0479" k3="-0.0147"/>
            <vignetting model="pa" focal="95.4" aperture="16" distance="10" k1="-0.1720" k2="0.0527" k3="-0.0158"/>
            <vignetting model="pa" focal="95.4" aperture="16" distance="1000" k1="-0.1720" k2="0.0527" k3="-0.0158"/>
            <vignetting model="pa" focal="95.4" aperture="22" distance="10" k1="-0.1667" k2="0.0388" k3="-0.0059"/>
            <vignetting model="pa" focal="95.4" aperture="22" distance="1000" k1="-0.1667" k2="0.0388" k3="-0.0059"/>
            <vignetting model="pa" focal="152.6" aperture="6.2" distance="10" k1="0.0579" k2="-1.4403" k3="0.8283"/>
            <vignetting model="pa" focal="152.6" aperture="6.2" distance="1000" k1="0.0579" k2="-1.4403" k3="0.8283"/>
            <vignetting model="pa" focal="152.6" aperture="8" distance="10" k1="-0.0975" k2="0.1577" k3="-0.3786"/>
            <vignetting model="pa" focal="152.6" aperture="8" distance="1000" k1="-0.0975" k2="0.1577" k3="-0.3786"/>
            <vignetting model="pa" focal="152.6" aperture="11" distance="10" k1="-0.1294" k2="0.0894" k3="-0.0608"/>
            <vignetting model="pa" focal="152.6" aperture="11" distance="1000" k1="-0.1294" k2="0.0894" k3="-0.0608"/>
            <vignetting model="pa" focal="152.6" aperture="16" distance="10" k1="-0.1264" k2="0.0621" k3="-0.0284"/>
            <vignetting model="pa" focal="152.6" aperture="16" distance="1000" k1="-0.1264" k2="0.0621" k3="-0.0284"/>
            <vignetting model="pa" focal="152.6" aperture="22" distance="10" k1="-0.1157" k2="0.0414" k3="-0.0159"/>
            <vignetting model="pa" focal="152.6" aperture="22" distance="1000" k1="-0.1157" k2="0.0414" k3="-0.0159"/>
            <vignetting model="pa" focal="230" aperture="6.7" distance="10" k1="-0.4766" k2="-0.4936" k3="0.3169"/>
            <vignetting model="pa" focal="230" aperture="6.7" distance="1000" k1="-0.4766" k2="-0.4936" k3="0.3169"/>
            <vignetting model="pa" focal="230" aperture="8" distance="10" k1="0.0398" k2="-0.9033" k3="0.3624"/>
            <vignetting model="pa" focal="230" aperture="8" distance="1000" k1="0.0398" k2="-0.9033" k3="0.3624"/>
            <vignetting model="pa" focal="230" aperture="11" distance="10" k1="-0.0988" k2="0.1521" k3="-0.3191"/>
            <vignetting model="pa" focal="230" aperture="11" distance="1000" k1="-0.0988" k2="0.1521" k3="-0.3191"/>
            <vignetting model="pa" focal="230" aperture="16" distance="10" k1="-0.1202" k2="0.0960" k3="-0.0680"/>
            <vignetting model="pa" focal="230" aperture="16" distance="1000" k1="-0.1202" k2="0.0960" k3="-0.0680"/>
            <vignetting model="pa" focal="230" aperture="22" distance="10" k1="-0.0982" k2="0.0290" k3="-0.0130"/>
            <vignetting model="pa" focal="230" aperture="22" distance="1000" k1="-0.0982" k2="0.0290" k3="-0.0130"/>
        </calibration>
    </lens>
    <lens>
        <maker>Fujifilm</maker>
        <model>XF55-200mmF3.5-4.8 R LM OIS</model>
        <model lang="en">XF 55-200mm f/3.5-4.8 R LM OIS</model>
        <mount>Fujifilm X</mount>
        <cropfactor>1.529</cropfactor>
        <calibration>
            <!-- Taken with X-E2 -->
            <distortion model="poly3" focal="55" k1="0.00464"/>
            <distortion model="poly3" focal="67.1" k1="0.00754"/>
            <distortion model="poly3" focal="86" k1="0.00912"/>
            <distortion model="poly3" focal="156.1" k1="0.01009"/>
            <distortion model="poly3" focal="200" k1="0.00926"/>
            <tca model="poly3" focal="55" br="-0.0000979" vr="1.0002600" bb="0.0000512" vb="0.9999442"/>
            <tca model="poly3" focal="81.9" br="-0.0000791" vr="1.0001593" bb="0.0000312" vb="0.9999369"/>
            <tca model="poly3" focal="104.9" br="-0.0000138" vr="1.0000328" bb="0.0000383" vb="0.9998767"/>
            <tca model="poly3" focal="134.5" br="-0.0000322" vr="1.0000360" bb="0.0000025" vb="0.9999154"/>
            <tca model="poly3" focal="164" br="-0.0000368" vr="0.9999711" bb="-0.0000173" vb="0.9999506"/>
            <tca model="poly3" focal="200" br="-0.0000028" vr="0.9998289" bb="-0.0000235" vb="0.9999706"/>
            <!-- Taken with Fujifilm X-T1 -->
            <vignetting model="pa" focal="55" aperture="3.5" distance="10" k1="-0.5492" k2="-0.1769" k3="0.1260"/>
            <vignetting model="pa" focal="55" aperture="3.5" distance="1000" k1="-0.5492" k2="-0.1769" k3="0.1260"/>
            <vignetting model="pa" focal="55" aperture="4" distance="10" k1="-0.2141" k2="-0.4327" k3="0.1289"/>
            <vignetting model="pa" focal="55" aperture="4" distance="1000" k1="-0.2141" k2="-0.4327" k3="0.1289"/>
            <vignetting model="pa" focal="55" aperture="5.6" distance="10" k1="-0.3368" k2="0.4542" k3="-0.4484"/>
            <vignetting model="pa" focal="55" aperture="5.6" distance="1000" k1="-0.3368" k2="0.4542" k3="-0.4484"/>
            <vignetting model="pa" focal="55" aperture="8" distance="10" k1="-0.2919" k2="0.1993" k3="-0.1359"/>
            <vignetting model="pa" focal="55" aperture="8" distance="1000" k1="-0.2919" k2="0.1993" k3="-0.1359"/>
            <vignetting model="pa" focal="55" aperture="11" distance="10" k1="-0.2636" k2="0.0840" k3="-0.0294"/>
            <vignetting model="pa" focal="55" aperture="11" distance="1000" k1="-0.2636" k2="0.0840" k3="-0.0294"/>
            <vignetting model="pa" focal="55" aperture="16" distance="10" k1="-0.2582" k2="0.0685" k3="-0.0184"/>
            <vignetting model="pa" focal="55" aperture="16" distance="1000" k1="-0.2582" k2="0.0685" k3="-0.0184"/>
            <vignetting model="pa" focal="55" aperture="22" distance="10" k1="-0.2640" k2="0.0802" k3="-0.0246"/>
            <vignetting model="pa" focal="55" aperture="22" distance="1000" k1="-0.2640" k2="0.0802" k3="-0.0246"/>
            <vignetting model="pa" focal="70.5" aperture="3.7" distance="10" k1="-0.5783" k2="-0.0814" k3="0.0968"/>
            <vignetting model="pa" focal="70.5" aperture="3.7" distance="1000" k1="-0.5783" k2="-0.0814" k3="0.0968"/>
            <vignetting model="pa" focal="70.5" aperture="4" distance="10" k1="-0.2549" k2="-0.3636" k3="0.1405"/>
            <vignetting model="pa" focal="70.5" aperture="4" distance="1000" k1="-0.2549" k2="-0.3636" k3="0.1405"/>
            <vignetting model="pa" focal="70.5" aperture="5.6" distance="10" k1="-0.2990" k2="0.4306" k3="-0.4454"/>
            <vignetting model="pa" focal="70.5" aperture="5.6" distance="1000" k1="-0.2990" k2="0.4306" k3="-0.4454"/>
            <vignetting model="pa" focal="70.5" aperture="8" distance="10" k1="-0.2985" k2="0.2983" k3="-0.2079"/>
            <vignetting model="pa" focal="70.5" aperture="8" distance="1000" k1="-0.2985" k2="0.2983" k3="-0.2079"/>
            <vignetting model="pa" focal="70.5" aperture="11" distance="10" k1="-0.2444" k2="0.1053" k3="-0.0392"/>
            <vignetting model="pa" focal="70.5" aperture="11" distance="1000" k1="-0.2444" k2="0.1053" k3="-0.0392"/>
            <vignetting model="pa" focal="70.5" aperture="16" distance="10" k1="-0.2636" k2="0.1435" k3="-0.0602"/>
            <vignetting model="pa" focal="70.5" aperture="16" distance="1000" k1="-0.2636" k2="0.1435" k3="-0.0602"/>
            <vignetting model="pa" focal="70.5" aperture="22" distance="10" k1="-0.2503" k2="0.1065" k3="-0.0355"/>
            <vignetting model="pa" focal="70.5" aperture="22" distance="1000" k1="-0.2503" k2="0.1065" k3="-0.0355"/>
            <vignetting model="pa" focal="99.8" aperture="4" distance="10" k1="-0.4793" k2="-0.3109" k3="0.1994"/>
            <vignetting model="pa" focal="99.8" aperture="4" distance="1000" k1="-0.4793" k2="-0.3109" k3="0.1994"/>
            <vignetting model="pa" focal="99.8" aperture="5.6" distance="10" k1="-0.1900" k2="0.1171" k3="-0.2934"/>
            <vignetting model="pa" focal="99.8" aperture="5.6" distance="1000" k1="-0.1900" k2="0.1171" k3="-0.2934"/>
            <vignetting model="pa" focal="99.8" aperture="8" distance="10" k1="-0.3013" k2="0.4427" k3="-0.3427"/>
            <vignetting model="pa" focal="99.8" aperture="8" distance="1000" k1="-0.3013" k2="0.4427" k3="-0.3427"/>
            <vignetting model="pa" focal="99.8" aperture="11" distance="10" k1="-0.2354" k2="0.1593" k3="-0.0697"/>
            <vignetting model="pa" focal="99.8" aperture="11" distance="1000" k1="-0.2354" k2="0.1593" k3="-0.0697"/>
            <vignetting model="pa" focal="99.8" aperture="16" distance="10" k1="-0.2377" k2="0.1640" k3="-0.0729"/>
            <vignetting model="pa" focal="99.8" aperture="16" distance="1000" k1="-0.2377" k2="0.1640" k3="-0.0729"/>
            <vignetting model="pa" focal="99.8" aperture="22" distance="10" k1="-0.2312" k2="0.1563" k3="-0.0725"/>
            <vignetting model="pa" focal="99.8" aperture="22" distance="1000" k1="-0.2312" k2="0.1563" k3="-0.0725"/>
            <vignetting model="pa" focal="134.5" aperture="4.4" distance="10" k1="-0.3370" k2="-1.1017" k3="0.7855"/>
            <vignetting model="pa" focal="134.5" aperture="4.4" distance="1000" k1="-0.3370" k2="-1.1017" k3="0.7855"/>
            <vignetting model="pa" focal="134.5" aperture="5.6" distance="10" k1="0.1184" k2="-1.0776" k3="0.4486"/>
            <vignetting model="pa" focal="134.5" aperture="5.6" distance="1000" k1="0.1184" k2="-1.0776" k3="0.4486"/>
            <vignetting model="pa" focal="134.5" aperture="8" distance="10" k1="-0.3403" k2="0.7246" k3="-0.6513"/>
            <vignetting model="pa" focal="134.5" aperture="8" distance="1000" k1="-0.3403" k2="0.7246" k3="-0.6513"/>
            <vignetting model="pa" focal="134.5" aperture="11" distance="10" k1="-0.2257" k2="0.1999" k3="-0.1028"/>
            <vignetting model="pa" focal="134.5" aperture="11" distance="1000" k1="-0.2257" k2="0.1999" k3="-0.1028"/>
            <vignetting model="pa" focal="134.5" aperture="16" distance="10" k1="-0.2296" k2="0.2077" k3="-0.1079"/>
            <vignetting model="pa" focal="134.5" aperture="16" distance="1000" k1="-0.2296" k2="0.2077" k3="-0.1079"/>
            <vignetting model="pa" focal="134.5" aperture="22" distance="10" k1="-0.2331" k2="0.2183" k3="-0.1163"/>
            <vignetting model="pa" focal="134.5" aperture="22" distance="1000" k1="-0.2331" k2="0.2183" k3="-0.1163"/>
            <vignetting model="pa" focal="200" aperture="4.8" distance="10" k1="-0.8506" k2="0.0745" k3="0.0981"/>
            <vignetting model="pa" focal="200" aperture="4.8" distance="1000" k1="-0.8506" k2="0.0745" k3="0.0981"/>
            <vignetting model="pa" focal="200" aperture="5.6" distance="10" k1="-0.2911" k2="-0.7717" k3="0.4672"/>
            <vignetting model="pa" focal="200" aperture="5.6" distance="1000" k1="-0.2911" k2="-0.7717" k3="0.4672"/>
            <vignetting model="pa" focal="200" aperture="8" distance="10" k1="-0.1963" k2="0.3035" k3="-0.4623"/>
            <vignetting model="pa" focal="200" aperture="8" distance="1000" k1="-0.1963" k2="0.3035" k3="-0.4623"/>
            <vignetting model="pa" focal="200" aperture="11" distance="10" k1="-0.2417" k2="0.2950" k3="-0.1829"/>
            <vignetting model="pa" focal="200" aperture="11" distance="1000" k1="-0.2417" k2="0.2950" k3="-0.1829"/>
            <vignetting model="pa" focal="200" aperture="16" distance="10" k1="-0.2334" k2="0.2564" k3="-0.1456"/>
            <vignetting model="pa" focal="200" aperture="16" distance="1000" k1="-0.2334" k2="0.2564" k3="-0.1456"/>
            <vignetting model="pa" focal="200" aperture="22" distance="10" k1="-0.2272" k2="0.2404" k3="-0.1342"/>
            <vignetting model="pa" focal="200" aperture="22" distance="1000" k1="-0.2272" k2="0.2404" k3="-0.1342"/>
        </calibration>
    </lens>
    <lens>
        <maker>Fujifilm</maker>
        <model>XF27mmF2.8</model>
        <model lang="en">XF 27mm f/2.8</model>
        <mount>Fujifilm X</mount>
        <cropfactor>1.529</cropfactor>
        <calibration>
            <!-- Taken with X-A1 -->
            <distortion model="poly3" focal="27" k1="-0.00621"/>
            <tca model="poly3" focal="27" vr="0.999996" vb="1.00002"/>
            <!-- Taken with Fujifilm X-T1 -->
            <vignetting model="pa" focal="27" aperture="2.8" distance="10" k1="-0.9412" k2="0.1158" k3="0.1433"/>
            <vignetting model="pa" focal="27" aperture="2.8" distance="1000" k1="-0.9412" k2="0.1158" k3="0.1433"/>
            <vignetting model="pa" focal="27" aperture="4" distance="10" k1="-0.3815" k2="-0.0002" k3="-0.0924"/>
            <vignetting model="pa" focal="27" aperture="4" distance="1000" k1="-0.3815" k2="-0.0002" k3="-0.0924"/>
            <vignetting model="pa" focal="27" aperture="5.6" distance="10" k1="-0.5174" k2="0.4132" k3="-0.2336"/>
            <vignetting model="pa" focal="27" aperture="5.6" distance="1000" k1="-0.5174" k2="0.4132" k3="-0.2336"/>
            <vignetting model="pa" focal="27" aperture="8" distance="10" k1="-0.4814" k2="0.2629" k3="-0.0925"/>
            <vignetting model="pa" focal="27" aperture="8" distance="1000" k1="-0.4814" k2="0.2629" k3="-0.0925"/>
            <vignetting model="pa" focal="27" aperture="11" distance="10" k1="-0.4844" k2="0.2659" k3="-0.0926"/>
            <vignetting model="pa" focal="27" aperture="11" distance="1000" k1="-0.4844" k2="0.2659" k3="-0.0926"/>
            <vignetting model="pa" focal="27" aperture="16" distance="10" k1="-0.4938" k2="0.2759" k3="-0.0978"/>
            <vignetting model="pa" focal="27" aperture="16" distance="1000" k1="-0.4938" k2="0.2759" k3="-0.0978"/>
        </calibration>
    </lens>
    <lens>
        <maker>Fujifilm</maker>
        <model>XF18mmF2 R</model>
        <model lang="en">XF 18mm f/2 R</model>
        <mount>Fujifilm X</mount>
        <cropfactor>1.529</cropfactor>
        <calibration>
            <!-- Taken with X-Pro1 -->
            <distortion model="ptlens" focal="18" a="-0.01002" b="0.01206" c="-0.03947"/>
            <tca model="poly3" focal="18" br="-0.0000854" vr="1.0003786" bb="0.0002872" vb="0.9999238"/>
        </calibration>
    </lens>
    <lens>
        <maker>Fujifilm</maker>
        <model>XF35mmF1.4 R</model>
        <model lang="en">XF 35mm f/1.4 R</model>
        <mount>Fujifilm X</mount>
        <cropfactor>1.529</cropfactor>
        <calibration>
            <!-- Taken with X-Pro1 -->
            <distortion model="ptlens" focal="35" a="0.00729" b="-0.02422" c="0.02113"/>
            <tca model="poly3" focal="35" vr="1.0001" vb="0.9999"/>
            <!-- Taken with Fujifilm X-T1 -->
            <vignetting model="pa" focal="35" aperture="1.4" distance="10" k1="-1.4164" k2="1.3668" k3="-0.6236"/>
            <vignetting model="pa" focal="35" aperture="1.4" distance="1000" k1="-1.4164" k2="1.3668" k3="-0.6236"/>
            <vignetting model="pa" focal="35" aperture="2" distance="10" k1="-0.1860" k2="-0.4906" k3="0.1979"/>
            <vignetting model="pa" focal="35" aperture="2" distance="1000" k1="-0.1860" k2="-0.4906" k3="0.1979"/>
            <vignetting model="pa" focal="35" aperture="2.8" distance="10" k1="-0.3832" k2="0.3788" k3="-0.3333"/>
            <vignetting model="pa" focal="35" aperture="2.8" distance="1000" k1="-0.3832" k2="0.3788" k3="-0.3333"/>
            <vignetting model="pa" focal="35" aperture="4" distance="10" k1="-0.3449" k2="0.1600" k3="-0.0807"/>
            <vignetting model="pa" focal="35" aperture="4" distance="1000" k1="-0.3449" k2="0.1600" k3="-0.0807"/>
            <vignetting model="pa" focal="35" aperture="5.6" distance="10" k1="-0.3384" k2="0.1392" k3="-0.0637"/>
            <vignetting model="pa" focal="35" aperture="5.6" distance="1000" k1="-0.3384" k2="0.1392" k3="-0.0637"/>
            <vignetting model="pa" focal="35" aperture="8" distance="10" k1="-0.3506" k2="0.1689" k3="-0.0838"/>
            <vignetting model="pa" focal="35" aperture="8" distance="1000" k1="-0.3506" k2="0.1689" k3="-0.0838"/>
            <vignetting model="pa" focal="35" aperture="11" distance="10" k1="-0.3582" k2="0.1811" k3="-0.0907"/>
            <vignetting model="pa" focal="35" aperture="11" distance="1000" k1="-0.3582" k2="0.1811" k3="-0.0907"/>
            <vignetting model="pa" focal="35" aperture="16" distance="10" k1="-0.3614" k2="0.1864" k3="-0.0939"/>
            <vignetting model="pa" focal="35" aperture="16" distance="1000" k1="-0.3614" k2="0.1864" k3="-0.0939"/>
        </calibration>
    </lens>
    <lens>
        <maker>Fujifilm</maker>
        <model>XF60mmF2.4 R Macro</model>
        <model lang="en">XF 60mm f/2.4 R Macro</model>
        <mount>Fujifilm X</mount>
        <cropfactor>1.529</cropfactor>
        <calibration>
            <!-- Taken with X-E2 -->
            <distortion model="poly3" focal="60" k1="0.00913"/>
            <tca model="poly3" focal="60" br="0.0000295" vr="0.9999431" bb="-0.0000805" vb="0.9999333"/>
            <!-- Taken with Fujifilm X-T1 -->
            <vignetting model="pa" focal="60" aperture="2.4" distance="10" k1="-0.7658" k2="0.2728" k3="-0.0025"/>
            <vignetting model="pa" focal="60" aperture="2.4" distance="1000" k1="-0.7658" k2="0.2728" k3="-0.0025"/>
            <vignetting model="pa" focal="60" aperture="2.8" distance="10" k1="-0.2579" k2="-0.4737" k3="0.3315"/>
            <vignetting model="pa" focal="60" aperture="2.8" distance="1000" k1="-0.2579" k2="-0.4737" k3="0.3315"/>
            <vignetting model="pa" focal="60" aperture="4" distance="10" k1="-0.3073" k2="0.1245" k3="-0.0272"/>
            <vignetting model="pa" focal="60" aperture="4" distance="1000" k1="-0.3073" k2="0.1245" k3="-0.0272"/>
            <vignetting model="pa" focal="60" aperture="5.6" distance="10" k1="-0.3041" k2="0.1121" k3="-0.0187"/>
            <vignetting model="pa" focal="60" aperture="5.6" distance="1000" k1="-0.3041" k2="0.1121" k3="-0.0187"/>
            <vignetting model="pa" focal="60" aperture="8" distance="10" k1="-0.3094" k2="0.1193" k3="-0.0223"/>
            <vignetting model="pa" focal="60" aperture="8" distance="1000" k1="-0.3094" k2="0.1193" k3="-0.0223"/>
            <vignetting model="pa" focal="60" aperture="11" distance="10" k1="-0.3144" k2="0.1294" k3="-0.0281"/>
            <vignetting model="pa" focal="60" aperture="11" distance="1000" k1="-0.3144" k2="0.1294" k3="-0.0281"/>
            <vignetting model="pa" focal="60" aperture="16" distance="10" k1="-0.3159" k2="0.1292" k3="-0.0272"/>
            <vignetting model="pa" focal="60" aperture="16" distance="1000" k1="-0.3159" k2="0.1292" k3="-0.0272"/>
            <vignetting model="pa" focal="60" aperture="22" distance="10" k1="-0.3205" k2="0.1341" k3="-0.0290"/>
            <vignetting model="pa" focal="60" aperture="22" distance="1000" k1="-0.3205" k2="0.1341" k3="-0.0290"/>
        </calibration>
    </lens>
    <lens>
        <maker>Fujifilm</maker>
        <model>XF23mmF1.4 R</model>
        <model lang="en">XF 23mm f/1.4 R</model>
        <mount>Fujifilm X</mount>
        <cropfactor>1.529</cropfactor>
        <calibration>
            <!-- Taken with X-E2 -->
            <distortion model="ptlens" focal="23" a="0.00331" b="-0.0094" c="0.00784"/>
            <tca model="poly3" focal="23" vr="1.0002" vb="1.0001"/>
            <!-- Taken with Fujifilm X-T1 -->
            <vignetting model="pa" focal="23" aperture="1.4" distance="10" k1="-1.5441" k2="1.4339" k3="-0.6158"/>
            <vignetting model="pa" focal="23" aperture="1.4" distance="1000" k1="-1.5441" k2="1.4339" k3="-0.6158"/>
            <vignetting model="pa" focal="23" aperture="2" distance="10" k1="-0.4114" k2="-0.3383" k3="0.1718"/>
            <vignetting model="pa" focal="23" aperture="2" distance="1000" k1="-0.4114" k2="-0.3383" k3="0.1718"/>
            <vignetting model="pa" focal="23" aperture="2.8" distance="10" k1="-0.5922" k2="0.3908" k3="-0.2007"/>
            <vignetting model="pa" focal="23" aperture="2.8" distance="1000" k1="-0.5922" k2="0.3908" k3="-0.2007"/>
            <vignetting model="pa" focal="23" aperture="4" distance="10" k1="-0.5682" k2="0.2531" k3="-0.0551"/>
            <vignetting model="pa" focal="23" aperture="4" distance="1000" k1="-0.5682" k2="0.2531" k3="-0.0551"/>
            <vignetting model="pa" focal="23" aperture="5.6" distance="10" k1="-0.5708" k2="0.2595" k3="-0.0611"/>
            <vignetting model="pa" focal="23" aperture="5.6" distance="1000" k1="-0.5708" k2="0.2595" k3="-0.0611"/>
            <vignetting model="pa" focal="23" aperture="8" distance="10" k1="-0.5748" k2="0.2653" k3="-0.0647"/>
            <vignetting model="pa" focal="23" aperture="8" distance="1000" k1="-0.5748" k2="0.2653" k3="-0.0647"/>
            <vignetting model="pa" focal="23" aperture="11" distance="10" k1="-0.5711" k2="0.2509" k3="-0.0545"/>
            <vignetting model="pa" focal="23" aperture="11" distance="1000" k1="-0.5711" k2="0.2509" k3="-0.0545"/>
            <vignetting model="pa" focal="23" aperture="16" distance="10" k1="-0.5706" k2="0.2446" k3="-0.0513"/>
            <vignetting model="pa" focal="23" aperture="16" distance="1000" k1="-0.5706" k2="0.2446" k3="-0.0513"/>
        </calibration>
    </lens>
    <lens>
        <maker>Fujifilm</maker>
        <model>XC16-50mmF3.5-5.6 OIS II</model>
        <model lang="en">XC 16-50mm f/3.5-5.6 OIS II</model>
        <mount>Fujifilm X</mount>
        <cropfactor>1.529</cropfactor>
        <calibration>
            <!-- Taken with Fujifilm X-A2 -->
            <distortion model="ptlens" focal="16" a="0.02234" b="-0.0861" c="0.01689"/>
            <distortion model="ptlens" focal="23.2" a="0.01026" b="-0.04209" c="0.0245"/>
            <distortion model="ptlens" focal="29.5" a="0.00387" b="-0.01658" c="0.00911"/>
            <distortion model="ptlens" focal="35.5" a="0" b="-0.00122" c="0"/>
            <distortion model="ptlens" focal="50" a="0" b="0.00373" c="0"/>
            <tca model="poly3" focal="16" vr="1.0006" vb="1.0005"/>
            <tca model="poly3" focal="23.2" vr="1.0006" vb="1.0006"/>
            <tca model="poly3" focal="29.5" vr="1.0004" vb="1.0003"/>
            <tca model="poly3" focal="35.5" vr="1.0003" vb="1.0000"/>
            <tca model="poly3" focal="50" vr="1.0002" vb="0.9993"/>
            <vignetting model="pa" focal="16" aperture="3.5" distance="10" k1="-1.2073" k2="1.2792" k3="-0.7009"/>
            <vignetting model="pa" focal="16" aperture="3.5" distance="1000" k1="-1.2073" k2="1.2792" k3="-0.7009"/>
            <vignetting model="pa" focal="16" aperture="4" distance="10" k1="-0.6322" k2="-0.0506" k3="0.1355"/>
            <vignetting model="pa" focal="16" aperture="4" distance="1000" k1="-0.6322" k2="-0.0506" k3="0.1355"/>
            <vignetting model="pa" focal="16" aperture="5.6" distance="10" k1="-0.1656" k2="-0.4944" k3="0.2248"/>
            <vignetting model="pa" focal="16" aperture="5.6" distance="1000" k1="-0.1656" k2="-0.4944" k3="0.2248"/>
            <vignetting model="pa" focal="16" aperture="8" distance="10" k1="-0.3436" k2="0.1263" k3="-0.1238"/>
            <vignetting model="pa" focal="16" aperture="8" distance="1000" k1="-0.3436" k2="0.1263" k3="-0.1238"/>
            <vignetting model="pa" focal="16" aperture="11" distance="10" k1="-0.3174" k2="-0.0032" k3="0.0116"/>
            <vignetting model="pa" focal="16" aperture="11" distance="1000" k1="-0.3174" k2="-0.0032" k3="0.0116"/>
            <vignetting model="pa" focal="16" aperture="16" distance="10" k1="-0.3141" k2="-0.0106" k3="0.0159"/>
            <vignetting model="pa" focal="16" aperture="16" distance="1000" k1="-0.3141" k2="-0.0106" k3="0.0159"/>
            <vignetting model="pa" focal="16" aperture="22" distance="10" k1="-0.3256" k2="0.0116" k3="0.0011"/>
            <vignetting model="pa" focal="16" aperture="22" distance="1000" k1="-0.3256" k2="0.0116" k3="0.0011"/>
            <vignetting model="pa" focal="21.1" aperture="4" distance="10" k1="-1.0236" k2="1.0032" k3="-0.4551"/>
            <vignetting model="pa" focal="21.1" aperture="4" distance="1000" k1="-1.0236" k2="1.0032" k3="-0.4551"/>
            <vignetting model="pa" focal="21.1" aperture="5.6" distance="10" k1="-0.0884" k2="-0.6236" k3="0.3506"/>
            <vignetting model="pa" focal="21.1" aperture="5.6" distance="1000" k1="-0.0884" k2="-0.6236" k3="0.3506"/>
            <vignetting model="pa" focal="21.1" aperture="8" distance="10" k1="-0.2629" k2="0.1345" k3="-0.1264"/>
            <vignetting model="pa" focal="21.1" aperture="8" distance="1000" k1="-0.2629" k2="0.1345" k3="-0.1264"/>
            <vignetting model="pa" focal="21.1" aperture="11" distance="10" k1="-0.2490" k2="0.0471" k3="-0.0262"/>
            <vignetting model="pa" focal="21.1" aperture="11" distance="1000" k1="-0.2490" k2="0.0471" k3="-0.0262"/>
            <vignetting model="pa" focal="21.1" aperture="16" distance="10" k1="-0.2437" k2="0.0170" k3="0.0005"/>
            <vignetting model="pa" focal="21.1" aperture="16" distance="1000" k1="-0.2437" k2="0.0170" k3="0.0005"/>
            <vignetting model="pa" focal="21.1" aperture="22" distance="10" k1="-0.2583" k2="0.0507" k3="-0.0206"/>
            <vignetting model="pa" focal="21.1" aperture="22" distance="1000" k1="-0.2583" k2="0.0507" k3="-0.0206"/>
            <vignetting model="pa" focal="25.6" aperture="4.5" distance="10" k1="-0.9057" k2="0.9248" k3="-0.4344"/>
            <vignetting model="pa" focal="25.6" aperture="4.5" distance="1000" k1="-0.9057" k2="0.9248" k3="-0.4344"/>
            <vignetting model="pa" focal="25.6" aperture="5.6" distance="10" k1="-0.0975" k2="-0.5842" k3="0.3618"/>
            <vignetting model="pa" focal="25.6" aperture="5.6" distance="1000" k1="-0.0975" k2="-0.5842" k3="0.3618"/>
            <vignetting model="pa" focal="25.6" aperture="8" distance="10" k1="-0.2022" k2="0.1108" k3="-0.1116"/>
            <vignetting model="pa" focal="25.6" aperture="8" distance="1000" k1="-0.2022" k2="0.1108" k3="-0.1116"/>
            <vignetting model="pa" focal="25.6" aperture="11" distance="10" k1="-0.1875" k2="0.0102" k3="0.0053"/>
            <vignetting model="pa" focal="25.6" aperture="11" distance="1000" k1="-0.1875" k2="0.0102" k3="0.0053"/>
            <vignetting model="pa" focal="25.6" aperture="16" distance="10" k1="-0.1832" k2="0.0027" k3="0.0072"/>
            <vignetting model="pa" focal="25.6" aperture="16" distance="1000" k1="-0.1832" k2="0.0027" k3="0.0072"/>
            <vignetting model="pa" focal="25.6" aperture="22" distance="10" k1="-0.2000" k2="0.0355" k3="-0.0088"/>
            <vignetting model="pa" focal="25.6" aperture="22" distance="1000" k1="-0.2000" k2="0.0355" k3="-0.0088"/>
            <vignetting model="pa" focal="32.5" aperture="5" distance="10" k1="-0.8328" k2="0.8542" k3="-0.3972"/>
            <vignetting model="pa" focal="32.5" aperture="5" distance="1000" k1="-0.8328" k2="0.8542" k3="-0.3972"/>
            <vignetting model="pa" focal="32.5" aperture="5.6" distance="10" k1="-0.3345" k2="-0.1905" k3="0.1940"/>
            <vignetting model="pa" focal="32.5" aperture="5.6" distance="1000" k1="-0.3345" k2="-0.1905" k3="0.1940"/>
            <vignetting model="pa" focal="32.5" aperture="8" distance="10" k1="-0.1540" k2="0.0547" k3="-0.0939"/>
            <vignetting model="pa" focal="32.5" aperture="8" distance="1000" k1="-0.1540" k2="0.0547" k3="-0.0939"/>
            <vignetting model="pa" focal="32.5" aperture="11" distance="10" k1="-0.1409" k2="-0.0263" k3="0.0228"/>
            <vignetting model="pa" focal="32.5" aperture="11" distance="1000" k1="-0.1409" k2="-0.0263" k3="0.0228"/>
            <vignetting model="pa" focal="32.5" aperture="16" distance="10" k1="-0.1577" k2="0.0130" k3="-0.0008"/>
            <vignetting model="pa" focal="32.5" aperture="16" distance="1000" k1="-0.1577" k2="0.0130" k3="-0.0008"/>
            <vignetting model="pa" focal="32.5" aperture="22" distance="10" k1="-0.1699" k2="0.0351" k3="-0.0128"/>
            <vignetting model="pa" focal="32.5" aperture="22" distance="1000" k1="-0.1699" k2="0.0351" k3="-0.0128"/>
            <vignetting model="pa" focal="37.1" aperture="5.3" distance="10" k1="-0.7327" k2="0.7429" k3="-0.3463"/>
            <vignetting model="pa" focal="37.1" aperture="5.3" distance="1000" k1="-0.7327" k2="0.7429" k3="-0.3463"/>
            <vignetting model="pa" focal="37.1" aperture="5.6" distance="10" k1="-0.2963" k2="-0.1676" k3="0.1706"/>
            <vignetting model="pa" focal="37.1" aperture="5.6" distance="1000" k1="-0.2963" k2="-0.1676" k3="0.1706"/>
            <vignetting model="pa" focal="37.1" aperture="8" distance="10" k1="-0.1398" k2="0.0733" k3="-0.0810"/>
            <vignetting model="pa" focal="37.1" aperture="8" distance="1000" k1="-0.1398" k2="0.0733" k3="-0.0810"/>
            <vignetting model="pa" focal="37.1" aperture="11" distance="10" k1="-0.1208" k2="-0.0104" k3="0.0117"/>
            <vignetting model="pa" focal="37.1" aperture="11" distance="1000" k1="-0.1208" k2="-0.0104" k3="0.0117"/>
            <vignetting model="pa" focal="37.1" aperture="16" distance="10" k1="-0.1348" k2="0.0174" k3="-0.0038"/>
            <vignetting model="pa" focal="37.1" aperture="16" distance="1000" k1="-0.1348" k2="0.0174" k3="-0.0038"/>
            <vignetting model="pa" focal="37.1" aperture="22" distance="10" k1="-0.1418" k2="0.0273" k3="-0.0077"/>
            <vignetting model="pa" focal="37.1" aperture="22" distance="1000" k1="-0.1418" k2="0.0273" k3="-0.0077"/>
            <vignetting model="pa" focal="50" aperture="5.6" distance="10" k1="-0.7648" k2="1.2137" k3="-0.8982"/>
            <vignetting model="pa" focal="50" aperture="5.6" distance="1000" k1="-0.7648" k2="1.2137" k3="-0.8982"/>
            <vignetting model="pa" focal="50" aperture="8" distance="10" k1="-0.0800" k2="0.0144" k3="-0.1169"/>
            <vignetting model="pa" focal="50" aperture="8" distance="1000" k1="-0.0800" k2="0.0144" k3="-0.1169"/>
            <vignetting model="pa" focal="50" aperture="11" distance="10" k1="-0.0783" k2="-0.0246" k3="0.0066"/>
            <vignetting model="pa" focal="50" aperture="11" distance="1000" k1="-0.0783" k2="-0.0246" k3="0.0066"/>
            <vignetting model="pa" focal="50" aperture="16" distance="10" k1="-0.0879" k2="-0.0115" k3="0.0026"/>
            <vignetting model="pa" focal="50" aperture="16" distance="1000" k1="-0.0879" k2="-0.0115" k3="0.0026"/>
            <vignetting model="pa" focal="50" aperture="22" distance="10" k1="-0.0917" k2="-0.0093" k3="0.0035"/>
            <vignetting model="pa" focal="50" aperture="22" distance="1000" k1="-0.0917" k2="-0.0093" k3="0.0035"/>
        </calibration>
    </lens>
    <lens>
        <maker>Fujifilm</maker>
        <model>XF35mmF2 R WR</model>
        <model lang="en">XF 35mm f/2 WR</model>
        <mount>Fujifilm X</mount>
        <cropfactor>1.528</cropfactor>
        <calibration>
            <!-- Taken with Fujifilm X-Pro2 -->
            <distortion model="ptlens" focal="35" a="0.00956" b="-0.07057" c="0.07334"/>
            <!-- Taken with Fujifilm X-E2 -->
            <tca model="poly3" focal="35" vr="1.0000774" vb="0.9999724"/>
        </calibration>
    </lens>
    <lens>
        <maker>Fujifilm</maker>
        <model>XF14mmF2.8 R</model>
        <model lang="en">XF 14mm f/2.8 R</model>
        <mount>Fujifilm X</mount>
        <cropfactor>1.529</cropfactor>
        <calibration>
            <!-- Taken with Fujifilm X-T1 -->
            <distortion model="ptlens" focal="14" a="0.003995" b="-0.009534" c="0.002875"/>
            <tca model="poly3" focal="14" br="-0.0000566" vr="1.0002277" bb="0.0000255" vb="0.9999647"/>
            <vignetting model="pa" focal="14" aperture="2.8" distance="10" k1="-1.5144" k2="1.2334" k3="-0.4684"/>
            <vignetting model="pa" focal="14" aperture="2.8" distance="1000" k1="-1.5144" k2="1.2334" k3="-0.4684"/>
            <vignetting model="pa" focal="14" aperture="4" distance="10" k1="-0.8299" k2="0.1039" k3="0.0798"/>
            <vignetting model="pa" focal="14" aperture="4" distance="1000" k1="-0.8299" k2="0.1039" k3="0.0798"/>
            <vignetting model="pa" focal="14" aperture="5.6" distance="10" k1="-0.9446" k2="0.5688" k3="-0.2059"/>
            <vignetting model="pa" focal="14" aperture="5.6" distance="1000" k1="-0.9446" k2="0.5688" k3="-0.2059"/>
            <vignetting model="pa" focal="14" aperture="8" distance="10" k1="-0.9367" k2="0.5144" k3="-0.1402"/>
            <vignetting model="pa" focal="14" aperture="8" distance="1000" k1="-0.9367" k2="0.5144" k3="-0.1402"/>
            <vignetting model="pa" focal="14" aperture="11" distance="10" k1="-0.9377" k2="0.5142" k3="-0.1405"/>
            <vignetting model="pa" focal="14" aperture="11" distance="1000" k1="-0.9377" k2="0.5142" k3="-0.1405"/>
            <vignetting model="pa" focal="14" aperture="16" distance="10" k1="-0.9409" k2="0.5209" k3="-0.1460"/>
            <vignetting model="pa" focal="14" aperture="16" distance="1000" k1="-0.9409" k2="0.5209" k3="-0.1460"/>
            <vignetting model="pa" focal="14" aperture="22" distance="10" k1="-0.9398" k2="0.5132" k3="-0.1416"/>
            <vignetting model="pa" focal="14" aperture="22" distance="1000" k1="-0.9398" k2="0.5132" k3="-0.1416"/>
        </calibration>
    </lens>
    <lens>
        <maker>Fujifilm</maker>
        <model>XF16mmF1.4 R WR</model>
        <model lang="en">XF 16mm f/1.4 R WR</model>
        <mount>Fujifilm X</mount>
        <cropfactor>1.529</cropfactor>
        <calibration>
            <!-- Taken with Fujifilm X-T1 -->
            <distortion model="ptlens" focal="16" a="0.00071" b="-0.00085" c="-0.005909"/>
            <tca model="poly3" focal="16" br="-0.0000585" vr="1.0001524" bb="0.0000149" vb="0.9999698"/>
            <vignetting model="pa" focal="16" aperture="1.4" distance="10" k1="-1.4840" k2="1.2252" k3="-0.4670"/>
            <vignetting model="pa" focal="16" aperture="1.4" distance="1000" k1="-1.4840" k2="1.2252" k3="-0.4670"/>
            <vignetting model="pa" focal="16" aperture="2" distance="10" k1="-0.2881" k2="-0.5922" k3="0.3184"/>
            <vignetting model="pa" focal="16" aperture="2" distance="1000" k1="-0.2881" k2="-0.5922" k3="0.3184"/>
            <vignetting model="pa" focal="16" aperture="2.8" distance="10" k1="-0.5054" k2="0.2294" k3="-0.0910"/>
            <vignetting model="pa" focal="16" aperture="2.8" distance="1000" k1="-0.5054" k2="0.2294" k3="-0.0910"/>
            <vignetting model="pa" focal="16" aperture="4" distance="10" k1="-0.4919" k2="0.1660" k3="-0.0301"/>
            <vignetting model="pa" focal="16" aperture="4" distance="1000" k1="-0.4919" k2="0.1660" k3="-0.0301"/>
            <vignetting model="pa" focal="16" aperture="5.6" distance="10" k1="-0.4949" k2="0.1791" k3="-0.0439"/>
            <vignetting model="pa" focal="16" aperture="5.6" distance="1000" k1="-0.4949" k2="0.1791" k3="-0.0439"/>
            <vignetting model="pa" focal="16" aperture="8" distance="10" k1="-0.5018" k2="0.1913" k3="-0.0501"/>
            <vignetting model="pa" focal="16" aperture="8" distance="1000" k1="-0.5018" k2="0.1913" k3="-0.0501"/>
            <vignetting model="pa" focal="16" aperture="11" distance="10" k1="-0.5074" k2="0.2009" k3="-0.0563"/>
            <vignetting model="pa" focal="16" aperture="11" distance="1000" k1="-0.5074" k2="0.2009" k3="-0.0563"/>
            <vignetting model="pa" focal="16" aperture="16" distance="10" k1="-0.5182" k2="0.2205" k3="-0.0699"/>
            <vignetting model="pa" focal="16" aperture="16" distance="1000" k1="-0.5182" k2="0.2205" k3="-0.0699"/>
        </calibration>
    </lens>
    <lens>
        <maker>Fujifilm</maker>
        <model>XF23mmF2 R WR</model>
        <model lang="en">XF 23mm f/2 R WR</model>
        <mount>Fujifilm X</mount>
        <cropfactor>1.529</cropfactor>
        <calibration>
            <!-- Taken with Fujifilm X-T10 -->
            <!-- The target was not really trustworthy. -->
            <distortion model="ptlens" focal="23" a="0.0289722" b="-0.0763625" c="0.0493558"/>
            <tca model="poly3" focal="23" vr="1.0001000" vb="1.0003000"/>
        </calibration>
    </lens>
    <lens>
        <maker>Fujifilm</maker>
        <model>XF50mmF2 R WR</model>
        <model lang="en">XF 50mm f/2 R WR</model>
        <mount>Fujifilm X</mount>
        <cropfactor>1.528</cropfactor>
        <calibration>
            <!-- Taken with Fujifilm X-Pro2 -->
            <!-- Target was not optimal (broken sections of line) but results are probably ok -->
            <distortion model="poly3" focal="50" k1="0.00279448"/>
            <tca model="poly3" focal="50" vr="1.0001084" vb="0.9999234"/>
        </calibration>
    </lens>
    <lens>
        <maker>Fujifilm</maker>
        <model>XF56mmF1.2 R APD</model>
        <model lang="en">XF 56mm f/1.2 R APD</model>
        <mount>Fujifilm X</mount>
        <cropfactor>1.529</cropfactor>
        <calibration>
            <!-- Taken with Fujifilm X-T1 -->
            <distortion model="ptlens" focal="56" a="0.000434" b="-0.006427" c="0.018063"/>
            <tca model="poly3" focal="56" br="-0.0000190" vr="0.9999886" bb="0.0000222" vb="0.9999822"/>
            <vignetting model="pa" focal="56" aperture="1.2" distance="10" k1="-0.8282" k2="0.0167" k3="0.1553"/>
            <vignetting model="pa" focal="56" aperture="1.2" distance="1000" k1="-0.8282" k2="0.0167" k3="0.1553"/>
            <vignetting model="pa" focal="56" aperture="1.4" distance="10" k1="-0.5900" k2="-0.4423" k3="0.3965"/>
            <vignetting model="pa" focal="56" aperture="1.4" distance="1000" k1="-0.5900" k2="-0.4423" k3="0.3965"/>
            <vignetting model="pa" focal="56" aperture="2" distance="10" k1="-0.3774" k2="-0.0284" k3="-0.0732"/>
            <vignetting model="pa" focal="56" aperture="2" distance="1000" k1="-0.3774" k2="-0.0284" k3="-0.0732"/>
            <vignetting model="pa" focal="56" aperture="2.8" distance="10" k1="-0.3624" k2="0.1878" k3="-0.1172"/>
            <vignetting model="pa" focal="56" aperture="2.8" distance="1000" k1="-0.3624" k2="0.1878" k3="-0.1172"/>
            <vignetting model="pa" focal="56" aperture="4" distance="10" k1="-0.3657" k2="0.3219" k3="-0.1805"/>
            <vignetting model="pa" focal="56" aperture="4" distance="1000" k1="-0.3657" k2="0.3219" k3="-0.1805"/>
            <vignetting model="pa" focal="56" aperture="5.6" distance="10" k1="-0.3896" k2="0.4244" k3="-0.2330"/>
            <vignetting model="pa" focal="56" aperture="5.6" distance="1000" k1="-0.3896" k2="0.4244" k3="-0.2330"/>
            <vignetting model="pa" focal="56" aperture="8" distance="10" k1="-0.4132" k2="0.4879" k3="-0.2637"/>
            <vignetting model="pa" focal="56" aperture="8" distance="1000" k1="-0.4132" k2="0.4879" k3="-0.2637"/>
            <vignetting model="pa" focal="56" aperture="11" distance="10" k1="-0.4211" k2="0.5182" k3="-0.2812"/>
            <vignetting model="pa" focal="56" aperture="11" distance="1000" k1="-0.4211" k2="0.5182" k3="-0.2812"/>
            <vignetting model="pa" focal="56" aperture="16" distance="10" k1="-0.4315" k2="0.5217" k3="-0.2718"/>
            <vignetting model="pa" focal="56" aperture="16" distance="1000" k1="-0.4315" k2="0.5217" k3="-0.2718"/>
        </calibration>
    </lens>
    <lens>
        <maker>Fujifilm</maker>
        <model>XF16-55mmF2.8 R LM WR</model>
        <model lang="en">XF 16-55mm f/2.8 R LM WR</model>
        <mount>Fujifilm X</mount>
        <cropfactor>1.529</cropfactor>
        <calibration>
            <!-- Taken with Fujifilm X-T10 -->
            <distortion model="ptlens" focal="16" a="0.02551" b="-0.08802" c="0.02986"/>
            <distortion model="ptlens" focal="18.7" a="0.02639" b="-0.09371" c="0.06949"/>
            <distortion model="ptlens" focal="28.3" a="-0.00603" b="0.03552" c="-0.04632"/>
            <distortion model="ptlens" focal="35.3" a="0.00725" b="-0.00705" c="0.00456"/>
            <distortion model="ptlens" focal="55" a="0.02046" b="-0.05859" c="0.08192"/>
            <tca model="poly3" focal="16" br="-0.0002950" vr="1.0013143" bb="0.0002728" vb="0.9995741"/>
            <tca model="poly3" focal="18.7" br="-0.0002591" vr="1.0013211" bb="0.0002701" vb="0.9992707"/>
            <tca model="poly3" focal="28.3" br="-0.0002947" vr="1.0012029" bb="0.0003146" vb="0.9988996"/>
            <tca model="poly3" focal="35.3" br="-0.0003870" vr="1.0011116" bb="0.0003397" vb="0.9987853"/>
            <tca model="poly3" focal="55" br="-0.0003426" vr="1.0004456" bb="0.0002934" vb="0.9987352"/>
        </calibration>
    </lens>
    <lens>
        <maker>Fujifilm</maker>
        <model>XF56mmF1.2 R</model>
        <model lang="en">XF 56mm f/1.2 R</model>
        <mount>Fujifilm X</mount>
        <cropfactor>1.529</cropfactor>
        <calibration>
            <!-- Taken with Fujifilm X-E2 -->
            <distortion model="ptlens" focal="56" a="0.00239" b="-0.00767" c="0.00358"/>
            <tca model="poly3" focal="56" vr="1.0000116" vb="0.9999456"/>
        </calibration>
    </lens>
    <lens>
        <maker>Fujifilm</maker>
        <model>XF10-24mmF4 R OIS</model>
        <model lang="en">XF 10-24mm f/4 R OIS</model>
        <mount>Fujifilm X</mount>
        <cropfactor>1.529</cropfactor>
        <calibration>
            <!-- Taken with Fujifilm X-T10 -->
            <distortion model="ptlens" focal="10" a="0.01619" b="-0.07655" c="0.05816"/>
            <distortion model="ptlens" focal="12" a="-0.00089" b="-0.00928" c="0.00304"/>
            <distortion model="ptlens" focal="14.5" a="-0.00966" b="0.02255" c="-0.00776"/>
            <distortion model="ptlens" focal="18.2" a="-0.01658" b="0.04898" c="-0.0265"/>
            <distortion model="ptlens" focal="20" a="-0.02138" b="0.06476" c="-0.03966"/>
            <distortion model="ptlens" focal="24" a="-0.02363" b="0.07681" c="-0.05944"/>
            <tca model="poly3" focal="10" vr="1.0003928" vb="0.9999066"/>
            <tca model="poly3" focal="12" vr="1.0003642" vb="0.9999359"/>
            <tca model="poly3" focal="14.5" vr="1.0001902" vb="1.0000327"/>
            <tca model="poly3" focal="18.2" vr="1.0000632" vb="1.0001139"/>
            <tca model="poly3" focal="20" vr="1.0000037" vb="1.0001642"/>
            <tca model="poly3" focal="24" vr="0.9999651" vb="1.0001861"/>
            <!-- Taken with Fujifilm X-T1 -->
            <vignetting model="pa" focal="10" aperture="4" distance="10" k1="-0.9106" k2="0.4474" k3="-0.2553"/>
            <vignetting model="pa" focal="10" aperture="4" distance="1000" k1="-0.9106" k2="0.4474" k3="-0.2553"/>
            <vignetting model="pa" focal="10" aperture="5.6" distance="10" k1="-0.9856" k2="0.6448" k3="-0.2750"/>
            <vignetting model="pa" focal="10" aperture="5.6" distance="1000" k1="-0.9856" k2="0.6448" k3="-0.2750"/>
            <vignetting model="pa" focal="10" aperture="8" distance="10" k1="-0.9675" k2="0.5333" k3="-0.1478"/>
            <vignetting model="pa" focal="10" aperture="8" distance="1000" k1="-0.9675" k2="0.5333" k3="-0.1478"/>
            <vignetting model="pa" focal="10" aperture="11" distance="10" k1="-0.9726" k2="0.5383" k3="-0.1478"/>
            <vignetting model="pa" focal="10" aperture="11" distance="1000" k1="-0.9726" k2="0.5383" k3="-0.1478"/>
            <vignetting model="pa" focal="10" aperture="16" distance="10" k1="-0.9785" k2="0.5520" k3="-0.1555"/>
            <vignetting model="pa" focal="10" aperture="16" distance="1000" k1="-0.9785" k2="0.5520" k3="-0.1555"/>
            <vignetting model="pa" focal="10" aperture="22" distance="10" k1="-0.9860" k2="0.5714" k3="-0.1678"/>
            <vignetting model="pa" focal="10" aperture="22" distance="1000" k1="-0.9860" k2="0.5714" k3="-0.1678"/>
            <vignetting model="pa" focal="12" aperture="4" distance="10" k1="-0.7298" k2="-0.0073" k3="0.1174"/>
            <vignetting model="pa" focal="12" aperture="4" distance="1000" k1="-0.7298" k2="-0.0073" k3="0.1174"/>
            <vignetting model="pa" focal="12" aperture="5.6" distance="10" k1="-0.8538" k2="0.4451" k3="-0.1533"/>
            <vignetting model="pa" focal="12" aperture="5.6" distance="1000" k1="-0.8538" k2="0.4451" k3="-0.1533"/>
            <vignetting model="pa" focal="12" aperture="8" distance="10" k1="-0.8639" k2="0.4104" k3="-0.0776"/>
            <vignetting model="pa" focal="12" aperture="8" distance="1000" k1="-0.8639" k2="0.4104" k3="-0.0776"/>
            <vignetting model="pa" focal="12" aperture="11" distance="10" k1="-0.8816" k2="0.4504" k3="-0.1009"/>
            <vignetting model="pa" focal="12" aperture="11" distance="1000" k1="-0.8816" k2="0.4504" k3="-0.1009"/>
            <vignetting model="pa" focal="12" aperture="16" distance="10" k1="-0.8910" k2="0.4688" k3="-0.1105"/>
            <vignetting model="pa" focal="12" aperture="16" distance="1000" k1="-0.8910" k2="0.4688" k3="-0.1105"/>
            <vignetting model="pa" focal="12" aperture="22" distance="10" k1="-0.8949" k2="0.4734" k3="-0.1112"/>
            <vignetting model="pa" focal="12" aperture="22" distance="1000" k1="-0.8949" k2="0.4734" k3="-0.1112"/>
            <vignetting model="pa" focal="15.1" aperture="4" distance="10" k1="-0.6666" k2="-0.0865" k3="0.1899"/>
            <vignetting model="pa" focal="15.1" aperture="4" distance="1000" k1="-0.6666" k2="-0.0865" k3="0.1899"/>
            <vignetting model="pa" focal="15.1" aperture="5.6" distance="10" k1="-0.7945" k2="0.4359" k3="-0.1388"/>
            <vignetting model="pa" focal="15.1" aperture="5.6" distance="1000" k1="-0.7945" k2="0.4359" k3="-0.1388"/>
            <vignetting model="pa" focal="15.1" aperture="8" distance="10" k1="-0.7992" k2="0.3932" k3="-0.0619"/>
            <vignetting model="pa" focal="15.1" aperture="8" distance="1000" k1="-0.7992" k2="0.3932" k3="-0.0619"/>
            <vignetting model="pa" focal="15.1" aperture="11" distance="10" k1="-0.8237" k2="0.4454" k3="-0.0919"/>
            <vignetting model="pa" focal="15.1" aperture="11" distance="1000" k1="-0.8237" k2="0.4454" k3="-0.0919"/>
            <vignetting model="pa" focal="15.1" aperture="16" distance="10" k1="-0.8445" k2="0.4964" k3="-0.1230"/>
            <vignetting model="pa" focal="15.1" aperture="16" distance="1000" k1="-0.8445" k2="0.4964" k3="-0.1230"/>
            <vignetting model="pa" focal="15.1" aperture="22" distance="10" k1="-0.8381" k2="0.4757" k3="-0.1077"/>
            <vignetting model="pa" focal="15.1" aperture="22" distance="1000" k1="-0.8381" k2="0.4757" k3="-0.1077"/>
            <vignetting model="pa" focal="17.4" aperture="4" distance="10" k1="-0.6536" k2="0.0105" k3="0.1229"/>
            <vignetting model="pa" focal="17.4" aperture="4" distance="1000" k1="-0.6536" k2="0.0105" k3="0.1229"/>
            <vignetting model="pa" focal="17.4" aperture="5.6" distance="10" k1="-0.7661" k2="0.4285" k3="-0.1159"/>
            <vignetting model="pa" focal="17.4" aperture="5.6" distance="1000" k1="-0.7661" k2="0.4285" k3="-0.1159"/>
            <vignetting model="pa" focal="17.4" aperture="8" distance="10" k1="-0.7705" k2="0.3956" k3="-0.0598"/>
            <vignetting model="pa" focal="17.4" aperture="8" distance="1000" k1="-0.7705" k2="0.3956" k3="-0.0598"/>
            <vignetting model="pa" focal="17.4" aperture="11" distance="10" k1="-0.7932" k2="0.4454" k3="-0.0879"/>
            <vignetting model="pa" focal="17.4" aperture="11" distance="1000" k1="-0.7932" k2="0.4454" k3="-0.0879"/>
            <vignetting model="pa" focal="17.4" aperture="16" distance="10" k1="-0.8142" k2="0.4905" k3="-0.1130"/>
            <vignetting model="pa" focal="17.4" aperture="16" distance="1000" k1="-0.8142" k2="0.4905" k3="-0.1130"/>
            <vignetting model="pa" focal="17.4" aperture="22" distance="10" k1="-0.8149" k2="0.4980" k3="-0.1192"/>
            <vignetting model="pa" focal="17.4" aperture="22" distance="1000" k1="-0.8149" k2="0.4980" k3="-0.1192"/>
            <vignetting model="pa" focal="20.9" aperture="4" distance="10" k1="-0.5989" k2="-0.1442" k3="0.2539"/>
            <vignetting model="pa" focal="20.9" aperture="4" distance="1000" k1="-0.5989" k2="-0.1442" k3="0.2539"/>
            <vignetting model="pa" focal="20.9" aperture="5.6" distance="10" k1="-0.7231" k2="0.4272" k3="-0.1237"/>
            <vignetting model="pa" focal="20.9" aperture="5.6" distance="1000" k1="-0.7231" k2="0.4272" k3="-0.1237"/>
            <vignetting model="pa" focal="20.9" aperture="8" distance="10" k1="-0.7228" k2="0.3832" k3="-0.0601"/>
            <vignetting model="pa" focal="20.9" aperture="8" distance="1000" k1="-0.7228" k2="0.3832" k3="-0.0601"/>
            <vignetting model="pa" focal="20.9" aperture="11" distance="10" k1="-0.7457" k2="0.4228" k3="-0.0772"/>
            <vignetting model="pa" focal="20.9" aperture="11" distance="1000" k1="-0.7457" k2="0.4228" k3="-0.0772"/>
            <vignetting model="pa" focal="20.9" aperture="16" distance="10" k1="-0.7613" k2="0.4554" k3="-0.0956"/>
            <vignetting model="pa" focal="20.9" aperture="16" distance="1000" k1="-0.7613" k2="0.4554" k3="-0.0956"/>
            <vignetting model="pa" focal="20.9" aperture="22" distance="10" k1="-0.7684" k2="0.4648" k3="-0.0973"/>
            <vignetting model="pa" focal="20.9" aperture="22" distance="1000" k1="-0.7684" k2="0.4648" k3="-0.0973"/>
            <vignetting model="pa" focal="24" aperture="4" distance="10" k1="-0.5854" k2="-0.1222" k3="0.2468"/>
            <vignetting model="pa" focal="24" aperture="4" distance="1000" k1="-0.5854" k2="-0.1222" k3="0.2468"/>
            <vignetting model="pa" focal="24" aperture="5.6" distance="10" k1="-0.6757" k2="0.3803" k3="-0.1044"/>
            <vignetting model="pa" focal="24" aperture="5.6" distance="1000" k1="-0.6757" k2="0.3803" k3="-0.1044"/>
            <vignetting model="pa" focal="24" aperture="8" distance="10" k1="-0.6846" k2="0.3553" k3="-0.0397"/>
            <vignetting model="pa" focal="24" aperture="8" distance="1000" k1="-0.6846" k2="0.3553" k3="-0.0397"/>
            <vignetting model="pa" focal="24" aperture="11" distance="10" k1="-0.7040" k2="0.3961" k3="-0.0639"/>
            <vignetting model="pa" focal="24" aperture="11" distance="1000" k1="-0.7040" k2="0.3961" k3="-0.0639"/>
            <vignetting model="pa" focal="24" aperture="16" distance="10" k1="-0.7191" k2="0.4244" k3="-0.0786"/>
            <vignetting model="pa" focal="24" aperture="16" distance="1000" k1="-0.7191" k2="0.4244" k3="-0.0786"/>
            <vignetting model="pa" focal="24" aperture="22" distance="10" k1="-0.7243" k2="0.4278" k3="-0.0766"/>
            <vignetting model="pa" focal="24" aperture="22" distance="1000" k1="-0.7243" k2="0.4278" k3="-0.0766"/>
        </calibration>
    </lens>
    <lens>
        <maker>Fujifilm</maker>
        <model>XF18-135mmF3.5-5.6R LM OIS WR</model>
        <model lang="en">XF 18-135mm f/3.5-5.6R LM OIS WR</model>
        <mount>Fujifilm X</mount>
        <cropfactor>1.529</cropfactor>
        <calibration>
            <!-- Taken with Fujifilm X-T1 -->
            <distortion model="ptlens" focal="18" a="0.01941" b="-0.06675" c="0.0182"/>
            <distortion model="ptlens" focal="23.3" a="0.02157" b="-0.06615" c="0.0498"/>
            <distortion model="ptlens" focal="32.6" a="0.0121" b="-0.02671" c="0.01745"/>
            <distortion model="ptlens" focal="36.6" a="0.00095" b="0.00464" c="-0.00262"/>
            <distortion model="ptlens" focal="49.4" a="0.01018" b="-0.0215" c="0.02094"/>
            <distortion model="ptlens" focal="66.2" a="0.00047" b="0.00047" c="0.01288"/>
            <distortion model="ptlens" focal="88.2" a="-0.00663" b="0.02638" c="-0.02265"/>
            <distortion model="ptlens" focal="98.6" a="0.00243" b="-0.00754" c="0.01607"/>
            <distortion model="ptlens" focal="135" a="0.02188" b="-0.06638" c="0.06834"/>
            <tca model="poly3" focal="18" vr="1.0005311" vb="1.0000593"/>
            <tca model="poly3" focal="23.3" vr="1.0001611" vb="1.0001960"/>
            <tca model="poly3" focal="32.6" vr="1.0000350" vb="1.0003320"/>
            <tca model="poly3" focal="36.6" vr="1.0000125" vb="1.0002991"/>
            <tca model="poly3" focal="49.4" vr="1.0000246" vb="1.0000648"/>
            <tca model="poly3" focal="52.4" vr="1.0000208" vb="1.0000512"/>
            <tca model="poly3" focal="70.2" vr="1.0000080" vb="0.9998932"/>
            <tca model="poly3" focal="88.2" vr="0.9998601" vb="0.9998080"/>
            <tca model="poly3" focal="93.2" vr="0.9998528" vb="0.9998364"/>
            <tca model="poly3" focal="98.6" vr="0.9998614" vb="0.9997719"/>
            <tca model="poly3" focal="135" vr="0.9994228" vb="0.9998818"/>
            <vignetting model="pa" focal="18" aperture="3.5" distance="10" k1="0.0088" k2="-1.0364" k3="0.3033"/>
            <vignetting model="pa" focal="18" aperture="3.5" distance="1000" k1="0.0088" k2="-1.0364" k3="0.3033"/>
            <vignetting model="pa" focal="18" aperture="5.6" distance="10" k1="-0.4149" k2="0.5907" k3="-0.7285"/>
            <vignetting model="pa" focal="18" aperture="5.6" distance="1000" k1="-0.4149" k2="0.5907" k3="-0.7285"/>
            <vignetting model="pa" focal="18" aperture="8" distance="10" k1="-0.5591" k2="0.9937" k3="-0.9320"/>
            <vignetting model="pa" focal="18" aperture="8" distance="1000" k1="-0.5591" k2="0.9937" k3="-0.9320"/>
            <vignetting model="pa" focal="18" aperture="16" distance="10" k1="-0.4701" k2="0.5359" k3="-0.4458"/>
            <vignetting model="pa" focal="18" aperture="16" distance="1000" k1="-0.4701" k2="0.5359" k3="-0.4458"/>
            <vignetting model="pa" focal="18" aperture="20" distance="10" k1="-0.4267" k2="0.3431" k3="-0.2523"/>
            <vignetting model="pa" focal="18" aperture="20" distance="1000" k1="-0.4267" k2="0.3431" k3="-0.2523"/>
            <vignetting model="pa" focal="22.4" aperture="4" distance="10" k1="-0.3607" k2="0.4741" k3="-0.5737"/>
            <vignetting model="pa" focal="22.4" aperture="4" distance="1000" k1="-0.3607" k2="0.4741" k3="-0.5737"/>
            <vignetting model="pa" focal="22.4" aperture="5.6" distance="10" k1="-0.3521" k2="0.5198" k3="-0.4770"/>
            <vignetting model="pa" focal="22.4" aperture="5.6" distance="1000" k1="-0.3521" k2="0.5198" k3="-0.4770"/>
            <vignetting model="pa" focal="22.4" aperture="8" distance="10" k1="-0.3126" k2="0.3319" k3="-0.2598"/>
            <vignetting model="pa" focal="22.4" aperture="8" distance="1000" k1="-0.3126" k2="0.3319" k3="-0.2598"/>
            <vignetting model="pa" focal="22.4" aperture="16" distance="10" k1="-0.3903" k2="0.4285" k3="-0.2353"/>
            <vignetting model="pa" focal="22.4" aperture="16" distance="1000" k1="-0.3903" k2="0.4285" k3="-0.2353"/>
            <vignetting model="pa" focal="22.4" aperture="22" distance="10" k1="-0.1827" k2="-0.1746" k3="0.1626"/>
            <vignetting model="pa" focal="22.4" aperture="22" distance="1000" k1="-0.1827" k2="-0.1746" k3="0.1626"/>
            <vignetting model="pa" focal="32.6" aperture="4.3" distance="10" k1="-0.4155" k2="0.9589" k3="-0.9222"/>
            <vignetting model="pa" focal="32.6" aperture="4.3" distance="1000" k1="-0.4155" k2="0.9589" k3="-0.9222"/>
            <vignetting model="pa" focal="32.6" aperture="5.6" distance="10" k1="-0.4612" k2="1.0807" k3="-0.8684"/>
            <vignetting model="pa" focal="32.6" aperture="5.6" distance="1000" k1="-0.4612" k2="1.0807" k3="-0.8684"/>
            <vignetting model="pa" focal="32.6" aperture="8" distance="10" k1="-0.3536" k2="0.6799" k3="-0.4775"/>
            <vignetting model="pa" focal="32.6" aperture="8" distance="1000" k1="-0.3536" k2="0.6799" k3="-0.4775"/>
            <vignetting model="pa" focal="32.6" aperture="16" distance="10" k1="-0.2545" k2="0.3042" k3="-0.1457"/>
            <vignetting model="pa" focal="32.6" aperture="16" distance="1000" k1="-0.2545" k2="0.3042" k3="-0.1457"/>
            <vignetting model="pa" focal="32.6" aperture="22" distance="10" k1="-0.2641" k2="0.3190" k3="-0.1557"/>
            <vignetting model="pa" focal="32.6" aperture="22" distance="1000" k1="-0.2641" k2="0.3190" k3="-0.1557"/>
            <vignetting model="pa" focal="52.4" aperture="5" distance="10" k1="-0.2140" k2="0.6959" k3="-0.8707"/>
            <vignetting model="pa" focal="52.4" aperture="5" distance="1000" k1="-0.2140" k2="0.6959" k3="-0.8707"/>
            <vignetting model="pa" focal="52.4" aperture="6.4" distance="10" k1="-0.3004" k2="0.8921" k3="-0.8794"/>
            <vignetting model="pa" focal="52.4" aperture="6.4" distance="1000" k1="-0.3004" k2="0.8921" k3="-0.8794"/>
            <vignetting model="pa" focal="52.4" aperture="8" distance="10" k1="-0.2886" k2="0.7815" k3="-0.7054"/>
            <vignetting model="pa" focal="52.4" aperture="8" distance="1000" k1="-0.2886" k2="0.7815" k3="-0.7054"/>
            <vignetting model="pa" focal="52.4" aperture="16" distance="10" k1="-0.1454" k2="0.1258" k3="-0.0758"/>
            <vignetting model="pa" focal="52.4" aperture="16" distance="1000" k1="-0.1454" k2="0.1258" k3="-0.0758"/>
            <vignetting model="pa" focal="52.4" aperture="22" distance="10" k1="-0.1601" k2="0.1164" k3="-0.0615"/>
            <vignetting model="pa" focal="52.4" aperture="22" distance="1000" k1="-0.1601" k2="0.1164" k3="-0.0615"/>
            <vignetting model="pa" focal="70.2" aperture="5.3" distance="10" k1="-0.1213" k2="0.4060" k3="-0.6625"/>
            <vignetting model="pa" focal="70.2" aperture="5.3" distance="1000" k1="-0.1213" k2="0.4060" k3="-0.6625"/>
            <vignetting model="pa" focal="70.2" aperture="8" distance="10" k1="-0.3224" k2="0.9035" k3="-0.7999"/>
            <vignetting model="pa" focal="70.2" aperture="8" distance="1000" k1="-0.3224" k2="0.9035" k3="-0.7999"/>
            <vignetting model="pa" focal="70.2" aperture="11" distance="10" k1="-0.2728" k2="0.5688" k3="-0.4179"/>
            <vignetting model="pa" focal="70.2" aperture="11" distance="1000" k1="-0.2728" k2="0.5688" k3="-0.4179"/>
            <vignetting model="pa" focal="70.2" aperture="16" distance="10" k1="-0.2154" k2="0.3578" k3="-0.2371"/>
            <vignetting model="pa" focal="70.2" aperture="16" distance="1000" k1="-0.2154" k2="0.3578" k3="-0.2371"/>
            <vignetting model="pa" focal="70.2" aperture="22" distance="10" k1="-0.2213" k2="0.3836" k3="-0.2591"/>
            <vignetting model="pa" focal="70.2" aperture="22" distance="1000" k1="-0.2213" k2="0.3836" k3="-0.2591"/>
            <vignetting model="pa" focal="93.2" aperture="5.6" distance="10" k1="0.0111" k2="-0.1721" k3="-0.2157"/>
            <vignetting model="pa" focal="93.2" aperture="5.6" distance="1000" k1="0.0111" k2="-0.1721" k3="-0.2157"/>
            <vignetting model="pa" focal="93.2" aperture="8" distance="10" k1="-0.2357" k2="0.6739" k3="-0.7121"/>
            <vignetting model="pa" focal="93.2" aperture="8" distance="1000" k1="-0.2357" k2="0.6739" k3="-0.7121"/>
            <vignetting model="pa" focal="93.2" aperture="11" distance="10" k1="-0.3122" k2="0.7110" k3="-0.5602"/>
            <vignetting model="pa" focal="93.2" aperture="11" distance="1000" k1="-0.3122" k2="0.7110" k3="-0.5602"/>
            <vignetting model="pa" focal="93.2" aperture="16" distance="10" k1="-0.2389" k2="0.3517" k3="-0.2082"/>
            <vignetting model="pa" focal="93.2" aperture="16" distance="1000" k1="-0.2389" k2="0.3517" k3="-0.2082"/>
            <vignetting model="pa" focal="93.2" aperture="22" distance="10" k1="-0.2260" k2="0.2950" k3="-0.1597"/>
            <vignetting model="pa" focal="93.2" aperture="22" distance="1000" k1="-0.2260" k2="0.2950" k3="-0.1597"/>
            <vignetting model="pa" focal="135" aperture="5.6" distance="10" k1="-0.0763" k2="-0.7617" k3="0.3866"/>
            <vignetting model="pa" focal="135" aperture="5.6" distance="1000" k1="-0.0763" k2="-0.7617" k3="0.3866"/>
            <vignetting model="pa" focal="135" aperture="8" distance="10" k1="-0.0713" k2="0.0839" k3="-0.3096"/>
            <vignetting model="pa" focal="135" aperture="8" distance="1000" k1="-0.0713" k2="0.0839" k3="-0.3096"/>
            <vignetting model="pa" focal="135" aperture="11" distance="10" k1="-0.2862" k2="0.6522" k3="-0.5513"/>
            <vignetting model="pa" focal="135" aperture="11" distance="1000" k1="-0.2862" k2="0.6522" k3="-0.5513"/>
            <vignetting model="pa" focal="135" aperture="16" distance="10" k1="-0.1849" k2="0.2127" k3="-0.1223"/>
            <vignetting model="pa" focal="135" aperture="16" distance="1000" k1="-0.1849" k2="0.2127" k3="-0.1223"/>
            <vignetting model="pa" focal="135" aperture="22" distance="10" k1="-0.1240" k2="0.0245" k3="0.0001"/>
            <vignetting model="pa" focal="135" aperture="22" distance="1000" k1="-0.1240" k2="0.0245" k3="0.0001"/>
        </calibration>
    </lens>
    <lens>
        <maker>Fujifilm</maker>
        <model>XF100-400mmF4.5-5.6 R LM OIS WR</model>
        <model lang="en">XF 100-400mm f/4.5-5.6 R LM OIS WR</model>
        <mount>Fujifilm X</mount>
        <cropfactor>1.529</cropfactor>
        <calibration>
            <!-- Taken with Fujifilm X-T20 -->
            <distortion model="poly3" focal="100" k1="0.00912075"/>
            <distortion model="poly3" focal="132.9" k1="0.011199"/>
            <distortion model="poly3" focal="196.6" k1="0.0114238"/>
            <distortion model="poly3" focal="290.6" k1="0.0116749"/>
            <distortion model="poly3" focal="400" k1="0.0108754"/>
            <tca model="poly3" focal="100" vr="1.00030" vb="1.00000"/>
            <tca model="poly3" focal="132.9" vr="1.00010" vb="1.00000"/>
            <tca model="poly3" focal="196.6" vr="0.99990" vb="0.99990"/>
            <tca model="poly3" focal="290.6" vr="0.99970" vb="0.99990"/>
            <tca model="poly3" focal="400" vr="0.99950" vb="0.99980"/>
        </calibration>
    </lens>
    <lens>
        <maker>Fujifilm</maker>
        <model>XF100-400mmF4.5-5.6 R LM OIS WR + 1.4x converter</model>
        <model lang="en">XF 100-400mm f/4.5-5.6 R LM OIS WR + 1.4× conv.</model>
        <model lang="de">XF 100-400mm f/4.5-5.6 R LM OIS WR + 1.4×-Konv.</model>
        <mount>Fujifilm X</mount>
        <cropfactor>1.529</cropfactor>
        <calibration>
            <!-- Taken with Fujifilm X-T20 -->
            <distortion model="ptlens" focal="140" a="-0.00910152" b="0.0158002" c="-0.00149072"/>
            <distortion model="ptlens" focal="179.6" a="-0.00888393" b="0.0194124" c="-0.0126484"/>
            <distortion model="ptlens" focal="265.6" a="-0.011946" b="0.0330465" c="-0.032717"/>
            <distortion model="ptlens" focal="406.8" a="-0.0146274" b="0.039903" c="-0.0372351"/>
            <distortion model="ptlens" focal="560" a="-0.0170416" b="0.0529422" c="-0.0613742"/>
            <tca model="poly3" focal="140" vr="1.00000" vb="1.00000"/>
            <tca model="poly3" focal="179.6" vr="1.00000" vb="0.99990"/>
            <tca model="poly3" focal="265.6" vr="0.99970" vb="0.99980"/>
            <tca model="poly3" focal="406.8" vr="0.99950" vb="0.99970"/>
            <tca model="poly3" focal="560" vr="0.99930" vb="0.99950"/>
        </calibration>
    </lens>
</lensdatabase>
