<lensdatabase version="1">
    <camera>
        <maker>Sigma</maker>
        <model>sd Quattro</model>
        <mount>Sigma SA</mount>
        <cropfactor>1.523</cropfactor>
    </camera>
    <lens>
        <maker>Sigma</maker>
        <model>E 30mm f/2.8</model>
        <model lang="en">Sigma 30mm f/2.8 EX DN</model>
        <mount>Sony E</mount>
        <mount>Micro 4/3 System</mount>
        <cropfactor>1.534</cropfactor>
        <calibration>
            <!-- Taken with NEX-C3 -->
            <distortion model="poly3" focal="30" k1="-0.00329"/>
            <tca model="poly3" focal="30" br="-0.0000696" vr="1.0003379" bb="0.0001188" vb="0.9998102"/>
            <vignetting model="pa" focal="30" aperture="2.8" distance="10" k1="-0.7946" k2="0.5729" k3="-0.1713"/>
            <vignetting model="pa" focal="30" aperture="2.8" distance="1000" k1="-0.7946" k2="0.5729" k3="-0.1713"/>
            <vignetting model="pa" focal="30" aperture="4" distance="10" k1="-0.3097" k2="-0.3089" k3="0.2307"/>
            <vignetting model="pa" focal="30" aperture="4" distance="1000" k1="-0.3097" k2="-0.3089" k3="0.2307"/>
            <vignetting model="pa" focal="30" aperture="5.6" distance="10" k1="-0.6172" k2="0.5891" k3="-0.2868"/>
            <vignetting model="pa" focal="30" aperture="5.6" distance="1000" k1="-0.6172" k2="0.5891" k3="-0.2868"/>
        </calibration>
    </lens>
    <lens>
        <maker>Sigma</maker>
        <model>Sigma 30mm f/2.8 EX DN</model>
        <mount>Sony E</mount>
        <mount>Micro 4/3 System</mount>
        <cropfactor>2</cropfactor>
        <aspect-ratio>4:3</aspect-ratio>
        <calibration>
            <!-- Taken with OMD E-M5 -->
            <distortion model="poly3" focal="30" k1="-0.00454"/>
        </calibration>
    </lens>
    <lens>
        <maker>Sigma</maker>
        <model>Sigma 19mm f/2.8 EX DN</model>
        <mount>Sony E</mount>
        <mount>Micro 4/3 System</mount>
        <cropfactor>2</cropfactor>
        <aspect-ratio>4:3</aspect-ratio>
        <calibration>
            <!-- Taken with OMD E-M5 -->
            <distortion model="ptlens" focal="19" a="0.00475" b="-0.01706" c="0.00298"/>
        </calibration>
    </lens>
    <lens>
        <maker>Sigma</maker>
        <model>Sigma 19mm f/2.8 EX DN</model>
        <mount>Sony E</mount>
        <mount>Micro 4/3 System</mount>
        <cropfactor>1.534</cropfactor>
        <calibration>
            <!-- Taken with Sony A6000 -->
            <distortion model="ptlens" focal="19" a="0.02766" b="-0.0877" c="0.06882"/>
            <tca model="poly3" focal="19" br="-0.0000466" vr="1.0003817" bb="0.0000346" vb="1.0000194"/>
        </calibration>
    </lens>
    <lens>
        <maker>Sigma</maker>
        <model>Sigma 60mm f/2.8 DN</model>
        <mount>Sony E</mount>
        <mount>Micro 4/3 System</mount>
        <cropfactor>2</cropfactor>
        <aspect-ratio>4:3</aspect-ratio>
        <calibration>
            <!-- Taken with OMD E-M5 -->
            <distortion model="poly3" focal="60" k1="0.00275"/>
            <!-- No measurable TCA -->
            <tca model="poly3" focal="60"/>
        </calibration>
    </lens>
    <lens>
        <!-- Identifies itself at Sony cameras as “E 19mm F2.8”. -->
        <maker>Sigma</maker>
        <model>Sigma 19mm f/2.8 DN</model>
        <mount>Sony E</mount>
        <mount>Micro 4/3 System</mount>
        <cropfactor>1.534</cropfactor>
        <calibration>
            <!-- Taken with Sony A6000 -->
            <distortion model="ptlens" focal="19" a="0.015" b="-0.046" c="0.024"/>
            <tca model="poly3" focal="19" br="-0.0000429" vr="1.0002002" bb="0.0000600" vb="0.9999543"/>
            <vignetting model="pa" focal="19" aperture="2.8" distance="10" k1="-0.9506" k2="0.8975" k3="-0.3905"/>
            <vignetting model="pa" focal="19" aperture="2.8" distance="1000" k1="-0.9506" k2="0.8975" k3="-0.3905"/>
            <vignetting model="pa" focal="19" aperture="4" distance="10" k1="-0.4777" k2="-0.1800" k3="0.2351"/>
            <vignetting model="pa" focal="19" aperture="4" distance="1000" k1="-0.4777" k2="-0.1800" k3="0.2351"/>
            <vignetting model="pa" focal="19" aperture="8" distance="10" k1="-0.4955" k2="0.3092" k3="-0.1559"/>
            <vignetting model="pa" focal="19" aperture="8" distance="1000" k1="-0.4955" k2="0.3092" k3="-0.1559"/>
            <vignetting model="pa" focal="19" aperture="13" distance="10" k1="-0.4758" k2="0.2070" k3="-0.0488"/>
            <vignetting model="pa" focal="19" aperture="13" distance="1000" k1="-0.4758" k2="0.2070" k3="-0.0488"/>
            <vignetting model="pa" focal="19" aperture="18" distance="10" k1="-0.4840" k2="0.2244" k3="-0.0602"/>
            <vignetting model="pa" focal="19" aperture="18" distance="1000" k1="-0.4840" k2="0.2244" k3="-0.0602"/>
            <vignetting model="pa" focal="19" aperture="22" distance="10" k1="-0.4849" k2="0.2236" k3="-0.0597"/>
            <vignetting model="pa" focal="19" aperture="22" distance="1000" k1="-0.4849" k2="0.2236" k3="-0.0597"/>
        </calibration>
    </lens>
    <lens>
        <maker>Sigma</maker>
        <model>Sigma 19mm f/2.8 DN</model>
        <mount>Micro 4/3 System</mount>
        <mount>Sony E</mount>
        <cropfactor>2</cropfactor>
        <aspect-ratio>4:3</aspect-ratio>
        <calibration>
            <!-- Taken with OMD E-PL3 -->
            <distortion model="poly3" focal="19" k1="-0.00656"/>
            <tca model="poly3" focal="19" br="0.0000179" vr="1.0004833" bb="0.0000497" vb="0.9999659"/>
            <vignetting model="pa" focal="19" aperture="2.8" distance="10" k1="-0.8505" k2="0.7338" k3="-0.3257"/>
            <vignetting model="pa" focal="19" aperture="2.8" distance="1000" k1="-0.8505" k2="0.7338" k3="-0.3257"/>
            <vignetting model="pa" focal="19" aperture="3.2" distance="10" k1="-0.8111" k2="0.5574" k3="-0.2042"/>
            <vignetting model="pa" focal="19" aperture="3.2" distance="1000" k1="-0.8111" k2="0.5574" k3="-0.2042"/>
            <vignetting model="pa" focal="19" aperture="3.5" distance="10" k1="-0.4141" k2="-0.2053" k3="0.2060"/>
            <vignetting model="pa" focal="19" aperture="3.5" distance="1000" k1="-0.4141" k2="-0.2053" k3="0.2060"/>
            <vignetting model="pa" focal="19" aperture="4" distance="10" k1="-0.2906" k2="-0.2445" k3="0.1612"/>
            <vignetting model="pa" focal="19" aperture="4" distance="1000" k1="-0.2906" k2="-0.2445" k3="0.1612"/>
            <vignetting model="pa" focal="19" aperture="4.5" distance="10" k1="-0.3708" k2="0.0713" k3="-0.0506"/>
            <vignetting model="pa" focal="19" aperture="4.5" distance="1000" k1="-0.3708" k2="0.0713" k3="-0.0506"/>
            <vignetting model="pa" focal="19" aperture="5" distance="10" k1="-0.4144" k2="0.1900" k3="-0.0941"/>
            <vignetting model="pa" focal="19" aperture="5" distance="1000" k1="-0.4144" k2="0.1900" k3="-0.0941"/>
            <vignetting model="pa" focal="19" aperture="5.6" distance="10" k1="-0.3772" k2="0.0907" k3="-0.0155"/>
            <vignetting model="pa" focal="19" aperture="5.6" distance="1000" k1="-0.3772" k2="0.0907" k3="-0.0155"/>
            <vignetting model="pa" focal="19" aperture="6.3" distance="10" k1="-0.3456" k2="0.0248" k3="0.0258"/>
            <vignetting model="pa" focal="19" aperture="6.3" distance="1000" k1="-0.3456" k2="0.0248" k3="0.0258"/>
            <vignetting model="pa" focal="19" aperture="22" distance="10" k1="-0.4123" k2="0.1070" k3="-0.0016"/>
            <vignetting model="pa" focal="19" aperture="22" distance="1000" k1="-0.4123" k2="0.1070" k3="-0.0016"/>
        </calibration>
    </lens>
    <lens>
        <maker>Sigma</maker>
        <model>30mm f/1.4 DC DN | Contemporary 016</model>
        <model lang="en">30mm f/1.4 DC DN</model>
        <mount>Sony E</mount>
        <mount>Micro 4/3 System</mount>
        <cropfactor>1.534</cropfactor>
        <calibration>
            <!-- Taken with Sony 6000 (ILCE-6000) -->
            <distortion model="ptlens" focal="30" a="-0.00399" b="-0.00701" c="-0.00069"/>
            <tca model="poly3" focal="30" br="-0.0000662" vr="1.0002242" bb="0.0001122" vb="0.9999295"/>
            <vignetting model="pa" focal="30" aperture="1.4" distance="10" k1="-0.7397" k2="0.2898" k3="-0.0725"/>
            <vignetting model="pa" focal="30" aperture="1.4" distance="1000" k1="-0.7397" k2="0.2898" k3="-0.0725"/>
            <vignetting model="pa" focal="30" aperture="2" distance="10" k1="-0.0294" k2="-0.7454" k3="0.3732"/>
            <vignetting model="pa" focal="30" aperture="2" distance="1000" k1="-0.0294" k2="-0.7454" k3="0.3732"/>
            <vignetting model="pa" focal="30" aperture="2.8" distance="10" k1="-0.2530" k2="0.3830" k3="-0.3861"/>
            <vignetting model="pa" focal="30" aperture="2.8" distance="1000" k1="-0.2530" k2="0.3830" k3="-0.3861"/>
            <vignetting model="pa" focal="30" aperture="4" distance="10" k1="-0.2194" k2="0.1395" k3="-0.0720"/>
            <vignetting model="pa" focal="30" aperture="4" distance="1000" k1="-0.2194" k2="0.1395" k3="-0.0720"/>
            <vignetting model="pa" focal="30" aperture="8" distance="10" k1="-0.2137" k2="0.1051" k3="-0.0333"/>
            <vignetting model="pa" focal="30" aperture="8" distance="1000" k1="-0.2137" k2="0.1051" k3="-0.0333"/>
            <vignetting model="pa" focal="30" aperture="13" distance="10" k1="-0.2189" k2="0.1170" k3="-0.0418"/>
            <vignetting model="pa" focal="30" aperture="13" distance="1000" k1="-0.2189" k2="0.1170" k3="-0.0418"/>
            <vignetting model="pa" focal="30" aperture="16" distance="10" k1="-0.2179" k2="0.1129" k3="-0.0401"/>
            <vignetting model="pa" focal="30" aperture="16" distance="1000" k1="-0.2179" k2="0.1129" k3="-0.0401"/>
        </calibration>
    </lens>
</lensdatabase>
