<lensdatabase version="1">
    <mount>
        <name>Hasselblad 500</name>
        <compat>Generic</compat>
    </mount>
    <mount>
        <name>Hasselblad H</name>
        <compat>Generic</compat>
    </mount>
    <camera>
        <maker>Hasselblad</maker>
        <model>Hasselblad 500 mech.</model>
        <mount>Hasselblad 500</mount>
        <cropfactor>0.66</cropfactor>
    </camera>
    <camera>
        <maker>Hasselblad</maker>
        <model>Hasselblad H3D</model>
        <mount>Hasselblad H</mount>
        <cropfactor>0.72</cropfactor>
    </camera>
</lensdatabase>
